o geometry_0
v 0.012134389951825142 0.01481845322996378 -0.11802145838737488
v 0.020022492855787277 -0.03239152580499649 -0.11414036899805069
v 0.0036567493807524443 -0.01894097775220871 -0.11495015770196915
v 0.03331524506211281 -0.015409302897751331 -0.1161571815609932
v 0.05140511691570282 0.010927551425993443 -0.11789664626121521
v 0.028951577842235565 0.027939720079302788 -0.11978652328252792
v 0.053279273211956024 0.035342395305633545 -0.12016446888446808
v 0.05020573362708092 -0.01135160867124796 -0.11683741211891174
v -0.034828875213861465 0.016013253480196 -0.11856116354465485
v -0.03254495933651924 0.035421617329120636 -0.12106601148843765
v -0.018162989988923073 -0.01471414603292942 -0.11591169983148575
v -0.04867776110768318 -0.008481353521347046 -0.11714807897806168
v -0.0515519343316555 0.02590719796717167 -0.1190226674079895
v 0.06349099427461624 -0.014140129089355469 -0.11624541878700256
v -0.03301847353577614 -0.04048047959804535 -0.11530139297246933
v -0.0514126755297184 -0.04092426225543022 -0.1163320392370224
v 0.06576438993215561 0.025655047968029976 -0.11765291541814804
v 0.0493929423391819 -0.04945136606693268 -0.11620839685201645
v 0.061402030289173126 -0.10298601537942886 -0.11629516631364822
v 0.05004175007343292 -0.10010934621095657 -0.11571496725082397
v -0.06242819130420685 -0.034176331013441086 -0.1157570630311966
v -0.06682978570461273 0.011530566029250622 -0.11628769338130951
v 0.06027274578809738 -0.1470121592283249 -0.11476331949234009
v -0.04966536909341812 -0.08095208555459976 -0.1159512922167778
v -0.0609920509159565 -0.10963206738233566 -0.11604487895965576
v -0.051945000886917114 -0.13060621917247772 -0.11478464305400848
v -0.061104029417037964 -0.15586760640144348 -0.11349166929721832
v -0.05090005323290825 -0.1584000587463379 -0.11253658682107925
v 0.04979768022894859 -0.1446598470211029 -0.11377493292093277
v 0.07084158062934875 -0.11484881490468979 -0.11482153087854385
v -0.06547899544239044 0.03569255769252777 -0.1185079962015152
v -0.060006510466337204 -0.1788908988237381 -0.11032654345035553
v 0.0004319805884733796 -0.03158578276634216 -0.11295972764492035
v -0.01263302844017744 -0.03451839089393616 -0.11347746849060059
v -0.049566254019737244 0.04469836503267288 -0.12207888066768646
v 0.050703343003988266 -0.16712544858455658 -0.11160890758037567
v 0.06061265617609024 -0.17177987098693848 -0.1119694709777832
v 0.028692347928881645 0.04140569269657135 -0.12210709601640701
v 0.030006615445017815 -0.04416104033589363 -0.11425785720348358
v 0.0365435965359211 -0.07710205763578415 -0.11382871866226196
v -0.03905690088868141 -0.06578860431909561 -0.11485019326210022
v 0.06061127781867981 0.051395051181316376 -0.12221373617649078
v 0.07091861963272095 -0.008691003546118736 -0.11508528888225555
v -0.07338930666446686 -0.10882281512022018 -0.11414390057325363
v -0.07190883159637451 -0.14346592128276825 -0.1123901829123497
v 0.06996078044176102 -0.14864692091941833 -0.11303140223026276
v -0.050545431673526764 -0.18061578273773193 -0.10896533727645874
v 0.05506238341331482 -0.1828061044216156 -0.10951032489538193
v -0.01781088300049305 -0.04427999258041382 -0.11242036521434784
v 0.039024289697408676 0.0644528940320015 -0.12670283019542694
v -0.02037271112203598 0.06543537974357605 -0.12743881344795227
v 0.027756456285715103 0.08383343368768692 -0.1306542009115219
v -0.014051167294383049 0.08324889093637466 -0.13073505461215973
v -0.026534635573625565 0.10504631698131561 -0.13339340686798096
v 0.02713891677558422 0.10838252305984497 -0.13368135690689087
v -0.010860241949558258 0.12818145751953125 -0.1357058584690094
v 0.04999503493309021 0.12872672080993652 -0.13540442287921906
v -0.05122729018330574 0.129194974899292 -0.1354387104511261
v 0.011222288943827152 0.14232121407985687 -0.13645021617412567
v 0.061122309416532516 0.1462460458278656 -0.1363685578107834
v 0.061459220945835114 0.16717185080051422 -0.1373157650232315
v -0.04984501376748085 0.1614169478416443 -0.1372327357530594
v -0.06535801291465759 0.13805702328681946 -0.135364830493927
v -0.06572133302688599 0.17207595705986023 -0.13701486587524414
v -0.049344632774591446 0.09982672333717346 -0.13228259980678558
v 0.050893012434244156 0.08918102085590363 -0.13070157170295715
v -0.0005069726030342281 0.1668367236852646 -0.13690033555030823
v -0.04794679209589958 0.0796366035938263 -0.12939955294132233
v 0.07157915085554123 0.1299780309200287 -0.13407893478870392
v 0.06008356809616089 0.19514508545398712 -0.13745202124118805
v -0.06281223893165588 0.1993705928325653 -0.13727708160877228
v 0.0803818330168724 0.17502804100513458 -0.13616734743118286
v -0.07931779325008392 0.17209963500499725 -0.13591957092285156
v 0.07764746248722076 0.22057990729808807 -0.13602039217948914
v -0.06490140408277512 0.09056258946657181 -0.12970773875713348
v -0.06455429643392563 0.057746078819036484 -0.1228930652141571
v 0.0650142952799797 0.09008489549160004 -0.12947915494441986
v -0.08224699646234512 0.205296590924263 -0.13578630983829498
v 0.09012623876333237 0.21537494659423828 -0.13497202098369598
v -0.07995187491178513 0.1354270875453949 -0.13325229287147522
v -0.019370893016457558 0.18577241897583008 -0.13657885789871216
v -0.049423474818468094 0.21171371638774872 -0.13614152371883392
v -0.06318003684282303 0.22586025297641754 -0.13555777072906494
v 0.026957955211400986 0.19428487122058868 -0.13632731139659882
v 0.06018233671784401 0.22266843914985657 -0.13561631739139557
v -0.08361969143152237 0.22161152958869934 -0.1351073533296585
v 0.014382744207978249 -0.03954183682799339 -0.11228500306606293
v 0.06119922921061516 -0.19593967497348785 -0.10623165220022202
v 0.0535878911614418 -0.2075708657503128 -0.10389374196529388
v 0.027657410129904747 -0.059537891298532486 -0.11245255172252655
v 0.08576399832963943 0.1355123668909073 -0.13225778937339783
v 0.075802281498909 0.09274940192699432 -0.1282503753900528
v -0.0517268143594265 -0.20217347145080566 -0.10469110310077667
v -0.05939863622188568 -0.2026667594909668 -0.10484727472066879
v -0.07856633514165878 0.10108179599046707 -0.12895084917545319
v 0.09407757967710495 0.17252154648303986 -0.13350239396095276
v -0.09424770623445511 0.15843932330608368 -0.13223694264888763
v -0.09553573280572891 0.19004032015800476 -0.13317915797233582
v -0.0729098990559578 -0.023863013833761215 -0.11385732144117355
v 0.0730254128575325 0.049755681306123734 -0.11959756910800934
v -0.021517744287848473 0.20287062227725983 -0.13495531678199768
v -0.0019703591242432594 0.197898730635643 -0.1351601481437683
v 0.01760665327310562 0.20217126607894897 -0.13487569987773895
v -0.08011477440595627 0.23555628955364227 -0.1335442066192627
v -0.04122897982597351 -0.10704858601093292 -0.11352630704641342
v -0.03119753859937191 -0.065852090716362 -0.11311434954404831
v 0.08393865823745728 0.23603256046772003 -0.13376951217651367
v -0.05111224949359894 -0.22899910807609558 -0.0966464951634407
v -0.0957973375916481 0.21528837084770203 -0.1329525113105774
v 0.04409755766391754 -0.1146872490644455 -0.11368738859891891
v -0.08029386401176453 0.0821923241019249 -0.1250418722629547
v -0.09297000616788864 0.12436752766370773 -0.12881270051002502
v 0.048998478800058365 -0.19994968175888062 -0.10464679449796677
v -0.07238372415304184 -0.17055679857730865 -0.10873448848724365
v 0.0766901895403862 0.027700485661625862 -0.11520426720380783
v 0.07888397574424744 -0.015926240012049675 -0.1130184754729271
v 0.10217075794935226 0.20387901365756989 -0.13195990025997162
v 0.09883464127779007 0.23041875660419464 -0.13189485669136047
v 0.07844003289937973 -0.10737790912389755 -0.1130017563700676
v 0.09141089767217636 0.1037403792142868 -0.1260729283094406
v 0.08209612965583801 0.04892435297369957 -0.11678499728441238
v 0.016758069396018982 0.21405820548534393 -0.13225333392620087
v 0.09996165335178375 0.14116652309894562 -0.1288871467113495
v 0.06996713578701019 -0.1739652156829834 -0.10913342982530594
v -0.09496348351240158 0.2331140786409378 -0.13177771866321564
v 0.061474792659282684 0.23592548072338104 -0.1331128627061844
v -0.0789932906627655 0.04875540733337402 -0.11754637956619263
v -0.08095667511224747 0.025214215740561485 -0.11333583295345306
v -0.08061068505048752 -0.024788523092865944 -0.11147061735391617
v -0.059356946498155594 -0.216444730758667 -0.10016097873449326
v -0.0013154000043869019 -0.04173329472541809 -0.10906434804201126
v -0.03156737610697746 0.22047802805900574 -0.13221383094787598
v 0.0876479521393776 0.08157116919755936 -0.1227295771241188
v -0.006209461949765682 0.21325966715812683 -0.13165529072284698
v 0.06155386194586754 -0.21206991374492645 -0.10096409916877747
v -0.048099637031555176 -0.22098854184150696 -0.09834550321102142
v -0.09218845516443253 0.09047961980104446 -0.123099684715271
v -0.062019798904657364 0.236634761095047 -0.13311710953712463
v 0.052925605326890945 -0.22878693044185638 -0.09656590968370438
v 0.04873902350664139 -0.22963270545005798 -0.09578462690114975
v 0.03201942890882492 0.22317664325237274 -0.13154570758342743
v -0.042717546224594116 -0.1526608020067215 -0.11036881059408188
v -0.08420628309249878 -0.09617605805397034 -0.11035463958978653
v -0.09384238719940186 0.24785681068897247 -0.12880149483680725
v -0.08206991106271744 -0.13124960660934448 -0.10966335982084274
v -0.10637415200471878 0.19089780747890472 -0.12946346402168274
v 0.07777299731969833 0.249095618724823 -0.1301284283399582
v -0.044908855110406876 -0.19143740832805634 -0.104810431599617
v -0.10434307903051376 0.23049971461296082 -0.12907230854034424
v -0.07116006314754486 0.2482701539993286 -0.1300743669271469
v -0.10460662096738815 0.15531013906002045 -0.12817014753818512
v 0.10642250627279282 0.1668063849210739 -0.12864653766155243
v 0.042096495628356934 -0.15117934346199036 -0.1102287545800209
v -0.054626233875751495 -0.23653919994831085 -0.09279678761959076
v -0.08329655230045319 0.2540462017059326 -0.12781327962875366
v 0.09000122547149658 0.2523871958255768 -0.12856096029281616
v 0.0988210141658783 0.2521457076072693 -0.1267203390598297
v 0.03475036472082138 -0.10515692085027695 -0.11062385141849518
v -0.10750601440668106 0.12837444245815277 -0.12346456944942474
v 0.042906492948532104 -0.18724800646305084 -0.10463103652000427
v -0.07101360708475113 -0.19862496852874756 -0.10161023586988449
v -0.0855790451169014 -0.15025052428245544 -0.10571427643299103
v -0.08781524002552032 0.05486356094479561 -0.11564288288354874
v -0.09054362028837204 0.03790977969765663 -0.11065942794084549
v -0.08987561613321304 0.01616096869111061 -0.10868438333272934
v -0.09119193255901337 -0.021470054984092712 -0.10645269602537155
v 0.029899245128035545 -0.0992693081498146 -0.10790237784385681
v -0.04905852675437927 -0.25014936923980713 -0.08560585975646973
v -0.09811355918645859 0.08504249155521393 -0.11910155415534973
v -0.10602378100156784 0.24797393381595612 -0.12451721727848053
v -0.035829488188028336 -0.11449825763702393 -0.11042213439941406
v -0.029525993391871452 -0.08710529655218124 -0.10956431925296783
v -0.02284305915236473 -0.06607077270746231 -0.10929051041603088
v -0.11247149109840393 0.17030580341815948 -0.12527170777320862
v 0.0212605819106102 0.22728115320205688 -0.12783733010292053
v -0.00034739013062790036 0.22417055070400238 -0.12751367688179016
v -0.013810166157782078 0.22733429074287415 -0.12694935500621796
v -0.030935537070035934 0.23449896275997162 -0.1269478052854538
v -0.05511676147580147 0.2449628859758377 -0.1285998821258545
v 0.06115979328751564 0.24741502106189728 -0.1286334991455078
v -0.09142778068780899 -0.10279946774244308 -0.10637500137090683
v -0.11434110999107361 0.2131611853837967 -0.12475892156362534
v 0.04296186566352844 -0.2119445949792862 -0.09827522933483124
v 0.02002197504043579 -0.05797213315963745 -0.10924633592367172
v 0.026242556050419807 -0.08267240226268768 -0.10778138041496277
v 0.011167695745825768 -0.04991324990987778 -0.1076614111661911
v 0.002573159756138921 -0.045418161898851395 -0.10708839446306229
v -0.04385003075003624 -0.2206965535879135 -0.09638059884309769
v -0.04416394606232643 -0.24635912477970123 -0.08578025549650192
v -0.08422885090112686 -0.17441678047180176 -0.10140863806009293
v -0.09485762566328049 0.2579050362110138 -0.1242445632815361
v -0.09633564949035645 0.05102002993226051 -0.11000947654247284
v -0.11300104111433029 0.23358331620693207 -0.12399781495332718
v -0.00439433241263032 -0.04944445565342903 -0.10341387987136841
v -0.009420420043170452 -0.04681029170751572 -0.10839764773845673
v -0.014405591413378716 -0.05521388351917267 -0.1072450652718544
v -0.06511345505714417 -0.23057249188423157 -0.09057015180587769
v -0.10625918209552765 0.08600109815597534 -0.11422624439001083
v -0.09725843369960785 -0.12274949997663498 -0.10066734254360199
v -0.05340185388922691 -0.2544047236442566 -0.08138864487409592
v -0.09778992086648941 0.035013388842344284 -0.10531997680664062
v -0.11468116194009781 0.13427767157554626 -0.11940453201532364
v -0.09859775751829147 0.0041592479683458805 -0.1016070693731308
v -0.09398806840181351 -0.1548597812652588 -0.0990922749042511
v 0.07804500311613083 0.26387056708335876 -0.12188495695590973
v -0.11276888847351074 0.11227633059024811 -0.11604437232017517
v -0.0691940113902092 0.25889283418655396 -0.12397684156894684
v 0.036318324506282806 -0.14893712103366852 -0.10641349107027054
v -0.037767697125673294 -0.15546618402004242 -0.1066596582531929
v -0.05675889924168587 0.25722169876098633 -0.1219191774725914
v 0.06078198552131653 0.25547194480895996 -0.12389768660068512
v 0.0278899185359478 0.23759369552135468 -0.12400361895561218
v 0.01251658983528614 0.23273694515228271 -0.12372459471225739
v -0.10513710230588913 0.25905635952949524 -0.1195012703537941
v -0.09872615337371826 -0.040872007608413696 -0.1005476638674736
v -0.09932631999254227 -0.08186747878789902 -0.10016409307718277
v 0.04375722259283066 -0.24098601937294006 -0.08820095658302307
v 0.049144066870212555 -0.2476871758699417 -0.08723349124193192
v -0.04924897477030754 -0.2642005980014801 -0.07427898794412613
v 0.10208528488874435 0.2602567970752716 -0.12133105099201202
v 0.09004641324281693 0.2662588357925415 -0.11995482444763184
v -0.12028849869966507 0.19115425646305084 -0.11969764530658722
v -0.11458316445350647 0.2511172890663147 -0.11791582405567169
v -0.039843376725912094 -0.19186143577098846 -0.10108597576618195
v 0.04850264638662338 -0.2611081302165985 -0.07844379544258118
v 0.04398471862077713 -0.2611294388771057 -0.07597855478525162
v -0.061065372079610825 -0.243930846452713 -0.08422491699457169
v -0.04448341205716133 -0.26465359330177307 -0.07250085473060608
v -0.0005634048720821738 0.2357676774263382 -0.11991620808839798
v -0.1041565015912056 0.04630301892757416 -0.10233918577432632
v -0.011309117078781128 0.23712296783924103 -0.12007143348455429
v -0.12044663727283478 0.1602308750152588 -0.11747999489307404
v -0.0732763409614563 -0.21223954856395721 -0.0933082103729248
v -0.08287341147661209 -0.19533111155033112 -0.09264431893825531
v 0.03909299895167351 -0.18804392218589783 -0.10126443207263947
v -0.02753705158829689 0.24284537136554718 -0.11994726210832596
v -0.0907370001077652 -0.18371015787124634 -0.09206174314022064
v -0.09889791905879974 -0.16892394423484802 -0.08983192592859268
v 0.039517562836408615 -0.2250596433877945 -0.09061691910028458
v -0.08275781571865082 0.26793739199638367 -0.11792478710412979
v 0.014050080440938473 -0.058683011680841446 -0.10441533476114273
v 0.020198196172714233 -0.06971917301416397 -0.10546833276748657
v -0.02718815580010414 -0.09410593658685684 -0.10603509843349457
v -0.018799906596541405 -0.06687189638614655 -0.10519644618034363
v -0.12137109041213989 0.2325567752122879 -0.11656561493873596
v -0.10623196512460709 0.02961331605911255 -0.0959726870059967
v -0.09465071558952332 0.26837918162345886 -0.11567879468202591
v -0.052996788173913956 -0.26463964581489563 -0.0717281773686409
v -0.11338911205530167 0.08336914330720901 -0.10612670332193375
v 0.06122436746954918 0.26248806715011597 -0.1182648167014122
v 0.029401840642094612 0.24449783563613892 -0.11890868097543716
v 0.011888992041349411 0.2432618886232376 -0.11368858814239502
v 0.049336355179548264 -0.27144962549209595 -0.06761018931865692
v 0.10168755054473877 0.26802560687065125 -0.11478947103023529
v -0.06873233616352081 0.26797938346862793 -0.11555624008178711
v -0.04914037883281708 -0.2723064422607422 -0.06434370577335358
v 0.03999672457575798 -0.24787135422229767 -0.07982128858566284
v 0.005181295331567526 -0.05454285070300102 -0.09803646802902222
v -0.000032567611924605444 -0.052622802555561066 -0.0967620462179184
v -0.0705217495560646 -0.2218199372291565 -0.09018731862306595
v 0.03469331935048103 -0.17224691808223724 -0.09934771060943604
v -0.11071892082691193 0.2654125690460205 -0.1099400669336319
v 0.10980083793401718 0.2569376826286316 -0.11945478618144989
v -0.006319768726825714 -0.056405700743198395 -0.09594938904047012
v 0.035978496074676514 -0.2089206725358963 -0.09023948758840561
v -0.05639133229851723 -0.2539820075035095 -0.07815694808959961
v 0.02894550748169422 -0.12319068610668182 -0.10082434862852097
v 0.02486945129930973 -0.09395424276590347 -0.10200152546167374
v 0.04370817169547081 -0.2688571512699127 -0.06552045792341232
v 0.019322743639349937 -0.07957363873720169 -0.09795057028532028
v 0.1213659718632698 0.03531748056411743 0.022097723558545113
v 0.12027101218700409 0.03466080129146576 0.04890443757176399
v 0.11916520446538925 0.01985660195350647 0.032531823962926865
v 0.11759703606367111 0.015499238856136799 0.05806014686822891
v 0.11938577145338058 0.01970728673040867 -0.031072892248630524
v 0.1219390258193016 0.03863191232085228 -0.032210540026426315
v 0.1168399378657341 -0.01028460543602705 -0.015314524061977863
v 0.11561659723520279 -0.0226400475949049 0.00666071567684412
v 0.11689379066228867 -0.013735799118876457 -0.047973278909921646
v 0.11492021381855011 -0.029256070032715797 -0.011599027551710606
v 0.1168217882514 -0.014535309746861458 0.033803608268499374
v 0.11556192487478256 -0.02950243279337883 0.02276388369500637
v 0.11646850407123566 -0.01576290652155876 0.056848540902137756
v 0.11625354737043381 -0.03167552873492241 -0.03533665090799332
v 0.11851350218057632 0.017678391188383102 -0.05225193127989769
v 0.11609041690826416 -0.01576181873679161 -0.06228284537792206
v 0.1215260699391365 0.04243035241961479 -0.05268244072794914
v 0.11530914902687073 -0.04587772861123085 -0.03276519477367401
v 0.11633598804473877 -0.040681831538677216 0.04516248404979706
v 0.11495793610811234 -0.052193351089954376 0.0336369164288044
v 0.11615587770938873 -0.06345891207456589 -0.0517318993806839
v 0.11593788117170334 -0.09654901176691055 0.06021460145711899
v 0.1154104620218277 -0.09587864577770233 0.049091313034296036
v 0.11425355076789856 -0.1410093903541565 0.059636469930410385
v 0.11542712897062302 -0.09886152297258377 -0.06429021805524826
v 0.11546111851930618 -0.10552157461643219 -0.05329910293221474
v 0.11435268074274063 -0.13957186043262482 -0.06271471828222275
v 0.11317751556634903 -0.15327490866184235 -0.05357704684138298
v 0.11267474293708801 -0.1621147245168686 -0.0621895007789135
v 0.11493461579084396 -0.07305464893579483 -0.04046143591403961
v 0.11363237351179123 -0.1013483926653862 -0.04160023108124733
v 0.11292516440153122 -0.15081357955932617 0.0496373176574707
v 0.11207880079746246 -0.1661267727613449 0.0592770054936409
v 0.11754564940929413 0.02448771707713604 -0.06479183584451675
v 0.11461468786001205 -0.10074754804372787 0.07097694277763367
v 0.11481388658285141 -0.019756697118282318 0.0702488049864769
v 0.11310107260942459 -0.13556542992591858 0.07048740237951279
v 0.11808376014232635 0.03822321072220802 0.06883900612592697
v 0.11416104435920715 -0.020762799307703972 -0.07411819696426392
v 0.1157958135008812 0.016919737681746483 0.0702022984623909
v 0.11366374790668488 -0.10562720149755478 -0.07450318336486816
v 0.10990776866674423 -0.17305408418178558 0.04861218482255936
v 0.12157810479402542 0.051022712141275406 -0.06531428545713425
v 0.10722561925649643 -0.1933194249868393 -0.05700678378343582
v 0.13022272288799286 0.07959020882844925 -0.003732741577550769
v 0.12985378503799438 0.0830257385969162 -0.048059213906526566
v 0.13253198564052582 0.10182984173297882 -0.04813117906451225
v 0.13307254016399384 0.09878116101026535 -0.005296249408274889
v 0.13604944944381714 0.13228477537631989 -0.04682957008481026
v 0.13611319661140442 0.12874287366867065 -0.00027560634771361947
v 0.1374029666185379 0.15408682823181152 -0.049154382199048996
v 0.1374322921037674 0.15873852372169495 -0.005401365924626589
v 0.13754521310329437 0.1561574935913086 0.045113399624824524
v 0.13599607348442078 0.13117817044258118 0.0401429682970047
v 0.13298816978931427 0.10281706601381302 0.03938235715031624
v 0.13721537590026855 0.15954309701919556 0.06089441478252411
v 0.1381092518568039 0.17972548305988312 -0.04811667650938034
v 0.13409966230392456 0.12713360786437988 0.06711167097091675
v 0.13507892191410065 0.13513785600662231 -0.06638363748788834
v 0.13016755878925323 0.08313558995723724 0.040593236684799194
v 0.1379408836364746 0.1785522699356079 0.035706739872694016
v 0.13759057223796844 0.17579449713230133 -0.009433312341570854
v 0.13743862509727478 0.17577943205833435 -0.06656673550605774
v 0.13787533342838287 0.2005564272403717 0.061915282160043716
v 0.13678301870822906 0.1697997897863388 0.07361110299825668
v 0.12918682396411896 0.08993903547525406 0.06663725525140762
v 0.13739348948001862 0.20575891435146332 -0.06772899627685547
v 0.12943576276302338 0.08945100009441376 -0.06408898532390594
v 0.13713470101356506 0.2135997712612152 0.07582903653383255
v 0.1356176882982254 0.17082828283309937 -0.08176356554031372
v 0.13643425703048706 0.20300105214118958 -0.08183064311742783
v 0.13738997280597687 0.205368772149086 -0.04734098166227341
v 0.13350115716457367 0.14609842002391815 0.08550143986940384
v 0.13057512044906616 0.1220577210187912 0.08553287386894226
v 0.10728009045124054 -0.19239018857479095 0.05715060234069824
v 0.13555359840393066 0.19036392867565155 0.08836991339921951
v 0.1370128095149994 0.19122378528118134 -0.012773063033819199
v 0.1368977278470993 0.19228464365005493 0.018554741516709328
v 0.13695743680000305 0.21776942908763885 0.061183806508779526
v 0.13598647713661194 0.22384928166866302 -0.0792936384677887
v 0.13336029648780823 0.1375361829996109 -0.0797843486070633
v 0.1280183494091034 0.09585519880056381 -0.07920156419277191
v 0.11263837665319443 -0.03577383980154991 0.003260664874687791
v 0.11324011534452438 -0.041207101196050644 0.016433198004961014
v 0.11307448893785477 -0.06099116802215576 0.028554929420351982
v 0.10832018405199051 -0.18165859580039978 -0.050926465541124344
v 0.12179308384656906 0.048722732812166214 0.05744187533855438
v 0.11236699670553207 -0.04027913510799408 -0.011212650686502457
v 0.10716406255960464 -0.19049544632434845 -0.06245080381631851
v 0.13568605482578278 0.21633586287498474 0.08682622015476227
v 0.11307112872600555 -0.05508659780025482 -0.025723127648234367
v 0.11085829883813858 -0.15803706645965576 0.07103695720434189
v 0.123072549700737 0.06535802781581879 0.07175033539533615
v 0.1359102576971054 0.22051598131656647 -0.05194587633013725
v 0.11191605031490326 -0.14143157005310059 -0.07439011335372925
v 0.13467687368392944 0.23558057844638824 0.07466695457696915
v 0.13390885293483734 0.20431894063949585 -0.09528951346874237
v 0.1338324099779129 0.23487019538879395 0.08863312005996704
v 0.1322280615568161 0.16506288945674896 0.09696375578641891
v 0.13548436760902405 0.20357802510261536 -0.014432385563850403
v 0.11335244029760361 -0.09597296267747879 0.039056118577718735
v 0.10596383363008499 -0.19082540273666382 0.047377072274684906
v 0.13315734267234802 0.23204858601093292 -0.09400590509176254
v 0.13111835718154907 0.14870139956474304 -0.09461943060159683
v 0.13280291855335236 0.17338748276233673 -0.09562095999717712
v 0.11302731186151505 -0.08359558880329132 -0.03592722490429878
v 0.12860243022441864 0.12371021509170532 -0.09356033802032471
v 0.13416258990764618 0.23551851511001587 -0.06831008195877075
v 0.12468934804201126 0.08689235150814056 0.08572965860366821
v 0.10238223522901535 -0.20896394550800323 0.05221159756183624
v 0.0974002256989479 -0.22556143999099731 0.053693629801273346
v 0.10973889380693436 -0.1656937599182129 -0.07255107164382935
v 0.13331036269664764 0.19912153482437134 0.09800732880830765
v 0.13518811762332916 0.2049914449453354 0.01971544325351715
v 0.1344221979379654 0.20605862140655518 -0.0021737280767410994
v 0.13392993807792664 0.2366390824317932 -0.08258254081010818
v 0.11805754154920578 0.05067770183086395 -0.0802822858095169
v 0.11428411304950714 0.02533538267016411 -0.07925181835889816
v 0.11257737874984741 -0.016262585297226906 -0.07954065501689911
v 0.11218773573637009 -0.10077253729104996 -0.07934888452291489
v 0.10703220963478088 -0.17811138927936554 0.0707472637295723
v 0.1286708414554596 0.1310189813375473 0.09764037281274796
v 0.10111589729785919 -0.21480326354503632 -0.05540075525641441
v 0.1327970027923584 0.2223583608865738 0.09815287590026855
v 0.11114411801099777 -0.14117155969142914 -0.042773496359586716
v 0.13384763896465302 0.2344389706850052 0.05980641394853592
v 0.11201722174882889 -0.016364185139536858 0.0807531476020813
v 0.11196758598089218 -0.0889625996351242 0.08081112056970596
v 0.1128607839345932 0.025741426274180412 0.08224112540483475
v 0.11650405824184418 0.0494873970746994 0.08283388614654541
v 0.11082690209150314 -0.11375931650400162 0.08229631930589676
v 0.1355593502521515 0.2112482339143753 0.0367196723818779
v 0.10885324329137802 -0.16370509564876556 -0.043687231838703156
v 0.1246461495757103 0.10074127465486526 -0.09390024095773697
v 0.102362722158432 -0.19859221577644348 -0.0442034937441349
v 0.09736650437116623 -0.22108612954616547 -0.04767867177724838
v 0.09489082545042038 -0.23225665092468262 -0.053575992584228516
v 0.10835330933332443 -0.14484314620494843 0.08195143193006516
v 0.13079287111759186 0.2374548465013504 0.098814457654953
v 0.12931975722312927 0.1705668717622757 -0.1051499992609024
v 0.10155032575130463 -0.2019604742527008 0.06733905524015427
v 0.13289789855480194 0.21970359981060028 0.031822167336940765
v 0.13108190894126892 0.21866987645626068 0.014465083368122578
v 0.13155357539653778 0.2156316488981247 -0.0010582109680399299
v 0.13292813301086426 0.2177526354789734 -0.023722201585769653
v 0.13307441771030426 0.23021624982357025 -0.04887156933546066
v 0.1027427688241005 -0.20130708813667297 -0.0658571794629097
v 0.10707283765077591 -0.17440946400165558 -0.07439583539962769
v 0.12995702028274536 0.24924343824386597 0.0885571539402008
v 0.12968121469020844 0.2079586237668991 -0.10733429342508316
v 0.12897124886512756 0.23417480289936066 -0.10578618943691254
v 0.11005496233701706 -0.12784771621227264 0.03682517632842064
v 0.1004832535982132 -0.20851342380046844 0.04581676423549652
v 0.09320509433746338 -0.23437689244747162 0.049234554171562195
v 0.09082692116498947 -0.24112994968891144 0.051850903779268265
v 0.12792547047138214 0.15691065788269043 0.10597902536392212
v 0.12771202623844147 0.25230589509010315 -0.09488855302333832
v 0.12514720857143402 0.25002172589302063 -0.10525266081094742
v 0.12456531077623367 0.13018356263637543 -0.10582192987203598
v 0.12882192432880402 0.19285032153129578 0.10844892263412476
v 0.12933452427387238 0.25085338950157166 -0.08386639505624771
v 0.11037816107273102 -0.08144542574882507 0.029164640232920647
v 0.11776707321405411 0.07644863426685333 -0.09679102897644043
v 0.0961647778749466 -0.22227399051189423 -0.062351293861866
v 0.10931503027677536 -0.05714312940835953 0.018615135923027992
v 0.1089065819978714 -0.10061004757881165 -0.08682911843061447
v 0.10726676881313324 -0.13575436174869537 -0.08613598346710205
v 0.10608333349227905 -0.1542721539735794 -0.08385460078716278
v 0.11186285316944122 0.04695315286517143 -0.09291735291481018
v 0.10954736173152924 0.02585858479142189 -0.08979355543851852
v 0.12726108729839325 0.2559374272823334 0.07719307392835617
v 0.1298854947090149 0.2452375590801239 0.060750506818294525
v 0.10939765721559525 -0.10009172558784485 -0.03209326043725014
v 0.11014174669981003 -0.08030622452497482 -0.028562268242239952
v 0.10649056732654572 -0.1660154163837433 0.03942938521504402
v 0.1077386662364006 -0.012838579714298248 -0.08997694402933121
v 0.125504732131958 0.15922316908836365 -0.11056449264287949
v 0.12721385061740875 0.2319621592760086 0.10878171026706696
v 0.11988795548677444 0.10235805064439774 -0.1046474352478981
v 0.12524749338626862 0.2556547224521637 0.09864213317632675
v 0.10757012665271759 -0.045215122401714325 0.002564674010500312
v 0.10754090547561646 -0.04572309926152229 -0.003445453243330121
v 0.1079559177160263 -0.04988345503807068 -0.01131829246878624
v 0.10903634876012802 -0.062471725046634674 -0.021242402493953705
v 0.08960974216461182 -0.23591840267181396 -0.0434628427028656
v 0.08853671699762344 -0.24408671259880066 -0.04921334609389305
v 0.08741455525159836 -0.246313214302063 -0.053587403148412704
v 0.12646330893039703 0.20120708644390106 -0.11324324458837509
v 0.1276181936264038 0.24766570329666138 -0.05669865384697914
v 0.10667698085308075 -0.04854368418455124 0.00726738665252924
v 0.12597692012786865 0.25657787919044495 -0.07251574844121933
v 0.12892888486385345 0.22878602147102356 0.02932327799499035
v 0.07873452454805374 -0.2601486146450043 -0.04939570277929306
v 0.12714901566505432 0.22881437838077545 -0.01702437736093998
v 0.12623022496700287 0.2273026555776596 0.0014346855459734797
v 0.12554404139518738 0.21872478723526 0.11288575083017349
v 0.12929382920265198 0.23345276713371277 -0.03756462037563324
v 0.0922447144985199 -0.22891350090503693 0.04353025555610657
v 0.12379608303308487 0.2490381896495819 0.10794578492641449
v 0.0825943648815155 -0.2518129050731659 0.044782355427742004
v 0.07827605307102203 -0.26044708490371704 0.050875160843133926
v 0.10615715384483337 -0.09747005254030228 -0.09163767099380493
v 0.1253906488418579 0.25875064730644226 0.08808597177267075
v 0.10252679884433746 -0.18665769696235657 0.0399601012468338
v 0.12495893239974976 0.23323915898799896 -0.11277962476015091
v 0.12413372099399567 0.26120755076408386 -0.08386419713497162
v 0.12435155361890793 0.23194654285907745 0.014018876478075981
v 0.12440800666809082 0.1473405361175537 0.11062663793563843
v 0.12386465072631836 0.18103832006454468 0.1152002215385437
v 0.11957941204309464 0.13742059469223022 -0.1152251735329628
v 0.09564916044473648 -0.2128828763961792 -0.04067572206258774
v 0.12467887252569199 0.2364489734172821 0.028921451419591904
v 0.1010744646191597 -0.10650333017110825 -0.09822072088718414
v 0.12415224313735962 0.2556685507297516 0.06045721843838692
v 0.11234556138515472 0.079037144780159 -0.1060718223452568
v 0.10459782928228378 0.0279812291264534 -0.09771515429019928
v 0.10164903104305267 -0.003447513096034527 -0.09866295009851456
v 0.0792568251490593 -0.2556186020374298 -0.04447163641452789
v 0.11989298462867737 0.18129897117614746 -0.12058103084564209
v 0.10364019870758057 0.047394949942827225 -0.10346443951129913
v 0.10424254089593887 -0.1545524299144745 -0.03564416244626045
v 0.09622250497341156 -0.20610284805297852 0.03954954072833061
v 0.1244831457734108 0.24440160393714905 -0.04109073057770729
v 0.12403710931539536 0.23631058633327484 -0.023801980540156364
v 0.11956437677145004 0.2584870159626007 -0.10826805233955383
v 0.10541284084320068 -0.1529386043548584 0.03546535223722458
v 0.11541628837585449 0.10866419970989227 -0.11248063296079636
v 0.1185116171836853 0.24864383041858673 -0.11604227870702744
v 0.07245692610740662 -0.26483848690986633 0.04445222392678261
v 0.11813574284315109 0.2667884826660156 -0.09663518518209457
v 0.12049033492803574 0.20163846015930176 -0.12069948017597198
v 0.11825451999902725 0.23172760009765625 -0.1210532858967781
v 0.11875540018081665 0.25882580876350403 0.10816244781017303
v 0.11921444535255432 0.20721401274204254 0.12095814198255539
v 0.11784622073173523 0.24919730424880981 0.1161077618598938
v 0.11959371715784073 0.2363298386335373 0.0008330321288667619
v 0.11788606643676758 0.23524127900600433 0.12001316249370575
v 0.11695634573698044 0.14727750420570374 0.11953815072774887
v 0.11692669987678528 0.12078728526830673 0.11405646800994873
v 0.1234104260802269 0.12523320317268372 0.10653757303953171
v 0.11637456715106964 0.09245573729276657 0.10582097619771957
v 0.11948864907026291 0.0846819281578064 0.09769614785909653
v 0.11148059368133545 0.055395156145095825 0.0967232882976532
v 0.10998843610286713 0.0848555937409401 0.11053413152694702
v 0.11885025352239609 0.26094597578048706 -0.05815931409597397
v 0.06789354979991913 -0.2708251178264618 0.048977479338645935
v 0.10651244968175888 -0.11138807982206345 0.03025498241186142
v 0.1171983852982521 0.24130700528621674 -0.015142948366701603
v 0.11876849830150604 0.26669707894325256 0.07750456780195236
v 0.11866002529859543 0.26730379462242126 0.0883498266339302
v 0.1026230975985527 0.05541634559631348 0.10682833939790726
v 0.10809673368930817 0.03550519794225693 0.09460930526256561
v 0.09943058341741562 0.032692670822143555 0.103733591735363
v 0.11632013320922852 0.16624321043491364 0.12207507342100143
v 0.1037125214934349 0.019632894545793533 0.09775722771883011
v 0.10847458243370056 0.007541146595031023 0.08952291309833527
v 0.10544534772634506 -0.017286602407693863 0.09342708438634872
v 0.10108748823404312 -0.016888201236724854 0.09880124777555466
v 0.10236397385597229 -0.10742619633674622 0.09710151702165604
v 0.1151677593588829 0.2681749165058136 0.1000606045126915
v 0.11652299761772156 0.2680644094944 -0.07159331440925598
v 0.11628864705562592 0.241461843252182 0.014192079193890095
v 0.11730684340000153 0.2479880005121231 -0.03200125694274902
v 0.11772022396326065 0.24410702288150787 0.026532286778092384
v 0.11705859005451202 0.2572699785232544 0.048766281455755234
v 0.11461587995290756 0.26744088530540466 0.06476860493421555
v 0.1129939928650856 0.2600020170211792 0.11379356682300568
v 0.10980083793401718 0.2569376826286316 -0.11945478618144989
v 0.09689147770404816 -0.05213427171111107 0.0008029738091863692
v 0.09765077382326126 -0.05481475964188576 0.006343829911202192
v 0.10697484016418457 0.24812562763690948 -0.12498693913221359
v -0.11834278702735901 0.020380647853016853 0.050581034272909164
v -0.12115106731653214 0.03456521034240723 0.02413797751069069
v -0.11783869564533234 0.007590346969664097 0.02441651187837124
v -0.12110402435064316 0.039944034069776535 0.04950442537665367
v -0.11941201984882355 0.023224199190735817 -0.024222416803240776
v -0.11689547449350357 -0.005079221446067095 -0.03541618213057518
v -0.11532964557409286 -0.01859169825911522 0.002661543432623148
v -0.1190909594297409 0.028526926413178444 -0.05344487354159355
v -0.11647893488407135 -0.015076804906129837 -0.05061054229736328
v -0.1172044575214386 0.00005248256275081076 0.041828371584415436
v -0.11573830991983414 -0.022784898057579994 0.057305045425891876
v -0.1159280315041542 -0.01677197962999344 -0.018627576529979706
v -0.11462801694869995 -0.04551389813423157 -0.031299639493227005
v -0.11323153972625732 -0.03585616499185562 -0.012006616219878197
v -0.11393339931964874 -0.029593802988529205 0.004366186447441578
v -0.11584554612636566 -0.037029583007097244 0.03934420645236969
v -0.11436769366264343 -0.03771015256643295 0.02374364621937275
v -0.11542211472988129 -0.054870251566171646 -0.042839713394641876
v -0.11419311910867691 -0.07890570908784866 -0.03981303423643112
v -0.11533083021640778 -0.0812663659453392 0.0474395677447319
v -0.1154761016368866 -0.10254961252212524 0.05756764858961105
v -0.11549973487854004 -0.10524453222751617 -0.05579878389835358
v -0.11559929698705673 -0.023739391937851906 -0.06417433172464371
v -0.11525037884712219 -0.09933876246213913 -0.0643121749162674
v -0.11728177219629288 0.023369988426566124 -0.06557372957468033
v -0.11296513676643372 -0.15502294898033142 -0.06417324393987656
v -0.11371824145317078 -0.14420275390148163 -0.0526200532913208
v -0.11369456350803375 -0.12632136046886444 0.0470769926905632
v -0.11414092034101486 -0.1371767222881317 0.05813482031226158
v -0.11381468921899796 -0.116599902510643 0.07074405997991562
v -0.11343351006507874 -0.06809351593255997 0.032127026468515396
v -0.11431178450584412 -0.09062320739030838 0.06963459402322769
v -0.10977870225906372 -0.17678840458393097 -0.05278066545724869
v -0.11153528094291687 -0.15951474010944366 0.04797714576125145
v -0.11092618107795715 -0.17177794873714447 0.05877413973212242
v -0.11208859831094742 -0.14978362619876862 0.06875520944595337
v -0.10926758497953415 -0.17913749814033508 -0.06298366189002991
v -0.1141175851225853 -0.016459861770272255 0.07000046968460083
v -0.11672411859035492 0.03042968548834324 0.06997167319059372
v -0.11372160166501999 -0.08923996984958649 -0.039156585931777954
v -0.11271244287490845 -0.052511200308799744 -0.02490699104964733
v -0.1207413375377655 0.04684773460030556 -0.06398723274469376
v -0.1222054585814476 0.03923191502690315 -0.013874657452106476
v -0.1218104436993599 0.04268840700387955 -0.048136163502931595
v -0.11288310587406158 -0.09722328186035156 0.038414325565099716
v -0.11219606548547745 -0.11969033628702164 -0.07686839997768402
v -0.12803953886032104 0.06721759587526321 0.026512539014220238
v -0.12878692150115967 0.06980284303426743 -0.013593040406703949
v -0.13161973655223846 0.08681559562683105 0.013426964171230793
v -0.1308496594429016 0.08300725370645523 -0.03306775540113449
v -0.13420377671718597 0.10775420814752579 -0.0009808633476495743
v -0.1338077038526535 0.11012263596057892 -0.04679778963327408
v -0.13596096634864807 0.129290372133255 -0.0009543524938635528
v -0.1356581747531891 0.1321970522403717 -0.0485350675880909
v -0.1366054117679596 0.14450868964195251 -0.028300117701292038
v -0.13348110020160675 0.1064721941947937 0.033788420259952545
v -0.1339736431837082 0.12144435942173004 0.058393679559230804
v -0.13553252816200256 0.13284841179847717 0.03935053572058678
v -0.13677921891212463 0.16898110508918762 0.057113368064165115
v -0.136974036693573 0.1569821983575821 -0.013520306907594204
v -0.13692884147167206 0.17006109654903412 -0.06358722597360611
v -0.1357935667037964 0.1687489002943039 0.0737713947892189
v -0.13447457551956177 0.1300162822008133 -0.0660049244761467
v -0.1371947079896927 0.18713748455047607 -0.05214596912264824
v -0.1301567554473877 0.08530039340257645 0.04753963276743889
v -0.12580624222755432 0.06575661897659302 0.05546719208359718
v -0.13699842989444733 0.18477226793766022 0.04508877173066139
v -0.13687019050121307 0.1777198165655136 -0.0022462052293121815
v -0.12912620604038239 0.07960181683301926 -0.05162196233868599
v -0.1304216980934143 0.09547621756792068 -0.0651477798819542
v -0.13307496905326843 0.12345394492149353 0.07049154490232468
v -0.13535752892494202 0.16932864487171173 -0.08014558255672455
v -0.13654837012290955 0.20788219571113586 0.061022061854600906
v -0.13614881038665771 0.20816491544246674 0.07402926683425903
v -0.12894651293754578 0.09054414927959442 0.06870245188474655
v -0.13663633167743683 0.21036534011363983 -0.0631958469748497
v -0.13578180968761444 0.21862564980983734 -0.08009631186723709
v -0.1364976167678833 0.1925276666879654 -0.019639575853943825
v -0.13599790632724762 0.19347341358661652 0.01799089089035988
v -0.13488510251045227 0.2094821035861969 0.0868382379412651
v -0.13431774079799652 0.1697235256433487 0.08590847998857498
v -0.10308985412120819 -0.20795659720897675 -0.053789172321558
v -0.13208259642124176 0.12456104904413223 -0.07974423468112946
v -0.130799800157547 0.1233668103814125 0.0848875418305397
v -0.12254027277231216 0.059250470250844955 0.06856957077980042
v -0.13544870913028717 0.22477999329566956 -0.06252647191286087
v -0.13536182045936584 0.2121366262435913 -0.038792684674263
v -0.1332646608352661 0.20187853276729584 -0.095041424036026
v -0.10538125783205032 -0.19513611495494843 0.050160884857177734
v -0.10272958874702454 -0.2070898413658142 0.057907577604055405
v -0.13516992330551147 0.2233818620443344 0.0593598335981369
v -0.1351548582315445 0.22552232444286346 0.07422728836536407
v -0.13510803878307343 0.20791180431842804 0.03406396880745888
v -0.13422241806983948 0.20484788715839386 0.008577289991080761
v -0.10955945402383804 -0.16901130974292755 0.06860867142677307
v -0.10319448262453079 -0.1960896998643875 0.06777867674827576
v -0.13296547532081604 0.23499739170074463 0.08689838647842407
v -0.1318923532962799 0.15807946026325226 -0.09433086216449738
v -0.12667739391326904 0.08895707875490189 -0.07980521768331528
v -0.10439547151327133 -0.19838953018188477 -0.06317496299743652
v -0.1127505972981453 -0.08538316935300827 -0.07780952751636505
v -0.11293108016252518 -0.04058744013309479 -0.07737047970294952
v -0.11369027942419052 0.00539019051939249 -0.07776202261447906
v -0.114156074821949 0.030039126053452492 -0.0807666927576065
v -0.13349422812461853 0.23671863973140717 -0.08238091319799423
v -0.13299374282360077 0.22369718551635742 -0.09454885125160217
v -0.13474029302597046 0.20505772531032562 -0.01547770481556654
v -0.1324118971824646 0.20269276201725006 0.09864689409732819
v -0.09615131467580795 -0.22846674919128418 0.051324110478162766
v -0.13164804875850677 0.16775237023830414 0.09728958457708359
v -0.12454497814178467 0.08579991012811661 0.08603396266698837
v -0.11863473057746887 0.053721457719802856 -0.07975871860980988
v -0.13190406560897827 0.22361917793750763 0.09806010127067566
v -0.11079888790845871 -0.14989963173866272 -0.043074678629636765
v -0.12852825224399567 0.12549537420272827 -0.09470824897289276
v -0.12892524898052216 0.1382707804441452 0.09777240455150604
v -0.13327652215957642 0.23689517378807068 0.07380534708499908
v -0.13285855948925018 0.23513057827949524 0.06244301050901413
v -0.111154705286026 -0.09548752754926682 0.08192163705825806
v -0.11163011193275452 -0.02286110445857048 0.07934752851724625
v -0.11243262141942978 0.024158470332622528 0.08196618407964706
v -0.10645641386508942 -0.18208375573158264 0.04457240551710129
v -0.11239849030971527 -0.038658127188682556 0.012810849584639072
v -0.11259756237268448 -0.05250607058405876 0.02425069361925125
v -0.1162940040230751 0.05109666660428047 0.08471967279911041
v -0.10913608968257904 -0.14440618455410004 0.08045803755521774
v -0.13051700592041016 0.23789499700069427 -0.09793277084827423
v -0.10958855599164963 -0.15574505925178528 -0.07601215690374374
v -0.12994550168514252 0.23770540952682495 0.0992511585354805
v -0.10033149272203445 -0.20994508266448975 -0.045120809227228165
v -0.1327085644006729 0.23773248493671417 -0.0645660012960434
v -0.12529771029949188 0.11289919912815094 0.09769577533006668
v -0.09848613291978836 -0.2237643599510193 -0.052079517394304276
v -0.09903143346309662 -0.21562854945659637 -0.0618765726685524
v -0.10901786386966705 -0.0418698787689209 0.00013458364992402494
v -0.13201352953910828 0.21659617125988007 0.023666977882385254
v -0.13206957280635834 0.21844403445720673 -0.022549709305167198
v -0.12271363288164139 0.0913652777671814 -0.09412086755037308
v -0.10706830024719238 -0.16838878393173218 -0.07666962593793869
v -0.10642387717962265 -0.17832030355930328 -0.043169569224119186
v -0.10940928757190704 -0.04537144675850868 -0.010948298498988152
v -0.1298128068447113 0.21925048530101776 0.00036491596256382763
v -0.12946565449237823 0.2143130600452423 -0.10579195618629456
v -0.10996853560209274 -0.14205394685268402 0.03987094387412071
v -0.127339169383049 0.17875613272190094 -0.1093183383345604
v -0.09268750995397568 -0.2332984209060669 0.058641742914915085
v -0.09751682728528976 -0.21698004007339478 0.045188549906015396
v -0.126193106174469 0.15429764986038208 -0.10852792114019394
v -0.10909556597471237 -0.028790399432182312 0.08552265912294388
v -0.12735825777053833 0.25165045261383057 -0.095302052795887
v -0.1089889407157898 -0.04516862705349922 0.009731478989124298
v -0.10933040827512741 -0.05585150420665741 0.01917114667594433
v -0.12685120105743408 0.25240710377693176 0.09483505040407181
v -0.10471130162477493 -0.16790001094341278 0.08150193840265274
v -0.12677925825119019 0.1706952154636383 0.10965285450220108
v -0.12822604179382324 0.2533251643180847 -0.08314670622348785
v -0.10850632935762405 -0.11598066985607147 -0.08625736832618713
v -0.10924801230430603 -0.06189154088497162 -0.022193074226379395
v -0.11985983699560165 0.0872974768280983 0.0985480397939682
v -0.12740811705589294 0.21972495317459106 0.10970200598239899
v -0.10970861464738846 -0.07047130167484283 -0.08526808023452759
v -0.10955865681171417 0.007076402194797993 -0.08739723265171051
v -0.12845376133918762 0.2509755492210388 0.07575196027755737
v -0.09284311532974243 -0.23244628310203552 -0.05960901826620102
v -0.09094471484422684 -0.2421867549419403 -0.04974905773997307
v -0.0928397998213768 -0.2302527129650116 -0.04351157322525978
v -0.1269354671239853 0.20207910239696503 0.11131680011749268
v -0.09869644045829773 -0.20936542749404907 0.0672101378440857
v -0.08475236594676971 -0.25084540247917175 0.0522979311645031
v -0.08719273656606674 -0.24675589799880981 0.04903747886419296
v -0.12486093491315842 0.13739043474197388 0.10680590569972992
v -0.11019738763570786 -0.09829294681549072 0.03262464329600334
v -0.12569734454154968 0.23543067276477814 -0.11009713262319565
v -0.11212881654500961 0.05172407627105713 -0.09397262334823608
v -0.11241312325000763 0.04279053956270218 -0.08902627229690552
v -0.12180008739233017 0.12486492842435837 -0.10934784263372421
v -0.1047193706035614 -0.1463676542043686 -0.08836478739976883
v -0.1270478218793869 0.24949966371059418 0.06124347075819969
v -0.12890519201755524 0.22970078885555267 0.03332052007317543
v -0.1266840398311615 0.22725322842597961 0.013858028687536716
v -0.10570134967565536 -0.10443533211946487 0.09234766662120819
v -0.10925275832414627 -0.1160973384976387 -0.03426910191774368
v -0.10996297746896744 -0.08365470916032791 -0.029602665454149246
v -0.12760135531425476 0.2523374557495117 -0.07075037062168121
v -0.10623196512460709 0.02961331605911255 -0.0959726870059967
v -0.10127566009759903 -0.19318899512290955 -0.07354404777288437
v -0.125960111618042 0.23939411342144012 0.10777117311954498
v -0.1195845827460289 0.099220409989357 -0.10355430096387863
v -0.10886602848768234 -0.07460334897041321 0.025800080969929695
v -0.10844796895980835 0.0197038222104311 0.08944720774888992
v -0.10892193764448166 0.0474877767264843 0.09677912294864655
v -0.11946257203817368 0.10331867635250092 0.10529287904500961
v -0.1040714830160141 -0.14694474637508392 0.08914856612682343
v -0.1229337751865387 0.24984510242938995 -0.10867198556661606
v -0.12615379691123962 0.2127099335193634 -0.11184989660978317
v -0.12675486505031586 0.24965593218803406 -0.05989786237478256
v -0.12865789234638214 0.232805073261261 -0.035249192267656326
v -0.12872883677482605 0.2243015319108963 -0.014243703335523605
v -0.10665073990821838 -0.1522938311100006 0.03671414032578468
v -0.10420728474855423 -0.12053971737623215 -0.093168243765831
v -0.10564758628606796 -0.071141816675663 -0.09251070022583008
v -0.10571731626987457 0.005253947805613279 -0.09372363239526749
v -0.09059326350688934 -0.2337387353181839 0.04418383538722992
v -0.10498090088367462 -0.0288071371614933 0.0929030105471611
v -0.1049320325255394 0.022746775299310684 0.09517297148704529
v -0.0869426280260086 -0.24267399311065674 -0.05995682626962662
v -0.12098788470029831 0.2528368830680847 0.10930999368429184
v -0.12313419580459595 0.26059991121292114 0.08842320740222931
v -0.09889791905879974 -0.16892394423484802 -0.08983192592859268
v -0.11882442235946655 0.1296616941690445 0.11411267518997192
v -0.0799529105424881 -0.2596672773361206 -0.049436621367931366
v -0.08346469700336456 -0.2519703209400177 -0.04469165578484535
v -0.12050577998161316 0.14594247937202454 0.11502683907747269
v -0.09324761480093002 -0.22112059593200684 0.06739334017038345
v -0.11338911205530167 0.08336914330720901 -0.10612670332193375
v -0.09797119349241257 -0.19045260548591614 0.07939156889915466
v -0.12265045940876007 0.2611546218395233 0.07585036754608154
v -0.12344496697187424 0.230732262134552 0.0014168517664074898
v -0.12285618484020233 0.2338748723268509 -0.013642230071127415
v -0.11241579055786133 0.07845856249332428 0.10581596940755844
v -0.12044663727283478 0.1602308750152588 -0.11747999489307404
v -0.12197098881006241 0.2609251141548157 -0.09579168260097504
v -0.10044771432876587 -0.19480988383293152 -0.04011329263448715
v -0.12090028077363968 0.2366098165512085 0.11604490876197815
v -0.0997760072350502 -0.13247615098953247 0.09709945321083069
v -0.12028849869966507 0.19115425646305084 -0.11969764530658722
v -0.08591894060373306 -0.24266763031482697 0.060280006378889084
v -0.12137109041213989 0.2325567752122879 -0.11656561493873596
v -0.10225995630025864 -0.18272392451763153 0.03893188759684563
v -0.1195458322763443 0.259019136428833 -0.10556168109178543
v -0.12151989340782166 0.2408771812915802 0.02986159920692444
v -0.12152247130870819 0.2415855973958969 -0.02985191158950329
v -0.10442258417606354 -0.14953508973121643 -0.03447933867573738
v -0.0966794341802597 -0.15678729116916656 0.09594254940748215
v -0.09457746148109436 -0.17710159718990326 0.09095259010791779
v -0.1041565015912056 0.04630301892757416 -0.10233918577432632
v -0.10021203756332397 -0.0942038893699646 0.09952370822429657
v -0.09236274659633636 -0.2117510586977005 -0.0740649476647377
v -0.08962929248809814 -0.22577404975891113 -0.0686083659529686
v -0.11818539351224899 0.26490339636802673 0.0983637273311615
v -0.1189933493733406 0.1755198985338211 0.11994950473308563
v -0.1199338510632515 0.23756389319896698 0.01674032025039196
v -0.11977920681238174 0.2655886113643646 -0.08433200418949127
v -0.121381975710392 0.2564987242221832 0.05723276361823082
v -0.09932631999254227 -0.08186747878789902 -0.10016409307718277
v -0.11965353041887283 0.19997401535511017 0.12028425931930542
v -0.11188803613185883 0.09582288563251495 0.11228583753108978
v -0.10036914795637131 -0.031815048307180405 0.09867196530103683
v -0.10086361318826675 0.006226628553122282 0.09878366440534592
v -0.09650282561779022 0.026142988353967667 0.10437322407960892
v -0.0932011604309082 -0.21806076169013977 -0.0396430641412735
v -0.11870063096284866 0.22169141471385956 0.12039198726415634
v -0.11752481758594513 0.2668742537498474 -0.07300608605146408
v -0.07678978890180588 -0.2602308690547943 0.053152088075876236
v -0.07496926188468933 -0.2637457251548767 0.04911885783076286
v -0.09398806840181351 -0.1548597812652588 -0.0990922749042511
v -0.09725843369960785 -0.12274949997663498 -0.10066734254360199
v -0.09872615337371826 -0.040872007608413696 -0.1005476638674736
v -0.11276888847351074 0.11227633059024811 -0.11604437232017517
v -0.11468116194009781 0.13427767157554626 -0.11940453201532364
v -0.1048555001616478 -0.04740213602781296 0.003318184055387974
v -0.10202981531620026 -0.05545300617814064 0.010351769626140594
v -0.10160347074270248 -0.049967363476753235 -0.0016559266950935125
v -0.10327079892158508 -0.05159404128789902 -0.007532618474215269
v -0.1040421649813652 -0.0577470138669014 -0.013859988190233707
v -0.10529281944036484 -0.07342503219842911 -0.022234436124563217
v -0.10624943673610687 -0.09695815294981003 -0.02801164984703064
v -0.10271260142326355 0.04979589581489563 0.10463184863328934
v -0.09859775751829147 0.0041592479683458805 -0.1016070693731308
v -0.11921396851539612 0.2592669427394867 -0.05751611292362213
v -0.12069949507713318 0.2490944117307663 -0.04206722974777222
v -0.10467903316020966 -0.06076269596815109 0.016514495015144348
v -0.10494983196258545 -0.07442799210548401 0.02194851264357567
v -0.11538660526275635 0.253803551197052 0.1157165914773941
v -0.10560952126979828 -0.1011287048459053 0.028421590104699135
v -0.09165071696043015 -0.19757144153118134 -0.0819140076637268
v -0.0907370001077652 -0.18371015787124634 -0.09206174314022064
v -0.07158634811639786 -0.26553863286972046 -0.04426845163106918
v -0.11458316445350647 0.2511172890663147 -0.11791582405567169
v -0.11627516150474548 0.2688022553920746 0.0876549556851387
v -0.08404658734798431 -0.24260352551937103 -0.04046022146940231
v -0.11554127931594849 0.26827192306518555 -0.0960497185587883
v -0.06453772634267807 -0.2734401524066925 -0.04941060394048691
v -0.07496358454227448 -0.2632354199886322 -0.053069423884153366
v -0.07797902077436447 -0.25477051734924316 -0.05657543987035751
v -0.11414022743701935 0.24123984575271606 0.0015566898509860039
v -0.066592276096344 -0.2714134156703949 0.049246810376644135
v -0.08287341147661209 -0.19533111155033112 -0.09264431893825531
v -0.11580532789230347 0.2686866819858551 0.0757610872387886
v -0.11279188841581345 0.26762232184410095 0.06269415467977524
v -0.11090243607759476 0.26621708273887634 0.10872481018304825
v -0.06347820162773132 -0.27204635739326477 -0.05359737202525139
v -0.08185749500989914 -0.20716950297355652 -0.08247281610965729
v -0.11071892082691193 0.2654125690460205 -0.1099400669336319
v -0.09757957607507706 -0.052112892270088196 0.0020170146599411964
v -0.0920722484588623 -0.05787213146686554 -0.006478095427155495
v -0.08948073536157608 -0.055114082992076874 -0.002211000770330429
v -0.03267785161733627 0.02546549029648304 0.11919466406106949
v -0.051143817603588104 -0.0006357128731906414 0.11693435907363892
v -0.035477787256240845 -0.002559737302362919 0.11683722585439682
v -0.05245985463261604 0.029319901019334793 0.119081512093544
v -0.06120633706450462 0.002437250455841422 0.11636358499526978
v 0.01055474765598774 -0.020864158868789673 0.11446936428546906
v 0.04606302082538605 0.02841261215507984 0.1195898950099945
v -0.011551693081855774 -0.024210751056671143 0.11428669840097427
v 0.03633027523756027 -0.0024329782463610172 0.116733118891716
v 0.05280638486146927 0.006147433537989855 0.117341049015522
v 0.029151421040296555 -0.042114611715078354 0.11402874439954758
v -0.026909496635198593 -0.03513641655445099 0.11450661718845367
v -0.03526194021105766 -0.047854453325271606 0.11495600640773773
v -0.05790416896343231 -0.039389483630657196 0.11579959094524384
v 0.04846763238310814 -0.04128774255514145 0.11564328521490097
v 0.0398888923227787 -0.06074267998337746 0.11449568718671799
v 0.06494057178497314 0.0037312116473913193 0.11631404608488083
v 0.06348862498998642 -0.036671701818704605 0.11538349837064743
v 0.06538578122854233 0.036029886454343796 0.11869584023952484
v 0.061047907918691635 -0.08770975470542908 0.1156880259513855
v 0.051669903099536896 -0.11852531135082245 0.11503659188747406
v 0.05996999889612198 -0.13682101666927338 0.11479543894529343
v -0.047683946788311005 -0.08214447647333145 0.1155615821480751
v -0.05908465385437012 -0.09213864803314209 0.11593671143054962
v -0.059359196573495865 -0.1380385011434555 0.11481121927499771
v -0.07169844955205917 -0.10274830460548401 0.11432541906833649
v 0.07270512729883194 -0.09991217404603958 0.11405575275421143
v 0.05008801445364952 -0.15699252486228943 0.1125105619430542
v 0.060392703860998154 -0.1645730584859848 0.11237543076276779
v -0.0492248609662056 -0.1496492326259613 0.1131448969244957
v -0.05922185629606247 -0.16310034692287445 0.11283481121063232
v -0.07291566580533981 -0.025428619235754013 0.11367117613554001
v -0.06623020023107529 0.026910511776804924 0.11686386168003082
v -0.044215064495801926 0.0452246256172657 0.12214437127113342
v 0.022496139630675316 0.04261873662471771 0.12221374362707138
v 0.050106074661016464 0.04699352756142616 0.12224932760000229
v -0.0648612380027771 0.05072064697742462 0.12110655009746552
v 0.07201923429965973 -0.14675810933113098 0.11221825331449509
v 0.00011698274465743452 -0.03421413525938988 0.11218860745429993
v 0.01432559359818697 -0.03779134899377823 0.11268121004104614
v 0.02343677543103695 -0.05195038020610809 0.11193358153104782
v -0.01508129108697176 -0.041547175496816635 0.11216472089290619
v 0.05937110632658005 -0.18267822265625 0.10936833173036575
v 0.05156261473894119 -0.17948876321315765 0.1094508096575737
v -0.07106296718120575 -0.15708915889263153 0.11134534329175949
v -0.029384637251496315 -0.06416834890842438 0.11260493099689484
v 0.06519363820552826 0.05972127616405487 0.12305502593517303
v 0.02690189890563488 0.06976132839918137 0.1278621107339859
v 0.04942013695836067 0.09274482727050781 0.13119636476039886
v 0.028788020834326744 0.08837378770112991 0.1310526579618454
v 0.02953055128455162 0.1176057681441307 0.13437029719352722
v 0.053564831614494324 0.1364244967699051 0.135549858212471
v 0.03610105812549591 0.1481572836637497 0.1364559680223465
v -0.005681207403540611 0.14814431965351105 0.13617247343063354
v -0.02782328985631466 0.13003206253051758 0.1352071464061737
v -0.04925160855054855 0.14630377292633057 0.13598597049713135
v -0.029988519847393036 0.1056249588727951 0.13305924832820892
v -0.015733754262328148 0.08902952820062637 0.13119418919086456
v -0.05052029341459274 0.11426340043544769 0.13339091837406158
v -0.06594901531934738 0.12918254733085632 0.13384775817394257
v -0.045504432171583176 0.09000984579324722 0.13079847395420074
v -0.058158837258815765 0.1783871352672577 0.13674743473529816
v 0.058772459626197815 0.17906396090984344 0.1369604468345642
v -0.07388564944267273 0.1712746024131775 0.1357412487268448
v 0.07322695851325989 0.154722660779953 0.1354070007801056
v -0.015264972113072872 0.17350095510482788 0.13632643222808838
v 0.0743546187877655 0.13278214633464813 0.13370293378829956
v -0.019927019253373146 0.0689072385430336 0.12767261266708374
v -0.04530021920800209 0.07270631939172745 0.12786488234996796
v -0.0783260241150856 0.14043182134628296 0.1334182471036911
v -0.06442290544509888 0.08515673130750656 0.12857739627361298
v 0.06513090431690216 0.09246625751256943 0.1298249363899231
v 0.07776173204183578 0.18949449062347412 0.1358683556318283
v -0.0808601826429367 0.20051950216293335 0.13530270755290985
v -0.060302767902612686 0.20986045897006989 0.13590261340141296
v 0.060226842761039734 0.1997283548116684 0.13648149371147156
v 0.01702299155294895 0.18987251818180084 0.1357450634241104
v -0.014627340249717236 0.18922968208789825 0.1355431228876114
v -0.07782251387834549 0.09071416407823563 0.12742255628108978
v -0.08274117857217789 0.22341054677963257 0.13422371447086334
v 0.07609458267688751 0.2234227955341339 0.1347154974937439
v 0.05360304191708565 -0.21054035425186157 0.10295385867357254
v 0.09009680151939392 0.205551877617836 0.13410061597824097
v 0.09281731396913528 0.16391146183013916 0.13287891447544098
v 0.06197438761591911 0.22420652210712433 0.13457150757312775
v 0.054168738424777985 0.211931511759758 0.1354851871728897
v 0.023033028468489647 0.206464022397995 0.13393980264663696
v -0.007793840020895004 0.20550116896629333 0.13305816054344177
v -0.09359878301620483 0.17130537331104279 0.1324954777956009
v 0.07843092828989029 0.09519561380147934 0.12809748947620392
v -0.06111575663089752 0.22636820375919342 0.13432615995407104
v -0.05839221552014351 -0.18129725754261017 0.1099436953663826
v -0.04942985996603966 -0.18064327538013458 0.10880999267101288
v -0.03875848278403282 -0.09790594130754471 0.11317358165979385
v -0.03317563235759735 0.2048729509115219 0.1345701366662979
v 0.03198431804776192 -0.0699697732925415 0.11226103454828262
v 0.08815789967775345 0.23166097700595856 0.13260000944137573
v 0.09239744395017624 0.12963910400867462 0.12981604039669037
v -0.0932183489203453 0.13232724368572235 0.1294604241847992
v -0.05725402012467384 -0.20263241231441498 0.10498598217964172
v 0.07727023214101791 -0.028213899582624435 0.11280934512615204
v -0.07270918786525726 0.23749218881130219 0.1326417773962021
v 0.07945103943347931 0.021832507103681564 0.11388690769672394
v 0.07911790907382965 0.04655840992927551 0.11713027209043503
v 0.07093165069818497 -0.1667281836271286 0.1097572073340416
v -0.09792667627334595 0.21066156029701233 0.13171228766441345
v 0.03896689414978027 -0.09551335126161575 0.11303545534610748
v 0.04227456822991371 -0.1456100195646286 0.11108703911304474
v -0.04841344803571701 -0.2114027440547943 0.1013391762971878
v 0.06272028386592865 -0.20154742896556854 0.10390132665634155
v 0.0716787800192833 -0.18699321150779724 0.10481904447078705
v 0.09926342219114304 0.2219952642917633 0.13124598562717438
v 0.07748761028051376 -0.10257276892662048 0.11280135065317154
v -0.055698104202747345 -0.219827800989151 0.09979740530252457
v -0.09101557731628418 0.10165330022573471 0.1257864087820053
v 0.07715397328138351 0.23819413781166077 0.13224875926971436
v 0.10154390335083008 0.1893070936203003 0.13109076023101807
v 0.0339452363550663 0.22014249861240387 0.1320696622133255
v -0.03162689134478569 0.2178201824426651 0.1321956217288971
v -0.07971079647541046 0.02593272365629673 0.1133989468216896
v -0.07844547182321548 0.04800676554441452 0.11724609136581421
v -0.08935467153787613 0.06964395195245743 0.11891758441925049
v -0.09064294397830963 0.2402052879333496 0.13071465492248535
v -0.09965381771326065 0.23591186106204987 0.12951461970806122
v 0.04806641489267349 -0.19471529126167297 0.10520447045564651
v -0.07016623765230179 -0.1804710179567337 0.10704310983419418
v -0.051166146993637085 -0.23518697917461395 0.09392649680376053
v 0.06164157763123512 0.23748786747455597 0.13159410655498505
v 0.10158433020114899 0.23710137605667114 0.12886545062065125
v 0.09182324260473251 0.09072773903608322 0.12341312319040298
v -0.08186481893062592 -0.12627868354320526 0.10979797691106796
v -0.10594562441110611 0.19615545868873596 0.12901021540164948
v -0.1049429401755333 0.16474415361881256 0.12829117476940155
v 0.09172804653644562 0.25217077136039734 0.12736552953720093
v 0.10300574451684952 0.13411104679107666 0.1266452968120575
v -0.0847274512052536 -0.09163473546504974 0.1099855825304985
v 0.012659191153943539 0.22139889001846313 0.12892255187034607
v -0.008532624691724777 0.220132514834404 0.12909987568855286
v -0.08443977683782578 -0.02465442754328251 0.1096632182598114
v 0.10817420482635498 0.15966247022151947 0.12702909111976624
v 0.04372543841600418 -0.18507245182991028 0.10563656687736511
v 0.008506042882800102 -0.045069754123687744 0.10879457741975784
v 0.017102988436818123 -0.05370980501174927 0.10857398062944412
v 0.025607911869883537 -0.07075487077236176 0.1089746281504631
v -0.05392413213849068 0.23919063806533813 0.12995901703834534
v -0.10613930970430374 0.13703733682632446 0.12509822845458984
v -0.08956983685493469 0.033854130655527115 0.1099892184138298
v -0.06821925193071365 -0.19851456582546234 0.10255983471870422
v -0.10983990132808685 0.22003132104873657 0.1268310695886612
v -0.041638147085905075 -0.16497838497161865 0.10805092006921768
v -0.0002797541383188218 -0.04332694783806801 0.10809145122766495
v 0.06230928376317024 -0.2206934541463852 0.09687145799398422
v 0.0515081062912941 -0.23647212982177734 0.09358444064855576
v 0.11029690504074097 0.20463965833187103 0.1274515688419342
v 0.08635859191417694 -0.0985373929142952 0.10938793420791626
v 0.08648063242435455 -0.025521138682961464 0.10920235514640808
v 0.07808582484722137 0.25340980291366577 0.12742257118225098
v 0.0692247599363327 0.251704603433609 0.1274101585149765
v -0.03730084374547005 -0.12676291167736053 0.11022839695215225
v -0.09079611301422119 0.25296148657798767 0.12667304277420044
v -0.07986326515674591 0.25362205505371094 0.12723512947559357
v -0.03198884055018425 0.23010380566120148 0.12843096256256104
v 0.043659888207912445 -0.21927788853645325 0.09683752059936523
v -0.008307733573019505 -0.04771453142166138 0.10804098099470139
v -0.01773734763264656 -0.05596281960606575 0.10896103084087372
v 0.03354130685329437 -0.10145869851112366 0.11032811552286148
v -0.08641151338815689 0.017199397087097168 0.10991740971803665
v 0.08592434972524643 -0.13597765564918518 0.10719694197177887
v -0.028664737939834595 -0.08204920589923859 0.10974666476249695
v -0.06844440847635269 0.2515977621078491 0.12738071382045746
v -0.10120435804128647 0.09882793575525284 0.12084140628576279
v 0.09127882122993469 0.041848134249448776 0.11120076477527618
v 0.08957096934318542 0.019368916749954224 0.10905621945858002
v 0.09332618117332458 0.06415465474128723 0.11566954106092453
v 0.11024422943592072 0.23259060084819794 0.12579356133937836
v 0.08447084575891495 -0.1600295752286911 0.10463710129261017
v -0.043131761252880096 -0.19405880570411682 0.10301084816455841
v -0.10455679148435593 0.2521654963493347 0.1234331801533699
v -0.05908070132136345 -0.23322036862373352 0.09267283231019974
v -0.06904157251119614 -0.20380015671253204 0.10006318986415863
v 0.028126809746026993 0.22949056327342987 0.12772667407989502
v -0.08631967008113861 -0.15762194991111755 0.10404600203037262
v -0.043299101293087006 -0.22076120972633362 0.09601738303899765
v 0.0702311173081398 -0.2010755091905594 0.10081610083580017
v 0.05702495947480202 0.24671496450901031 0.12726575136184692
v 0.10187371075153351 0.09003474563360214 0.11842229962348938
v -0.11333578824996948 0.1907685250043869 0.12513193488121033
v 0.10794253647327423 0.24767230451107025 0.12366457283496857
v -0.11287163943052292 0.23727524280548096 0.12331300973892212
v -0.09158812463283539 -0.13434408605098724 0.10390842705965042
v -0.10260054469108582 0.08079390972852707 0.1154080405831337
v -0.10884591937065125 0.11610668152570724 0.1199234127998352
v -0.09472431242465973 0.053035639226436615 0.111613430082798
v -0.11308537423610687 0.1489936113357544 0.12241590768098831
v -0.09278722107410431 -0.018996650353074074 0.1050158217549324
v -0.09299490600824356 -0.09077909588813782 0.10538626462221146
v 0.10925903916358948 0.11921437829732895 0.12027772516012192
v 0.10487815737724304 0.2565988600254059 0.12137989699840546
v -0.09650282561779022 0.026142988353967667 0.10437322407960892
v -0.05320889502763748 -0.2520490288734436 0.08334653079509735
v -0.04849547892808914 -0.24641837179660797 0.08739564567804337
v -0.04976680874824524 -0.25933733582496643 0.07907405495643616
v 0.037347085773944855 -0.15852874517440796 0.10611749440431595
v 0.09464965760707855 -0.11350560188293457 0.10363543033599854
v -0.0865568146109581 -0.17091365158557892 0.10026812553405762
v 0.044647324830293655 -0.24496658146381378 0.08643566071987152
v 0.04975574091076851 -0.26043397188186646 0.07840272039175034
v 0.09371016174554825 -0.040043774992227554 0.10493571311235428
v 0.09498235583305359 -0.0887468159198761 0.10431614518165588
v 0.09519749134778976 0.0061776302754879 0.10481831431388855
v -0.10271260142326355 0.04979589581489563 0.10463184863328934
v -0.05403834208846092 0.24961094558238983 0.12501747906208038
v -0.017568007111549377 0.23546850681304932 0.1227404773235321
v -0.0015768477460369468 0.23334380984306335 0.12210340052843094
v 0.015229634009301662 0.23465949296951294 0.12230583280324936
v 0.030155522748827934 0.24048373103141785 0.12208367884159088
v 0.06041235849261284 -0.23943005502223969 0.08799458295106888
v 0.09943058341741562 0.032692670822143555 0.103733591735363
v 0.11632013320922852 0.16624321043491364 0.12207507342100143
v 0.11695634573698044 0.14727750420570374 0.11953815072774887
v 0.09377378225326538 -0.14030563831329346 0.10147061198949814
v -0.04079078882932663 -0.23938748240470886 0.08627508580684662
v -0.03869807347655296 -0.1815142184495926 0.1027081087231636
v 0.08871885389089584 -0.16252954304218292 0.10119638592004776
v 0.09144171327352524 0.2636670172214508 0.12083958089351654
v 0.1026230975985527 0.05541634559631348 0.10682833939790726
v -0.10164494812488556 0.26062265038490295 0.11957074701786041
v 0.0394679494202137 -0.19746939837932587 0.09952195733785629
v -0.04413333907723427 -0.2538835406303406 0.08048249036073685
v -0.09177660942077637 0.26532870531082153 0.11909548193216324
v -0.1189933493733406 0.1755198985338211 0.11994950473308563
v 0.04406965523958206 -0.25913500785827637 0.07664239406585693
v -0.11870063096284866 0.22169141471385956 0.12039198726415634
v -0.11965353041887283 0.19997401535511017 0.12028425931930542
v -0.07548676431179047 0.26505833864212036 0.11967580765485764
v 0.11921444535255432 0.20721401274204254 0.12095814198255539
v -0.03563802316784859 -0.14749588072299957 0.10611145943403244
v 0.07593616843223572 0.26491880416870117 0.11991550028324127
v -0.056565918028354645 0.257487952709198 0.12095697969198227
v 0.11788606643676758 0.23524127900600433 0.12001316249370575
v 0.05550485849380493 0.2564723789691925 0.12081930786371231
v -0.11188803613185883 0.09582288563251495 0.11228583753108978
v -0.11241579055786133 0.07845856249332428 0.10581596940755844
v -0.10021203756332397 -0.0942038893699646 0.09952370822429657
v -0.03949488326907158 -0.2171504646539688 0.09409236162900925
v -0.11538660526275635 0.253803551197052 0.1157165914773941
v 0.10998843610286713 0.0848555937409401 0.11053413152694702
v -0.0966794341802597 -0.15678729116916656 0.09594254940748215
v -0.0997760072350502 -0.13247615098953247 0.09709945321083069
v -0.03352336958050728 0.2446938157081604 0.12105045467615128
v -0.11882442235946655 0.1296616941690445 0.11411267518997192
v 0.10108748823404312 -0.016888201236724854 0.09880124777555466
v 0.11784622073173523 0.24919730424880981 0.1161077618598938
v -0.029159238561987877 -0.10222379863262177 0.10657331347465515
v -0.10036914795637131 -0.031815048307180405 0.09867196530103683
v -0.10086361318826675 0.006226628553122282 0.09878366440534592
v 0.11692669987678528 0.12078728526830673 0.11405646800994873
v -0.09457746148109436 -0.17710159718990326 0.09095259010791779
v 0.10236397385597229 -0.10742619633674622 0.09710151702165604
v -0.02218601293861866 -0.07302072644233704 0.10565830022096634
v 0.1037125214934349 0.019632894545793533 0.09775722771883011
v -0.07302452623844147 -0.21155431866645813 0.09262343496084213
v -0.12050577998161316 0.14594247937202454 0.11502683907747269
v 0.10486426949501038 0.26636943221092224 0.11418154835700989
v -0.06033332645893097 -0.24041125178337097 0.08653581887483597
v 0.029146628454327583 -0.10337070375680923 0.10588505119085312
v 0.02392462082207203 -0.07815918326377869 0.1050419732928276
v 0.017941419035196304 -0.06222368776798248 0.1047651395201683
v -0.013983395881950855 -0.057209715247154236 0.10509906709194183
v -0.12090028077363968 0.2366098165512085 0.11604490876197815
v -0.04380543529987335 -0.26471570134162903 0.07085166126489639
v 0.044616036117076874 -0.26748189330101013 0.06908572465181351
v 0.00964590534567833 -0.05483003333210945 0.10137034207582474
v 0.0032273971009999514 -0.04956040531396866 0.10222608596086502
v -0.002334336983039975 -0.04963492229580879 0.10237923264503479
v 0.1129939928650856 0.2600020170211792 0.11379356682300568
v 0.049075931310653687 -0.2725636661052704 0.06533079594373703
v -0.04945003613829613 -0.2705683708190918 0.06746691465377808
v 0.03899141773581505 -0.22165252268314362 0.091170534491539
v -0.013262064196169376 0.2440994679927826 0.11421842873096466
v -0.02721538580954075 0.24930104613304138 0.1139020025730133
v 0.06714050471782684 0.2695128619670868 0.11294663697481155
v 0.04033764824271202 -0.24942049384117126 0.07922913879156113
v -0.06678902357816696 -0.22619283199310303 0.08974731713533401
v -0.11090243607759476 0.26621708273887634 0.10872481018304825
v -0.0669279471039772 -0.22914119064807892 0.08455453813076019
v -0.07127232104539871 -0.22312608361244202 0.08311720937490463
v 0.01780608668923378 -0.06726884096860886 -0.04402995482087135
v 0.016208592802286148 -0.07589374482631683 -0.055906206369400024
v 0.020538117736577988 -0.0894281417131424 -0.055053431540727615
v 0.024493934586644173 -0.08588039875030518 -0.043448369950056076
v 0.007412440609186888 -0.05635042488574982 -0.05731956660747528
v 0.008637773804366589 -0.04751700162887573 -0.046770013868808746
v 0.0018666477408260107 -0.04984256625175476 -0.06003817915916443
v 0.001244702492840588 -0.04105014726519585 -0.05226734280586243
v 0.02462323196232319 -0.06140833720564842 -0.0324423722922802
v 0.030415762215852737 -0.08517997711896896 -0.03538377583026886
v 0.008226878009736538 -0.03895941376686096 -0.043543294072151184
v 0.023325907066464424 -0.04885081946849823 -0.030599741265177727
v 0.0067366864532232285 -0.03187273442745209 -0.04232161119580269
v 0.030113527551293373 -0.11281115561723709 -0.04332006350159645
v 0.027847450226545334 -0.12405499070882797 -0.05102461203932762
v 0.0362212136387825 -0.1096344143152237 -0.03518546000123024
v 0.03437606617808342 -0.13884299993515015 -0.04327517747879028
v 0.03207423537969589 -0.15937121212482452 -0.051367294043302536
v 0.039716970175504684 -0.15179210901260376 -0.039659418165683746
v 0.03736770153045654 -0.17635969817638397 -0.045561566948890686
v 0.034816451370716095 -0.2116527408361435 -0.05647323280572891
v 0.0433061346411705 -0.0464058518409729 -0.009257721714675426
v 0.04035447537899017 -0.03947644680738449 -0.010077185928821564
v 0.04720316454768181 -0.03785278648138046 -0.00111103942617774
v 0.03671707957983017 -0.0840219110250473 -0.028750458732247353
v 0.04667651653289795 -0.22492767870426178 -0.042008619755506516
v 0.029901012778282166 -0.026943389326334 -0.02136034332215786
v 0.02043701335787773 -0.029374727979302406 -0.031262412667274475
v 0.036404721438884735 -0.03281287103891373 -0.01337568648159504
v 0.034626491367816925 -0.010557159781455994 -0.014099454507231712
v 0.04199185594916344 -0.11273334175348282 -0.030957220122218132
v 0.04547939449548721 -0.15080708265304565 -0.03462063893675804
v 0.043505724519491196 -0.22696128487586975 -0.045093316584825516
v 0.03912826627492905 -0.21521548926830292 -0.048834916204214096
v 0.04305686429142952 -0.2583951950073242 -0.05227623134851456
v 0.048328947275877 -0.2648778259754181 -0.04757525399327278
v 0.04038745164871216 -0.2541433274745941 -0.055626124143600464
v 0.025309957563877106 0.0347575880587101 -0.028432227671146393
v 0.03205428645014763 0.037865251302719116 -0.02004970982670784
v 0.028200238943099976 0.09053537249565125 -0.02823682688176632
v 0.03192965313792229 0.09416405856609344 -0.02326716110110283
v 0.032194871455430984 0.15004827082157135 -0.021835165098309517
v 0.027543820440769196 0.15026086568832397 -0.027966422960162163
v 0.02773991972208023 0.21177202463150024 -0.02785678394138813
v 0.03152526915073395 0.2135382890701294 -0.022927336394786835
v 0.030116582289338112 0.23261839151382446 -0.02651597186923027
v 0.05216611549258232 -0.2184949815273285 -0.03761356696486473
v 0.054299496114254 -0.2630559206008911 -0.043144822120666504
v 0.051731158047914505 -0.13212677836418152 -0.028315648436546326
v 0.05514564365148544 -0.16661164164543152 -0.031066816300153732
v 0.04879362881183624 -0.10181667655706406 -0.025175852701067924
v 0.044956255704164505 -0.0848369300365448 -0.0231819748878479
v 0.01439580973237753 -0.021167797967791557 -0.03567144274711609
v 0.018953600898385048 0.04043395817279816 -0.03320034220814705
v 0.02321271225810051 0.09349217265844345 -0.0324377603828907
v 0.02254597470164299 0.14803065359592438 -0.03223677724599838
v 0.023064760491251945 0.21070703864097595 -0.0318576842546463
v 0.017370065674185753 0.21558545529842377 -0.03518929332494736
v 0.015696294605731964 0.14599281549453735 -0.03577912971377373
v 0.01687152497470379 0.23293757438659668 -0.03614145889878273
v 0.0244792141020298 0.2319854497909546 -0.03159717842936516
v 0.016113268211483955 0.09362123161554337 -0.035904984921216965
v 0.012554284185171127 0.04371511936187744 -0.03586910292506218
v 0.052385326474905014 -0.0820622518658638 -0.01854323223233223
v 0.0589652918279171 -0.20742180943489075 -0.03382101282477379
v 0.06217879429459572 -0.2544472813606262 -0.038886651396751404
v 0.010658236220479012 0.2292398363351822 -0.03751539811491966
v 0.008661572821438313 -0.005847700405865908 -0.03739318996667862
v 0.00340040004812181 -0.02403366006910801 -0.041515640914440155
v 0.06396333873271942 -0.15389001369476318 -0.0271053034812212
v 0.06305144727230072 -0.10180394351482391 -0.020774032920598984
v -0.00006869960634503514 -0.027250701561570168 -0.04361049830913544
v 0.06388469785451889 -0.08384538441896439 -0.016554303467273712
v 0.01846952736377716 0.24369874596595764 -0.037744633853435516
v 0.03070923127233982 0.24357324838638306 -0.029264820739626884
v 0.009087914600968361 0.14899343252182007 -0.03738515451550484
v 0.007674812339246273 0.09157516062259674 -0.03772111237049103
v 0.001268225023522973 0.000917437020689249 -0.038028132170438766
v 0.008390725590288639 0.24353797733783722 -0.04077460616827011
v 0.05105651542544365 -0.058526162058115005 -0.009552368894219398
v 0.06355571746826172 -0.06348681449890137 -0.008468786254525185
v 0.05656737461686134 -0.04808574914932251 -0.0014737268211320043
v 0.062496673315763474 -0.26616567373275757 -0.04219401627779007
v 0.05375112220644951 -0.27229857444763184 -0.04844645783305168
v 0.0027347488794475794 0.17863687872886658 -0.038352735340595245
v 0.0009821816347539425 0.048362500965595245 -0.037203460931777954
v -0.0009747127769514918 0.21901629865169525 -0.03864601254463196
v -0.00152618030551821 0.23309768736362457 -0.03928738832473755
v -0.002317916601896286 0.24286721646785736 -0.041457194834947586
v 0.04265200346708298 -0.0290073249489069 -0.0004454258596524596
v 0.046353213489055634 -0.27083006501197815 -0.054376933723688126
v 0.03599272668361664 0.2274068295955658 -0.01577499881386757
v 0.03502223640680313 0.20443527400493622 -0.016099262982606888
v 0.0372566357254982 0.24130596220493317 -0.01774621568620205
v 0.038454826921224594 -0.023912634700536728 -0.007053969893604517
v 0.020035365596413612 0.25317075848579407 -0.04368223249912262
v 0.036484140902757645 0.25384533405303955 -0.03122405707836151
v 0.028681933879852295 -0.15356901288032532 -0.057887233793735504
v 0.023381300270557404 -0.10734343528747559 -0.057192113250494
v 0.010490324348211288 0.252488374710083 -0.04679336026310921
v 0.044568032026290894 0.25251129269599915 -0.017887726426124573
v 0.040050674229860306 -0.26102858781814575 -0.0640193521976471
v 0.036868005990982056 -0.24498781561851501 -0.06630520522594452
v 0.031168164685368538 -0.19678623974323273 -0.06848549842834473
v 0.026536041870713234 -0.14987124502658844 -0.06904581189155579
v 0.020918935537338257 -0.10131468623876572 -0.06872574985027313
v 0.015169498510658741 -0.07849089801311493 -0.06868105381727219
v 0.00784067902714014 -0.06172012537717819 -0.06906414031982422
v 0.0015983866760507226 -0.05509791895747185 -0.0724978819489479
v 0.04370817169547081 -0.2688571512699127 -0.06552045792341232
v 0.015271679498255253 -0.07841210812330246 -0.08229223638772964
v 0.0395626500248909 -0.2580408751964569 -0.07114628702402115
v 0.022584261372685432 -0.11255249381065369 -0.08236353099346161
v 0.027986569330096245 -0.15936341881752014 -0.08314596861600876
v 0.03305622562766075 -0.20962174236774445 -0.07955379784107208
v 0.019974198192358017 -0.09629302471876144 -0.08204112946987152
v 0.008266987279057503 -0.06319072097539902 -0.08266925811767578
v 0.0019471541745588183 -0.05650980398058891 -0.08483143895864487
v 0.03672199323773384 -0.234413743019104 -0.07958315312862396
v 0.02400803007185459 -0.10437704622745514 -0.09530884772539139
v 0.019322743639349937 -0.07957363873720169 -0.09795057028532028
v 0.030985435470938683 -0.1639004647731781 -0.0941825807094574
v 0.01562030054628849 -0.0718047171831131 -0.09505078196525574
v 0.035978496074676514 -0.2089206725358963 -0.09023948758840561
v 0.008642475120723248 -0.05974306911230087 -0.09472610056400299
v 0.03999672457575798 -0.24787135422229767 -0.07982128858566284
v 0.04888712242245674 -0.2735823094844818 -0.06067743897438049
v 0.039517562836408615 -0.2250596433877945 -0.09061691910028458
v 0.02894550748169422 -0.12319068610668182 -0.10082434862852097
v 0.02486945129930973 -0.09395424276590347 -0.10200152546167374
v 0.03469331935048103 -0.17224691808223724 -0.09934771060943604
v 0.020198196172714233 -0.06971917301416397 -0.10546833276748657
v 0.04398471862077713 -0.2611294388771057 -0.07597855478525162
v 0.005181295331567526 -0.05454285070300102 -0.09803646802902222
v 0.014050080440938473 -0.058683011680841446 -0.10441533476114273
v 0.05617370828986168 -0.27490314841270447 -0.05356821417808533
v 0.049336355179548264 -0.27144962549209595 -0.06761018931865692
v -0.000032567611924605444 -0.052622802555561066 -0.0967620462179184
v 0.03514701873064041 -0.008409332484006882 0.011241020634770393
v 0.038615014404058456 -0.01460176333785057 0.00020789657719433308
v 0.03745974600315094 -0.025630593299865723 0.008800496347248554
v 0.03733523190021515 0.0023023434914648533 0.00032736739376559854
v 0.03472188115119934 0.034421078860759735 0.012419547885656357
v 0.03647801652550697 0.043932512402534485 0.002598927589133382
v 0.03557772561907768 0.08729354292154312 0.012746811844408512
v 0.03727797418832779 0.09404786676168442 0.0026551983319222927
v 0.03535255789756775 0.1340234875679016 0.013249628245830536
v 0.037594012916088104 0.20398418605327606 0.0039983768947422504
v 0.03518439084291458 0.21620619297027588 0.01566532626748085
v 0.039062660187482834 0.22917944192886353 0.0019505330128595233
v 0.03675657883286476 0.23799720406532288 0.01646498031914234
v 0.03241695091128349 0.13585597276687622 0.021065959706902504
v 0.032347384840250015 0.20777104794979095 0.021581314504146576
v 0.03267379850149155 0.08606327325105667 0.02088443748652935
v 0.03172004967927933 0.031529564410448074 0.01996471732854843
v 0.0318199098110199 0.23188018798828125 0.023973843082785606
v 0.04124196991324425 0.24262429773807526 0.002714332193136215
v 0.030794326215982437 -0.014626475982367992 0.01958894170820713
v 0.03408333286643028 -0.034344881772994995 0.016045644879341125
v 0.033059775829315186 0.24395298957824707 0.02555016614496708
v 0.03912636637687683 0.24344152212142944 0.014405079185962677
v 0.02835526317358017 0.08485707640647888 0.027332143858075142
v 0.02783810719847679 0.13764505088329315 0.027855094522237778
v 0.026377800852060318 0.01605241745710373 0.027228152379393578
v 0.025827040895819664 0.04462099075317383 0.028426360338926315
v 0.02794383279979229 0.2121737152338028 0.027730446308851242
v 0.04199497029185295 -0.03693303465843201 0.005937131587415934
v 0.03632407262921333 -0.046895891427993774 0.016010908409953117
v 0.024951867759227753 -0.03020019643008709 0.026664264500141144
v 0.019849905744194984 -0.04431378096342087 0.03298212215304375
v 0.02240755222737789 -0.012582181952893734 0.029369084164500237
v 0.02522442489862442 0.2345706969499588 0.03153297305107117
v 0.026686755940318108 0.24382302165031433 0.03250855579972267
v 0.02387845702469349 0.09365783631801605 0.03171233832836151
v 0.02375752478837967 0.15964534878730774 0.03180309385061264
v 0.02268749102950096 -0.06069426238536835 0.03403977304697037
v 0.008144570514559746 -0.047961413860321045 0.047603800892829895
v 0.027495233342051506 -0.07953188568353653 0.03660731017589569
v 0.023645497858524323 0.21201685070991516 0.03174811974167824
v 0.01605929806828499 -0.06665544211864471 0.04719150438904762
v 0.021819135174155235 -0.08452943712472916 0.04852253198623657
v 0.026908399537205696 -0.09761399030685425 0.04383699223399162
v 0.024806534871459007 -0.11003386229276657 0.05464150011539459
v 0.028793105855584145 -0.11708607524633408 0.04689406976103783
v 0.03336931765079498 -0.14539432525634766 0.04548537731170654
v 0.030519749969244003 -0.14982567727565765 0.05223674699664116
v 0.035809487104415894 -0.19339223206043243 0.050017304718494415
v 0.03273867070674896 -0.2020861655473709 0.06076551601290703
v 0.03914760798215866 -0.23800501227378845 0.05403666943311691
v 0.027049226686358452 -0.1453629583120346 0.0613219179213047
v 0.02141391672194004 -0.09830086678266525 0.06130650267004967
v 0.03775639832019806 -0.2455732375383377 0.06167832762002945
v 0.04239266738295555 -0.265934020280838 0.05900789052248001
v 0.043301139026880264 -0.2611406445503235 0.053508348762989044
v 0.03166922554373741 -0.2023478001356125 0.0729261189699173
v 0.02745506353676319 -0.15921330451965332 0.07433667778968811
v 0.023005694150924683 -0.11781920492649078 0.07468331605195999
v 0.020012933760881424 -0.09678911417722702 0.07400131225585938
v 0.037268996238708496 0.08817453682422638 -0.00393153540790081
v 0.03642095997929573 0.04066793993115425 -0.004079943522810936
v 0.03741227835416794 0.16349747776985168 -0.003050949890166521
v 0.04066381976008415 -0.2616671025753021 0.06607779860496521
v 0.03728577867150307 -0.24439381062984467 0.07285302877426147
v 0.03718464449048042 0.20334510505199432 -0.006524327211081982
v 0.01644161529839039 -0.07739035040140152 0.05888089910149574
v 0.015579230152070522 -0.07883776724338531 0.0748601108789444
v 0.03893980383872986 -0.20568859577178955 0.047087643295526505
v 0.03500102460384369 0.02371109277009964 -0.012279754504561424
v 0.03368764743208885 -0.2138250321149826 0.07879932969808578
v 0.028149571269750595 -0.154116690158844 0.0869319811463356
v 0.023763740435242653 -0.11490808427333832 0.08658464252948761
v 0.030923327431082726 -0.18181101977825165 0.08564476668834686
v 0.020461196079850197 -0.0922628715634346 0.08763505518436432
v 0.04044155776500702 0.24208982288837433 -0.007447648327797651
v 0.035907499492168427 0.09259205311536789 -0.013955928385257721
v 0.03576994687318802 0.1419820785522461 -0.01328630093485117
v 0.04306695610284805 -0.2255128175020218 0.04495496675372124
v 0.008262383751571178 -0.05903857946395874 0.06038310006260872
v 0.008586389943957329 -0.06316189467906952 0.07546328008174896
v 0.040517184883356094 -0.1473371684551239 0.03734702616930008
v 0.03619242087006569 -0.12166161835193634 0.03757802024483681
v 0.015670448541641235 -0.074977807700634 0.0861843153834343
v 0.04854338988661766 -0.2656898498535156 0.047695841640233994
v 0.034345660358667374 -0.09049573540687561 0.03243771940469742
v 0.050629839301109314 -0.2716059684753418 0.048635076731443405
v 0.04640927538275719 -0.2727451026439667 0.058016203343868256
v 0.03529130667448044 -0.2127075344324112 0.08748653531074524
v 0.03716226667165756 -0.22912047803401947 0.08354400843381882
v 0.025943070650100708 -0.10753949731588364 0.0990808755159378
v 0.020283397287130356 -0.07814053446054459 0.09844085574150085
v 0.0006393640651367605 -0.04336448758840561 0.05717838928103447
v 0.0015280402731150389 -0.03634481504559517 0.0501382015645504
v 0.001131689758040011 -0.028573209419846535 0.04662858694791794
v 0.0014210868394002318 -0.05222982168197632 0.06663785874843597
v 0.034980300813913345 -0.06877760589122772 0.024670561775565147
v 0.05050687491893768 -0.24542860686779022 0.04172934219241142
v 0.031084710732102394 -0.14838427305221558 0.09921291470527649
v 0.04033764824271202 -0.24942049384117126 0.07922913879156113
v 0.04342039301991463 -0.05186337232589722 0.011185134761035442
v 0.014169123023748398 -0.03014686517417431 0.036085836589336395
v 0.03474528715014458 -0.17030486464500427 0.10015634447336197
v 0.044616036117076874 -0.26748189330101013 0.06908572465181351
v 0.0454121008515358 0.2525510787963867 0.014974560588598251
v 0.021558241918683052 0.028456896543502808 0.03165113553404808
v 0.03923184424638748 0.25469452142715454 0.028726445510983467
v 0.04786548390984535 0.2515447735786438 0.0029763521160930395
v 0.04718136414885521 0.25234636664390564 -0.010360509157180786
v 0.03899141773581505 -0.22165252268314362 0.091170534491539
v 0.0394679494202137 -0.19746939837932587 0.09952195733785629
v 0.04406965523958206 -0.25913500785827637 0.07664239406585693
v 0.0016070486744865775 -0.019121073186397552 0.04199034720659256
v 0.05221617594361305 -0.044894102960824966 0.0013350186636671424
v 0.028171293437480927 0.25386589765548706 0.038743678480386734
v 0.037347085773944855 -0.15852874517440796 0.10611749440431595
v 0.029146628454327583 -0.10337070375680923 0.10588505119085312
v 0.049075931310653687 -0.2725636661052704 0.06533079594373703
v 0.051582999527454376 -0.275947630405426 0.05761181563138962
v -0.010881036520004272 -0.017907654866576195 -0.036617472767829895
v -0.010303625836968422 -0.030110906809568405 -0.0386161133646965
v -0.00006869960634503514 -0.027250701561570168 -0.04361049830913544
v -0.018042026087641716 -0.017340930178761482 -0.032134778797626495
v -0.00304607767611742 -0.012609077617526054 -0.03902995213866234
v -0.018286176025867462 -0.03760526329278946 -0.03327452763915062
v -0.01865605264902115 0.03135434165596962 -0.03172336146235466
v -0.026768244802951813 0.02799820341169834 -0.025349391624331474
v -0.027361193671822548 0.08826885372400284 -0.02740611881017685
v -0.020406940951943398 0.09402205795049667 -0.03289131075143814
v -0.02753940224647522 0.1491442322731018 -0.027285508811473846
v -0.02047751657664776 0.1507718861103058 -0.032754477113485336
v -0.022478299215435982 0.21694502234458923 -0.031754668802022934
v -0.01534207072108984 0.21555915474891663 -0.03557038679718971
v -0.024876317009329796 0.23465825617313385 -0.03149626776576042
v -0.014669959433376789 0.23600898683071136 -0.0370057113468647
v -0.02664107270538807 -0.018066074699163437 -0.0248599573969841
v -0.027455177158117294 0.2171708345413208 -0.027451053261756897
v -0.014877170324325562 0.1565205305814743 -0.035247813910245895
v -0.013080107979476452 0.0940876379609108 -0.035781968384981155
v -0.01006993092596531 0.041692543774843216 -0.03547801077365875
v -0.011659734882414341 0.006002288777381182 -0.035153694450855255
v -0.03172701224684715 -0.03640339896082878 -0.019843166694045067
v -0.004691218491643667 -0.038140226155519485 -0.04583337530493736
v -0.03170965984463692 0.23574891686439514 -0.02407117746770382
v -0.022028490900993347 -0.057157862931489944 -0.033931665122509
v -0.0388619564473629 -0.043031301349401474 -0.01311226561665535
v -0.03477965295314789 -0.029159024357795715 -0.015190914273262024
v -0.031944774091243744 0.02343493327498436 -0.01895313896238804
v -0.03141499310731888 0.16283413767814636 -0.022640563547611237
v -0.03262993320822716 0.08959142863750458 -0.020604589954018593
v -0.03143540024757385 0.2155778408050537 -0.02249760366976261
v -0.012794380076229572 -0.046397559344768524 -0.04103078320622444
v -0.040534693747758865 -0.05802452936768532 -0.01636623777449131
v -0.031985681504011154 -0.08598708361387253 -0.03423086926341057
v -0.03951382264494896 -0.08215568959712982 -0.026203086599707603
v -0.03780822083353996 -0.10189258307218552 -0.03218580782413483
v -0.032988350838422775 -0.13134953379631042 -0.04354279488325119
v -0.04772762954235077 -0.07575595378875732 -0.018701758235692978
v -0.048416703939437866 -0.09880707412958145 -0.024920020252466202
v -0.04449459910392761 -0.10734407603740692 -0.028409726917743683
v -0.05269068107008934 -0.1503496915102005 -0.030174527317285538
v -0.04523872211575508 -0.15361693501472473 -0.03490861505270004
v -0.05231016129255295 -0.21677973866462708 -0.03695320710539818
v -0.05901505425572395 -0.20806418359279633 -0.03361691161990166
v -0.003199113067239523 0.010425716638565063 -0.03734523430466652
v -0.06381393224000931 -0.1513405591249466 -0.026918094605207443
v -0.06227627024054527 -0.1101388931274414 -0.02218523807823658
v -0.004543977789580822 0.17711611092090607 -0.0381339006125927
v -0.05865912884473801 -0.2584937512874603 -0.04016418009996414
v -0.002004451584070921 0.14401181042194366 -0.037966690957546234
v -0.0033548143692314625 0.09337805956602097 -0.03781403228640556
v -0.0009747127769514918 0.21901629865169525 -0.03864601254463196
v -0.06605712324380875 -0.25130215287208557 -0.03754165768623352
v -0.00152618030551821 0.23309768736362457 -0.03928738832473755
v 0.0009821816347539425 0.048362500965595245 -0.037203460931777954
v -0.0639895498752594 -0.21052926778793335 -0.03296618163585663
v 0.001268225023522973 0.000917437020689249 -0.038028132170438766
v 0.00340040004812181 -0.02403366006910801 -0.041515640914440155
v -0.0542258694767952 -0.09102579206228256 -0.020865505561232567
v -0.0620403066277504 -0.08927934616804123 -0.018281226977705956
v -0.05280526354908943 -0.266428142786026 -0.0444694384932518
v -0.05876970663666725 -0.0699746161699295 -0.012739356607198715
v -0.047267086803913116 -0.21376636624336243 -0.03983078524470329
v -0.002317916601896286 0.24286721646785736 -0.041457194834947586
v 0.0027347488794475794 0.17863687872886658 -0.038352735340595245
v -0.044362623244524 -0.22030706703662872 -0.04300988093018532
v -0.07795636355876923 -0.11412914842367172 -0.022275861352682114
v -0.07919887453317642 -0.1558564454317093 -0.02717655710875988
v -0.0749603733420372 -0.20537735521793365 -0.032235290855169296
v -0.07698595523834229 -0.08516868203878403 -0.017040014266967773
v 0.007674812339246273 0.09157516062259674 -0.03772111237049103
v -0.06258098781108856 -0.2696341574192047 -0.043356817215681076
v 0.009087914600968361 0.14899343252182007 -0.03738515451550484
v -0.05044611543416977 -0.0551360584795475 -0.008920823223888874
v -0.06371103972196579 -0.05934000387787819 -0.006787474267184734
v -0.04719921946525574 -0.26501426100730896 -0.04861912876367569
v -0.04251066967844963 -0.034678757190704346 -0.005763553082942963
v -0.01630367524921894 0.24496014416217804 -0.03975776582956314
v -0.024363650009036064 0.24405865371227264 -0.03463824465870857
v -0.07474296540021896 -0.24432852864265442 -0.037248242646455765
v -0.07687541842460632 -0.06854185461997986 -0.011010747402906418
v -0.037380341440439224 -0.1537264883518219 -0.042019072920084
v -0.08128030598163605 -0.2111501544713974 -0.03356757014989853
v -0.07305309176445007 -0.25693902373313904 -0.03993124142289162
v -0.09161149710416794 -0.14790956676006317 -0.02836454100906849
v -0.08824782818555832 -0.18961025774478912 -0.03271292522549629
v -0.09054193645715714 -0.09985336661338806 -0.02190961129963398
v -0.08944264054298401 -0.0773780420422554 -0.016597026959061623
v -0.07752802968025208 -0.06083866208791733 -0.006577919702976942
v -0.03260650485754013 0.24465051293373108 -0.027243731543421745
v -0.06636204570531845 -0.05341530963778496 -0.0019476606976240873
v -0.056233592331409454 -0.046235471963882446 -0.0014685617061331868
v -0.04977903887629509 -0.04006948322057724 -0.0020721377804875374
v -0.04281265661120415 -0.25867605209350586 -0.052191417664289474
v -0.049287863075733185 -0.2715470492839813 -0.05037933960556984
v -0.0372733399271965 -0.20977497100830078 -0.050230786204338074
v -0.010783279314637184 -0.05265617370605469 -0.046400781720876694
v -0.022790515795350075 -0.08004026114940643 -0.04336371645331383
v -0.027404136955738068 -0.09689547121524811 -0.0428016260266304
v -0.0918632298707962 -0.06449808180332184 -0.011434952728450298
v -0.03253009170293808 -0.14792834222316742 -0.047847114503383636
v -0.0012021997245028615 -0.04043349251151085 -0.051120322197675705
v 0.001244702492840588 -0.04105014726519585 -0.05226734280586243
v -0.04537047818303108 -0.03225131332874298 -0.0009082327014766634
v -0.041288115084171295 -0.024002935737371445 -0.002060827799141407
v -0.08072603493928909 -0.05560915172100067 -0.0013099572388455272
v -0.027937067672610283 0.25445669889450073 -0.04052324593067169
v -0.08585304021835327 -0.22395950555801392 -0.03690323606133461
v -0.0007960016373544931 -0.0483943335711956 -0.05875729024410248
v -0.09909375756978989 -0.10375277698040009 -0.025124551728367805
v -0.09880049526691437 -0.08109691739082336 -0.02051515132188797
v -0.0986347496509552 -0.06854646652936935 -0.01621893420815468
v -0.09958857297897339 -0.1438004970550537 -0.030695881694555283
v -0.09532885998487473 -0.18763241171836853 -0.035051487386226654
v -0.08404658734798431 -0.24260352551937103 -0.04046022146940231
v -0.004952223040163517 0.2517237663269043 -0.04786662757396698
v -0.0920722484588623 -0.05787213146686554 -0.006478095427155495
v -0.014257586561143398 0.25366339087486267 -0.04904574528336525
v -0.038175154477357864 0.2546440660953522 -0.030871815979480743
v 0.008390725590288639 0.24353797733783722 -0.04077460616827011
v 0.010490324348211288 0.252488374710083 -0.04679336026310921
v -0.07158634811639786 -0.26553863286972046 -0.04426845163106918
v -0.1040421649813652 -0.0577470138669014 -0.013859988190233707
v -0.0932011604309082 -0.21806076169013977 -0.0396430641412735
v -0.10624943673610687 -0.09695815294981003 -0.02801164984703064
v -0.10529281944036484 -0.07342503219842911 -0.022234436124563217
v -0.10442258417606354 -0.14953508973121643 -0.03447933867573738
v -0.10044771432876587 -0.19480988383293152 -0.04011329263448715
v -0.08346469700336456 -0.2519703209400177 -0.04469165578484535
v -0.08948073536157608 -0.055114082992076874 -0.002211000770330429
v -0.10160347074270248 -0.049967363476753235 -0.0016559266950935125
v -0.10327079892158508 -0.05159404128789902 -0.007532618474215269
v 0.0784781277179718 -0.13097845017910004 0.024343010038137436
v 0.09215462952852249 -0.12735041975975037 0.025696545839309692
v 0.08409984409809113 -0.19163236021995544 0.03178281709551811
v 0.07313568890094757 -0.2099045217037201 0.03254944831132889
v 0.07755289226770401 -0.09902002662420273 0.019789312034845352
v 0.09187573194503784 -0.10041049122810364 0.021939663216471672
v 0.08282800018787384 -0.21944190561771393 0.035427968949079514
v 0.07642925530672073 -0.2389742136001587 0.0371532216668129
v 0.06739042699337006 -0.24883818626403809 0.03735926002264023
v 0.07649277150630951 -0.08071547746658325 0.015381239354610443
v 0.09461870044469833 -0.08078653365373611 0.018748005852103233
v 0.09361295402050018 -0.16944478452205658 0.03154322877526283
v 0.08919195085763931 -0.20606066286563873 0.035273920744657516
v 0.06954539567232132 -0.2594883143901825 0.040280409157276154
v 0.059621915221214294 -0.26609185338020325 0.04126031696796417
v 0.0619383379817009 -0.25042787194252014 0.03773047775030136
v 0.061664797365665436 -0.21211154758930206 0.03338025510311127
v 0.06310659646987915 -0.1756162941455841 0.029668722301721573
v 0.06578323245048523 -0.11721845716238022 0.023222357034683228
v 0.06310871988534927 -0.08225112408399582 0.016745729371905327
v 0.0785382091999054 -0.24807190895080566 0.04006714001297951
v 0.06069575995206833 -0.15194232761859894 0.027812041342258453
v 0.060415640473365784 -0.11003974825143814 0.02291877567768097
v 0.07543658465147018 -0.06875286251306534 0.010634499602019787
v 0.08376669138669968 -0.07566212862730026 0.01462531741708517
v 0.0905546322464943 -0.06788206100463867 0.012740696780383587
v 0.06450081616640091 -0.06348991394042969 0.008685664273798466
v 0.05572221055626869 -0.2590377628803253 0.04089479520916939
v 0.10211306810379028 -0.08231625705957413 0.021878767758607864
v 0.1037553995847702 -0.10280894488096237 0.026869699358940125
v 0.10006026923656464 -0.16519534587860107 0.033609628677368164
v 0.08744072914123535 -0.2304505854845047 0.039728887379169464
v 0.0985075980424881 -0.0648115798830986 0.01422350574284792
v 0.08381529152393341 -0.06028013676404953 0.006148989778012037
v 0.10632199794054031 -0.07385778427124023 0.022478146478533745
v 0.05119184032082558 -0.08801576495170593 0.0212032999843359
v 0.05073363333940506 -0.11071299761533737 0.02588380128145218
v 0.053981952369213104 -0.06639895588159561 0.01266501471400261
v 0.05407797917723656 -0.20965227484703064 0.035382818430662155
v 0.051507458090782166 -0.13777467608451843 0.02933630347251892
v 0.051328226923942566 -0.05442408472299576 0.007697777356952429
v 0.050775282084941864 -0.21870844066143036 0.03778953477740288
v 0.07245692610740662 -0.26483848690986633 0.04445222392678261
v 0.10552601516246796 -0.05557230859994888 0.01338198222219944
v 0.060758303850889206 -0.27141422033309937 0.04511386528611183
v 0.09622250497341156 -0.20610284805297852 0.03954954072833061
v 0.06572548300027847 -0.053744588047266006 0.0016202786937355995
v 0.0441957451403141 -0.0708014965057373 0.018538067117333412
v 0.042559072375297546 -0.0900784581899643 0.025851329788565636
v 0.04846356809139252 -0.16117504239082336 0.033315639942884445
v 0.043743543326854706 -0.12546299397945404 0.031999967992305756
v 0.05050687491893768 -0.24542860686779022 0.04172934219241142
v 0.05221617594361305 -0.044894102960824966 0.0013350186636671424
v 0.09765077382326126 -0.05481475964188576 0.006343829911202192
v 0.04342039301991463 -0.05186337232589722 0.011185134761035442
v 0.04854338988661766 -0.2656898498535156 0.047695841640233994
v 0.050629839301109314 -0.2716059684753418 0.048635076731443405
v 0.10252679884433746 -0.18665769696235657 0.0399601012468338
v 0.0825943648815155 -0.2518129050731659 0.044782355427742004
v 0.10651244968175888 -0.11138807982206345 0.03025498241186142
v 0.10541284084320068 -0.1529386043548584 0.03546535223722458
v 0.11037816107273102 -0.08144542574882507 0.029164640232920647
v 0.040517184883356094 -0.1473371684551239 0.03734702616930008
v 0.034980300813913345 -0.06877760589122772 0.024670561775565147
v 0.08235644549131393 -0.05575529485940933 0.001060225535184145
v 0.034345660358667374 -0.09049573540687561 0.03243771940469742
v 0.03619242087006569 -0.12166161835193634 0.03757802024483681
v 0.04199497029185295 -0.03693303465843201 0.005937131587415934
v 0.04306695610284805 -0.2255128175020218 0.04495496675372124
v 0.05705657973885536 -0.27518704533576965 0.05069545656442642
v 0.0922447144985199 -0.22891350090503693 0.04353025555610657
v 0.10931503027677536 -0.05714312940835953 0.018615135923027992
v 0.10667698085308075 -0.04854368418455124 0.00726738665252924
v 0.06789354979991913 -0.2708251178264618 0.048977479338645935
v 0.09689147770404816 -0.05213427171111107 0.0008029738091863692
v 0.051582999527454376 -0.275947630405426 0.05761181563138962
v -0.026623321697115898 -0.1271546185016632 -0.09469244629144669
v -0.02776835672557354 -0.15744644403457642 -0.08224490284919739
v -0.031750213354825974 -0.16962675750255585 -0.0939347967505455
v -0.02184978313744068 -0.10893845558166504 -0.08189360052347183
v -0.022985730320215225 -0.09822120517492294 -0.09660031646490097
v -0.03116498701274395 -0.1923959106206894 -0.08028976619243622
v -0.017874691635370255 -0.08792342990636826 -0.0811820849776268
v -0.03617541491985321 -0.22678238153457642 -0.08219650387763977
v -0.03540055453777313 -0.20214803516864777 -0.0915505513548851
v -0.03682848438620567 -0.24261020123958588 -0.07519759237766266
v -0.01938284933567047 -0.08253153413534164 -0.09604208916425705
v -0.03398995101451874 -0.22228461503982544 -0.0672539547085762
v -0.03742443397641182 -0.2541692852973938 -0.06520012021064758
v -0.03986722603440285 -0.25905510783195496 -0.07069361209869385
v -0.030861971899867058 -0.19323961436748505 -0.06594058871269226
v -0.02698398008942604 -0.15292146801948547 -0.06814781576395035
v -0.022619787603616714 -0.11487536132335663 -0.06679573655128479
v -0.019007913768291473 -0.09267374128103256 -0.06732069700956345
v -0.01523451879620552 -0.07803895324468613 -0.06749501079320908
v -0.01327792089432478 -0.07288401573896408 -0.08140397816896439
v -0.013551898300647736 -0.06689012795686722 -0.09541016072034836
v -0.043127838522195816 -0.2696301341056824 -0.0615580789744854
v -0.03445090353488922 -0.21176138520240784 -0.0575876384973526
v -0.029906075447797775 -0.1628083437681198 -0.056951235979795456
v -0.025995107367634773 -0.12372758984565735 -0.055655062198638916
v -0.022554393857717514 -0.0991867184638977 -0.05426111817359924
v -0.01840849593281746 -0.0810520127415657 -0.05409606546163559
v -0.03922702372074127 -0.2542768716812134 -0.05732472240924835
v -0.04295193403959274 -0.26730969548225403 -0.05607914552092552
v -0.013795489445328712 -0.06836512684822083 -0.05464444309473038
v -0.00933155044913292 -0.06491654366254807 -0.07037089020013809
v -0.040071986615657806 -0.2469511479139328 -0.08075518161058426
v -0.029697030782699585 -0.12629352509975433 -0.1016315221786499
v -0.03944562375545502 -0.2195652723312378 -0.0925140231847763
v -0.034643445163965225 -0.16999153792858124 -0.09961055219173431
v -0.02718815580010414 -0.09410593658685684 -0.10603509843349457
v -0.018799906596541405 -0.06687189638614655 -0.10519644618034363
v -0.007132485043257475 -0.06228908523917198 -0.08259989321231842
v -0.00721158180385828 -0.05831308662891388 -0.05920015275478363
v -0.014405591413378716 -0.05521388351917267 -0.1072450652718544
v -0.037767697125673294 -0.15546618402004242 -0.1066596582531929
v -0.039843376725912094 -0.19186143577098846 -0.10108597576618195
v -0.006319768726825714 -0.056405700743198395 -0.09594938904047012
v -0.04448341205716133 -0.26465359330177307 -0.07250085473060608
v -0.0372733399271965 -0.20977497100830078 -0.050230786204338074
v -0.022790515795350075 -0.08004026114940643 -0.04336371645331383
v -0.010783279314637184 -0.05265617370605469 -0.046400781720876694
v -0.03253009170293808 -0.14792834222316742 -0.047847114503383636
v -0.027404136955738068 -0.09689547121524811 -0.0428016260266304
v -0.032988350838422775 -0.13134953379631042 -0.04354279488325119
v -0.04281265661120415 -0.25867605209350586 -0.052191417664289474
v -0.0014280376490205526 -0.054203007370233536 -0.06723572313785553
v -0.001718534855172038 -0.057035449892282486 -0.08341003954410553
v -0.0007960016373544931 -0.0483943335711956 -0.05875729024410248
v -0.04719921946525574 -0.26501426100730896 -0.04861912876367569
v -0.004691218491643667 -0.038140226155519485 -0.04583337530493736
v -0.04416394606232643 -0.24635912477970123 -0.08578025549650192
v -0.04385003075003624 -0.2206965535879135 -0.09638059884309769
v -0.00439433241263032 -0.04944445565342903 -0.10341387987136841
v -0.000032567611924605444 -0.052622802555561066 -0.0967620462179184
v -0.0141333919018507 0.2573305070400238 -0.06816059350967407
v -0.014670122414827347 0.2565440535545349 -0.057632286101579666
v -0.0002491322229616344 0.25557833909988403 -0.058033257722854614
v 0.0003101837355643511 0.2561018168926239 -0.06863129884004593
v -0.0010874834842979908 0.25469937920570374 -0.08218739926815033
v -0.010380925610661507 0.25604960322380066 -0.07983475923538208
v -0.020712118595838547 0.2585797607898712 -0.08045373111963272
v -0.01287655346095562 0.2531715929508209 -0.09538163244724274
v -0.0019919092301279306 0.25094443559646606 -0.09739118814468384
v -0.0285662692040205 0.2621431052684784 -0.06724344938993454
v -0.028504740446805954 0.25889143347740173 -0.09477745741605759
v -0.03276301547884941 0.26380011439323425 -0.07976337522268295
v -0.02792529948055744 0.2606284022331238 -0.05571185052394867
v -0.05351131036877632 0.27459901571273804 -0.0689890906214714
v -0.05363839119672775 0.2748599052429199 -0.08016445487737656
v -0.06860194355249405 0.27955886721611023 -0.08060146123170853
v -0.06781873106956482 0.27809861302375793 -0.09348876774311066
v -0.055256135761737823 0.27353358268737793 -0.09486807137727737
v -0.06760971248149872 0.2785061001777649 -0.06855592131614685
v -0.04896887391805649 0.27048611640930176 -0.05632973462343216
v -0.06726536899805069 0.274234801530838 -0.10505757480859756
v -0.08056800067424774 0.2809438705444336 -0.08194328844547272
v -0.06444434076547623 0.2753206491470337 -0.05716907978057861
v -0.08117154240608215 0.2794856131076813 -0.09483544528484344
v -0.052734099328517914 0.26849129796028137 -0.10484634339809418
v -0.030419206246733665 0.2558361887931824 -0.1049346998333931
v -0.0160380806773901 0.2498779445886612 -0.10513931512832642
v -0.08042597025632858 0.2756483554840088 -0.10649970918893814
v -0.08032678812742233 0.2797491252422333 -0.0695795863866806
v -0.05666447430849075 0.26611655950546265 -0.11197932809591293
v -0.027889082208275795 0.25041258335113525 -0.11174479871988297
v -0.011577580124139786 0.24552835524082184 -0.11078423261642456
v -0.0003557887102942914 0.24429896473884583 -0.11073058098554611
v -0.06873233616352081 0.26797938346862793 -0.11555624008178711
v -0.09071578085422516 0.2802954912185669 -0.0834159404039383
v -0.091412752866745 0.2755862772464752 -0.10563857853412628
v -0.09383353590965271 0.2785314917564392 -0.09571308642625809
v -0.014257586561143398 0.25366339087486267 -0.04904574528336525
v 0.0121869882568717 0.2527109682559967 -0.09543848037719727
v -0.047749653458595276 0.264900267124176 -0.042013056576251984
v 0.014276131056249142 0.2575877904891968 -0.06901237368583679
v 0.014181666076183319 0.2563864588737488 -0.08218175917863846
v 0.014648094773292542 0.2498159557580948 -0.10360679030418396
v -0.09289251267910004 0.27897346019744873 -0.07114966213703156
v 0.014000749215483665 0.25697755813598633 -0.05694697052240372
v -0.004952223040163517 0.2517237663269043 -0.04786662757396698
v -0.06204294413328171 0.2692699730396271 -0.04373692721128464
v -0.07997430115938187 0.27616381645202637 -0.05689943581819534
v -0.027937067672610283 0.25445669889450073 -0.04052324593067169
v -0.05161541700363159 0.2595323920249939 -0.028076177462935448
v -0.038175154477357864 0.2546440660953522 -0.030871815979480743
v -0.04705415666103363 0.25407901406288147 -0.018599817529320717
v -0.06099369749426842 0.25685080885887146 -0.01386201661080122
v -0.05121704190969467 0.2527711093425751 0.00040895698475651443
v -0.06084505096077919 0.25519949197769165 0.003291408298537135
v -0.06049313768744469 0.25720250606536865 0.016508111730217934
v -0.04891706258058548 0.2542095482349396 0.014424042776226997
v -0.06155618280172348 0.2612379789352417 -0.027370687574148178
v -0.04756557196378708 0.25089868903160095 0.0012777906376868486
v -0.04412306845188141 0.2507578432559967 -0.015047877095639706
v -0.0778503566980362 0.2545394003391266 0.00031298029352910817
v -0.07743888348340988 0.2569567859172821 -0.015299523249268532
v -0.07711581140756607 0.2618756592273712 -0.028262300416827202
v -0.07930414378643036 0.2686040699481964 -0.04148630425333977
v -0.07801224291324615 0.25560861825942993 0.010587561875581741
v 0.010490324348211288 0.252488374710083 -0.04679336026310921
v -0.06048491969704628 0.2609569728374481 0.027727533131837845
v -0.09202229976654053 0.27350175380706787 -0.05396118387579918
v -0.043250273913145065 0.2501247525215149 0.015475447289645672
v -0.07881546020507812 0.25803378224372864 0.021046921610832214
v -0.09377476572990417 0.25334638357162476 -0.013447501696646214
v -0.09451190382242203 0.25111278891563416 0.0015862585278227925
v -0.09213040769100189 0.25896039605140686 -0.02761835791170597
v -0.10124798864126205 0.2777582108974457 -0.08349534124135971
v -0.052375275641679764 0.2596657872200012 0.02783997170627117
v -0.041192568838596344 0.25494706630706787 0.027681950479745865
v -0.0781196653842926 0.26324552297592163 0.03335689753293991
v -0.09478431940078735 0.2531306743621826 0.01602528616786003
v -0.10189670324325562 0.27260622382164 -0.05905155465006828
v 0.026485569775104523 0.26119351387023926 -0.06802162528038025
v 0.027935117483139038 0.2610236704349518 -0.05615159869194031
v 0.024328717961907387 0.25725027918815613 -0.0483572892844677
v -0.10647165030241013 0.27445054054260254 -0.07184835523366928
v 0.027120063081383705 0.2605983316898346 -0.08057892322540283
v -0.06388071179389954 0.2707616686820984 0.047175366431474686
v -0.049073513597249985 0.26747629046440125 0.04698501527309418
v -0.06249871104955673 0.2761077582836151 0.06170880049467087
v -0.05126025527715683 0.2727607786655426 0.06228959932923317
v -0.053546272218227386 0.2751051187515259 0.0762535110116005
v -0.06758548319339752 0.27947595715522766 0.07624465972185135
v -0.05648712441325188 0.2754463255405426 0.08820647746324539
v -0.06794809550046921 0.27925771474838257 0.08777611702680588
v -0.0808560699224472 0.28081750869750977 0.08786290884017944
v -0.08149634301662445 0.280900776386261 0.07660502940416336
v -0.06807724386453629 0.2772117257118225 0.09868057072162628
v -0.08111171424388885 0.2786572277545929 0.09946394711732864
v -0.07918296009302139 0.2785618305206299 0.06464812159538269
v -0.03019794076681137 0.2632357180118561 0.060584668070077896
v -0.03036404401063919 0.26385611295700073 0.07386187463998795
v -0.01598556526005268 0.25854724645614624 0.06096962094306946
v -0.015295065939426422 0.2588677704334259 0.07365851104259491
v -0.0027001937851309776 0.256493479013443 0.06118078529834747
v -0.0015699696959927678 0.25684452056884766 0.07366237789392471
v -0.013196926563978195 0.2567482590675354 0.08679903298616409
v -0.00042369458242319524 0.2547212839126587 0.08747559785842896
v -0.03066304139792919 0.2626298666000366 0.08716576546430588
v 0.01242486760020256 0.2574453055858612 0.06026051566004753
v -0.09464702755212784 0.27959293127059937 0.08794505894184113
v -0.09458694607019424 0.27763867378234863 0.0987376719713211
v 0.014656786806881428 0.2583358883857727 0.0733870267868042
v -0.053534530103206635 0.2708490490913391 0.10104743391275406
v -0.037812426686286926 0.2634929120540619 0.048745688050985336
v -0.02258029580116272 0.25765907764434814 0.05139459669589996
v -0.015320292674005032 0.253780335187912 0.04739180952310562
v -0.0038075316697359085 0.2524222433567047 0.04901320859789848
v -0.010882260277867317 0.251564621925354 0.10153891891241074
v -0.000701682991348207 0.2504996061325073 0.10035654157400131
v -0.019751589745283127 0.25449138879776 0.10051921755075455
v -0.03141943737864494 0.25898656249046326 0.10158754885196686
v -0.09607596695423126 0.27897176146507263 0.07635697722434998
v 0.015637390315532684 0.2569311261177063 0.08593989908695221
v -0.0912790596485138 0.27751967310905457 0.06511859595775604
v -0.02819310501217842 0.25508010387420654 0.041262369602918625
v -0.07910104840993881 0.2740429937839508 0.053431186825037
v 0.014011753723025322 0.25196170806884766 0.10056302696466446
v -0.06850815564393997 0.2710750699043274 0.11179260909557343
v -0.08004605025053024 0.27310147881507874 0.11131925135850906
v 0.005904112011194229 0.25202620029449463 0.04780310392379761
v 0.02817714959383011 0.26178327202796936 0.058714937418699265
v -0.02721538580954075 0.24930104613304138 0.1139020025730133
v -0.09359203279018402 0.27311626076698303 0.10970410704612732
v -0.09199654310941696 0.27233022451400757 0.053253691643476486
v 0.02973906137049198 0.26322412490844727 0.0728309229016304
v -0.09379477798938751 0.25899776816368103 0.030476843938231468
v -0.10603191703557968 0.2746720612049103 -0.09519387036561966
v 0.022651484236121178 0.2560768127441406 0.04712782800197601
v -0.0018429334741085768 0.24403302371501923 0.11184316873550415
v -0.054048340767621994 0.2640059292316437 0.11354296654462814
v -0.10292573273181915 0.27386757731437683 0.0643942654132843
v 0.0292758010327816 0.25845274329185486 -0.09539798647165298
v 0.03308047726750374 0.26303428411483765 0.08784225583076477
v -0.10740015655755997 0.2733750641345978 0.09821945428848267
v -0.10711678862571716 0.27488571405410767 0.07674660533666611
v -0.10811977088451385 0.274715781211853 0.08792730420827866
v -0.013262064196169376 0.2440994679927826 0.11421842873096466
v -0.10414683073759079 0.272099107503891 -0.1049557775259018
v -0.10474186390638351 0.24904587864875793 0.015558501705527306
v -0.10590636730194092 0.24643081426620483 0.0019114211900159717
v -0.10238571465015411 0.24981485307216644 -0.012499048374593258
v 0.02593899518251419 0.2563241422176361 0.10006295144557953
v 0.014801025390625 0.24426141381263733 0.11320909112691879
v 0.04065997898578644 0.2677033841609955 -0.06774251163005829
v 0.045073989778757095 0.26837682723999023 -0.056136127561330795
v 0.06251486390829086 0.2771248519420624 -0.06902080029249191
v 0.06253308802843094 0.27455955743789673 -0.05744631588459015
v 0.07685282081365585 0.2762443721294403 -0.057211682200431824
v 0.07852533459663391 0.2799009084701538 -0.0710948258638382
v 0.09113971143960953 0.27901241183280945 -0.06923708319664001
v 0.09092693775892258 0.2804282009601593 -0.08359900861978531
v 0.07827998697757721 0.28081202507019043 -0.08237163722515106
v 0.06757991015911102 0.27898722887039185 -0.08223100751638412
v 0.09045053273439407 0.2794513404369354 -0.09541678428649902
v 0.10213194042444229 0.27807483077049255 -0.08410478383302689
v 0.10107289254665375 0.2773689329624176 -0.0955081433057785
v 0.07790772616863251 0.27920109033584595 -0.0966733992099762
v 0.10306774079799652 0.27654194831848145 -0.07213585823774338
v 0.06618786603212357 0.2769377827644348 -0.09553174674510956
v 0.09141505509614944 0.2749079167842865 -0.0568564347922802
v 0.09082259237766266 0.2751719057559967 -0.10882609337568283
v 0.102627694606781 0.27426034212112427 -0.10448348522186279
v 0.1026948019862175 0.27245032787323 -0.05879465863108635
v 0.05608512461185455 0.27512913942337036 -0.08054982125759125
v 0.04031575471162796 0.267140656709671 -0.08007948100566864
v 0.06194242835044861 0.26893699169158936 -0.043677546083927155
v 0.11099331825971603 0.2732110917568207 -0.09477999061346054
v 0.07736774533987045 0.2740446925163269 -0.10998060554265976
v 0.046934790909290314 0.2650802433490753 -0.04347816854715347
v 0.07673260569572449 0.2689453661441803 -0.04196280241012573
v 0.06024981290102005 0.2615245580673218 -0.028188299387693405
v 0.09216887503862381 0.268248051404953 -0.04382658377289772
v 0.11256051808595657 0.2729632258415222 -0.08333025872707367
v 0.0655781626701355 0.27172723412513733 -0.1087464988231659
v 0.054316285997629166 0.27165117859840393 -0.09723153710365295
v -0.11084305495023727 0.27328354120254517 -0.08416067063808441
v 0.07709883898496628 0.2619362473487854 -0.028424939140677452
v 0.07614351809024811 0.2569428086280823 -0.014761791564524174
v 0.0604843832552433 0.2570580840110779 -0.015448120422661304
v 0.07379524409770966 0.2547949552536011 0.001724369591102004
v 0.05975639820098877 0.25503990054130554 0.0030835873913019896
v 0.05837022513151169 0.2577276825904846 0.018621142953634262
v 0.07518009841442108 0.25718748569488525 0.016133738681674004
v 0.0918194055557251 0.25415393710136414 -0.014158042147755623
v 0.09598714858293533 0.2509058117866516 0.0008691449766047299
v 0.09187391400337219 0.25914865732192993 -0.02735350839793682
v 0.09181112796068192 0.25349485874176025 0.01299545168876648
v 0.04786548390984535 0.2515447735786438 0.0029763521160930395
v 0.1061498150229454 0.24900834262371063 -0.014468248933553696
v 0.1071026548743248 0.24815666675567627 0.014274168759584427
v 0.04718136414885521 0.25234636664390564 -0.010360509157180786
v 0.049559641629457474 0.25694528222084045 -0.02397177554666996
v 0.06114529073238373 0.26196056604385376 0.029915612190961838
v 0.07659761607646942 0.262372225522995 0.030907651409506798
v 0.09157130122184753 0.2593081295490265 0.029030408710241318
v 0.10585226118564606 0.2536696493625641 0.028004096820950508
v 0.11046582460403442 0.2444949597120285 0.0008804856333881617
v 0.05161473527550697 0.25921815633773804 0.02752510830760002
v 0.0454121008515358 0.2525510787963867 0.014974560588598251
v 0.10643553733825684 0.25393542647361755 -0.02755061164498329
v -0.10408257693052292 0.2530963718891144 -0.024568673223257065
v -0.10397075116634369 0.26303452253341675 -0.04272042587399483
v 0.052847910672426224 0.27462533116340637 0.07495342940092087
v 0.04897243157029152 0.2716291546821594 0.06107938662171364
v 0.06572522968053818 0.2774936258792877 0.06468328088521957
v 0.06776009500026703 0.2795584201812744 0.07654871046543121
v 0.07881604880094528 0.28077736496925354 0.07655010372400284
v 0.07338081300258636 0.2803731858730316 0.08898841589689255
v 0.09045218676328659 0.2805075943470001 0.08866419643163681
v 0.0954415500164032 0.27960196137428284 0.07745920866727829
v 0.08803265541791916 0.2789289355278015 0.10020051151514053
v 0.10156498849391937 0.27817028760910034 0.08800573647022247
v 0.090794138610363 0.2780205011367798 0.06626135110855103
v 0.0784134566783905 0.27838367223739624 0.06432174146175385
v 0.102346271276474 0.2759688198566437 0.10011620074510574
v 0.06597315520048141 0.2762633264064789 0.0997573509812355
v 0.055517490953207016 0.2749451696872711 0.08871270716190338
v 0.10301397740840912 0.2742837965488434 0.06456729769706726
v 0.0622374527156353 0.27194175124168396 0.049985624849796295
v 0.07866449654102325 0.2733668088912964 0.11137983202934265
v 0.07707787305116653 0.272835910320282 0.05042397230863571
v 0.0908515602350235 0.2731979489326477 0.053967177867889404
v 0.11001503467559814 0.2736969590187073 0.0769602358341217
v 0.04448173567652702 0.26513761281967163 0.04525332152843475
v 0.11039067059755325 0.2740464508533478 0.08769974857568741
v 0.09201537072658539 0.2729674279689789 0.11187757551670074
v 0.05493819713592529 0.27095019817352295 0.1016051173210144
v 0.03779977932572365 0.2620670199394226 0.10013877600431442
v 0.03923184424638748 0.25469452142715454 0.028726445510983467
v -0.10519712418317795 0.2529272139072418 0.027390247210860252
v 0.03089042752981186 0.2560442388057709 -0.10359344631433487
v -0.11289757490158081 0.24418684840202332 -0.01364809088408947
v 0.10455457121133804 0.2685820758342743 0.05343828722834587
v 0.06714050471782684 0.2695128619670868 0.11294663697481155
v -0.10380488634109497 0.266754686832428 0.050545983016490936
v -0.10338456183671951 0.26853129267692566 0.11143376678228378
v 0.10511776059865952 0.2708786427974701 0.1080668568611145
v -0.11414022743701935 0.24123984575271606 0.0015566898509860039
v -0.11293551325798035 0.24418336153030396 0.015969758853316307
v 0.011888992041349411 0.2432618886232376 -0.11368858814239502
v -0.11279188841581345 0.26762232184410095 0.06269415467977524
v 0.044568032026290894 0.25251129269599915 -0.017887726426124573
v 0.036484140902757645 0.25384533405303955 -0.03122405707836151
v 0.020035365596413612 0.25317075848579407 -0.04368223249912262
v 0.11170829087495804 0.26789748668670654 -0.05975738540291786
v 0.10796521604061127 0.2591871917247772 -0.03873620182275772
v 0.024952325969934464 0.24933090806007385 -0.11094477027654648
v -0.11293581873178482 0.2509998381137848 0.03273985907435417
v -0.08275781571865082 0.26793739199638367 -0.11792478710412979
v 0.05461693927645683 0.26537999510765076 -0.11093110591173172
v -0.11554127931594849 0.26827192306518555 -0.0960497185587883
v 0.1151677593588829 0.2681749165058136 0.1000606045126915
v 0.11652299761772156 0.2680644094944 -0.07159331440925598
v 0.11461587995290756 0.26744088530540466 0.06476860493421555
v -0.11291321367025375 0.24850472807884216 -0.026678988710045815
v 0.028171293437480927 0.25386589765548706 0.038743678480386734
v -0.09465071558952332 0.26837918162345886 -0.11567879468202591
v -0.11277612298727036 0.2663763761520386 -0.059750474989414215
v -0.11312370002269745 0.25762373208999634 -0.043923135846853256
v 0.031054258346557617 0.2508583664894104 0.11282214522361755
v -0.11752481758594513 0.2668742537498474 -0.07300608605146408
v -0.11090243607759476 0.26621708273887634 0.10872481018304825
v 0.10168755054473877 0.26802560687065125 -0.11478947103023529
v -0.11627516150474548 0.2688022553920746 0.0876549556851387
v -0.11580532789230347 0.2686866819858551 0.0757610872387886
v 0.11050761491060257 0.26846277713775635 -0.10753041505813599
v 0.1171983852982521 0.24130700528621674 -0.015142948366701603
v 0.11628864705562592 0.241461843252182 0.014192079193890095
v 0.05412296950817108 0.26335859298706055 0.11338312923908234
v 0.01679443195462227 0.25133389234542847 0.043977078050374985
v -0.11351713538169861 0.26053673028945923 0.04972439631819725
v 0.10830745100975037 0.2494707554578781 0.021415336057543755
v 0.11772022396326065 0.24410702288150787 0.026532286778092384
v 0.09004641324281693 0.2662588357925415 -0.11995482444763184
v -0.11818539351224899 0.26490339636802673 0.0983637273311615
v 0.11876849830150604 0.26669707894325256 0.07750456780195236
v 0.11866002529859543 0.26730379462242126 0.0883498266339302
v -0.11071892082691193 0.2654125690460205 -0.1099400669336319
v 0.11730684340000153 0.2479880005121231 -0.03200125694274902
v 0.029401840642094612 0.24449783563613892 -0.11890868097543716
v 0.10486426949501038 0.26636943221092224 0.11418154835700989
v -0.09177660942077637 0.26532870531082153 0.11909548193216324
v 0.07804500311613083 0.26387056708335876 -0.12188495695590973
v -0.11977920681238174 0.2655886113643646 -0.08433200418949127
v 0.11813574284315109 0.2667884826660156 -0.09663518518209457
v 0.06122436746954918 0.26248806715011597 -0.1182648167014122
v 0.11705859005451202 0.2572699785232544 0.048766281455755234
v -0.07548676431179047 0.26505833864212036 0.11967580765485764
v 0.11959371715784073 0.2363298386335373 0.0008330321288667619
v -0.0005634048720821738 0.2357676774263382 -0.11991620808839798
v -0.011309117078781128 0.23712296783924103 -0.12007143348455429
v -0.02753705158829689 0.24284537136554718 -0.11994726210832596
v 0.07593616843223572 0.26491880416870117 0.11991550028324127
v 0.11885025352239609 0.26094597578048706 -0.05815931409597397
v -0.1199338510632515 0.23756389319896698 0.01674032025039196
v -0.05675889924168587 0.25722169876098633 -0.1219191774725914
v -0.12152247130870819 0.2415855973958969 -0.02985191158950329
v -0.12069949507713318 0.2490944117307663 -0.04206722974777222
v 0.12413372099399567 0.26120755076408386 -0.08386419713497162
v -0.12285618484020233 0.2338748723268509 -0.013642230071127415
v -0.12151989340782166 0.2408771812915802 0.02986159920692444
v -0.11921396851539612 0.2592669427394867 -0.05751611292362213
v 0.09144171327352524 0.2636670172214508 0.12083958089351654
v -0.0015768477460369468 0.23334380984306335 0.12210340052843094
v 0.015229634009301662 0.23465949296951294 0.12230583280324936
v 0.030155522748827934 0.24048373103141785 0.12208367884159088
v -0.056565918028354645 0.257487952709198 0.12095697969198227
v -0.121381975710392 0.2564987242221832 0.05723276361823082
v 0.05550485849380493 0.2564723789691925 0.12081930786371231
v 0.1129939928650856 0.2600020170211792 0.11379356682300568
v -0.10513710230588913 0.25905635952949524 -0.1195012703537941
v -0.1195458322763443 0.259019136428833 -0.10556168109178543
v -0.10164494812488556 0.26062265038490295 0.11957074701786041
v -0.03870917484164238 0.24465283751487732 -0.016087818890810013
v 0.11956437677145004 0.2584870159626007 -0.10826805233955383
v 0.10980083793401718 0.2569376826286316 -0.11945478618144989
v -0.06772563606500626 -0.22074159979820251 -0.0795811340212822
v -0.06908886879682541 -0.2268344908952713 -0.08366380631923676
v -0.06316765397787094 -0.23302723467350006 -0.07671678066253662
v -0.06514871120452881 -0.23523801565170288 -0.08430156111717224
v -0.05952957272529602 -0.24709410965442657 -0.07455530017614365
v -0.06207268312573433 -0.2284487634897232 -0.07304166257381439
v -0.0647977888584137 -0.21069204807281494 -0.07676833122968674
v -0.06182736158370972 -0.20867346227169037 -0.07266789674758911
v -0.06863681226968765 -0.21060286462306976 -0.07928771525621414
v -0.06206435337662697 -0.23222662508487701 -0.06759923696517944
v -0.061719488352537155 -0.20888368785381317 -0.06786976009607315
v -0.05919652804732323 -0.25065699219703674 -0.06684750318527222
v -0.05605485662817955 -0.2636910676956177 -0.06476672738790512
v -0.061065372079610825 -0.243930846452713 -0.08422491699457169
v -0.05639133229851723 -0.2539820075035095 -0.07815694808959961
v -0.06511345505714417 -0.23057249188423157 -0.09057015180587769
v -0.0705217495560646 -0.2218199372291565 -0.09018731862306595
v -0.07483687251806259 -0.2170170545578003 -0.08255104720592499
v -0.07331449538469315 -0.21633169054985046 -0.07959135621786118
v -0.0732763409614563 -0.21223954856395721 -0.0933082103729248
v -0.052996788173913956 -0.26463964581489563 -0.0717281773686409
v -0.052824389189481735 -0.2695029079914093 -0.06434018909931183
v -0.08185749500989914 -0.20716950297355652 -0.08247281610965729
v -0.08287341147661209 -0.19533111155033112 -0.09264431893825531
v -0.06395047903060913 -0.20972609519958496 -0.06365962326526642
v -0.0641525536775589 -0.22777804732322693 -0.06396865099668503
v -0.08041082322597504 -0.21326681971549988 -0.07871733605861664
v -0.07735161483287811 -0.21450357139110565 -0.07754276692867279
v -0.06332201510667801 -0.2523745894432068 -0.06113694608211517
v -0.06678905338048935 -0.2319602221250534 -0.061660781502723694
v -0.04914037883281708 -0.2723064422607422 -0.06434370577335358
v -0.06195942685008049 -0.26556819677352905 -0.058249134570360184
v -0.06347820162773132 -0.27204635739326477 -0.05359737202525139
v 0.062233325093984604 -0.22522109746932983 -0.07320169359445572
v 0.0622677356004715 -0.23080582916736603 -0.06759949773550034
v 0.06139430031180382 -0.2374040186405182 -0.07594601064920425
v 0.05914019048213959 -0.25025904178619385 -0.06562650948762894
v 0.05904450640082359 -0.24640819430351257 -0.0774509608745575
v 0.05578969046473503 -0.2624114751815796 -0.06793482601642609
v 0.05819334462285042 -0.2465609461069107 -0.0831981748342514
v 0.06583620607852936 -0.2316875457763672 -0.08367203921079636
v 0.06219618394970894 -0.23600830137729645 -0.08878329396247864
v 0.06946659088134766 -0.22169950604438782 -0.09041628241539001
v 0.0719878077507019 -0.21966934204101562 -0.08611131459474564
v 0.0682249441742897 -0.2209678739309311 -0.0794316977262497
v 0.07334721088409424 -0.21686309576034546 -0.07937590032815933
v 0.07826455682516098 -0.21184051036834717 -0.08166508376598358
v 0.07724937051534653 -0.21434631943702698 -0.07750556617975235
v 0.07144023478031158 -0.22218316793441772 -0.07368546724319458
v 0.07512582838535309 -0.2208276242017746 -0.0718647763133049
v 0.07928171753883362 -0.2169012576341629 -0.07396963983774185
v 0.07274855673313141 -0.22871851921081543 -0.06224879249930382
v 0.06776648014783859 -0.2301165908575058 -0.06232704967260361
v 0.07939592003822327 -0.2269500195980072 -0.06612952053546906
v 0.07969463616609573 -0.21392083168029785 -0.07820407301187515
v 0.08051334321498871 -0.22211399674415588 -0.07097593694925308
v 0.08543112874031067 -0.22350367903709412 -0.07090791314840317
v 0.049336355179548264 -0.27144962549209595 -0.06761018931865692
v 0.0573386624455452 -0.27195972204208374 -0.058112870901823044
v 0.05617370828986168 -0.27490314841270447 -0.05356821417808533
v 0.06745002418756485 -0.2701362669467926 -0.05128692090511322
v 0.05400525778532028 -0.2697332203388214 -0.06461108475923538
v 0.05324673652648926 -0.2599320113658905 -0.07701066136360168
v 0.04850264638662338 -0.2611081302165985 -0.07844379544258118
v 0.05355379730463028 -0.24580904841423035 -0.08797452598810196
v 0.06622818857431412 -0.26156631112098694 -0.05731881782412529
v 0.06058058515191078 -0.22860373556613922 -0.09427245706319809
v 0.06973233819007874 -0.2104264795780182 -0.09743479639291763
v 0.07587028294801712 -0.20581017434597015 -0.09345698356628418
v 0.08341264724731445 -0.18720059096813202 -0.09645050019025803
v 0.08519479632377625 -0.19784802198410034 -0.0854116901755333
v 0.09643114358186722 -0.18321098387241364 -0.08435295522212982
v 0.059040870517492294 -0.2637172043323517 -0.059879183769226074
v 0.09400385618209839 -0.16804024577140808 -0.09492295235395432
v 0.10214290767908096 -0.16974422335624695 -0.0842939093708992
v 0.10047893971204758 -0.19748346507549286 -0.0726371631026268
v 0.10707283765077591 -0.17440946400165558 -0.07439583539962769
v 0.0916939452290535 -0.2148187756538391 -0.07243624329566956
v 0.0961647778749466 -0.22227399051189423 -0.062351293861866
v 0.08939179033041 -0.22656217217445374 -0.06768635660409927
v 0.08856155723333359 -0.2378760427236557 -0.061064716428518295
v 0.08758901059627533 -0.20340484380722046 -0.08037678897380829
v 0.1027427688241005 -0.20130708813667297 -0.0658571794629097
v 0.09489082545042038 -0.23225665092468262 -0.053575992584228516
v 0.08741455525159836 -0.246313214302063 -0.053587403148412704
v 0.0815747007727623 -0.24442173540592194 -0.06091190129518509
v 0.08032475411891937 -0.25182440876960754 -0.05731148645281792
v 0.07873452454805374 -0.2601486146450043 -0.04939570277929306
v 0.07504217326641083 -0.2618836760520935 -0.05336065962910652
v 0.081357441842556 -0.17057538032531738 -0.10428585112094879
v 0.06961340457201004 -0.19590337574481964 -0.10327287763357162
v 0.09851482510566711 -0.1506725698709488 -0.09536131471395493
v 0.09359443932771683 -0.15464894473552704 -0.09905700385570526
v 0.06155386194586754 -0.21206991374492645 -0.10096409916877747
v 0.10608333349227905 -0.1542721539735794 -0.08385460078716278
v 0.09361603856086731 -0.13103362917900085 -0.10277266800403595
v 0.10726676881313324 -0.13575436174869537 -0.08613598346710205
v 0.0825946033000946 -0.14943978190422058 -0.10781582444906235
v 0.0838170200586319 -0.23335033655166626 -0.0658193826675415
v 0.06996713578701019 -0.1739652156829834 -0.10913342982530594
v 0.061116140335798264 -0.248711958527565 -0.06340502202510834
v 0.06813892722129822 -0.2468501776456833 -0.06029631569981575
v 0.06430431455373764 -0.2332100123167038 -0.06419133394956589
v 0.052925605326890945 -0.22878693044185638 -0.09656590968370438
v 0.06119922921061516 -0.19593967497348785 -0.10623165220022202
v 0.1010744646191597 -0.10650333017110825 -0.09822072088718414
v 0.08591535687446594 -0.114159494638443 -0.10938754677772522
v 0.09282727539539337 -0.09781667590141296 -0.10575348138809204
v 0.09767749905586243 -0.09342734515666962 -0.10185283422470093
v 0.06996078044176102 -0.14864692091941833 -0.11303140223026276
v 0.0861331894993782 -0.0791449248790741 -0.11004748940467834
v 0.07844003289937973 -0.10737790912389755 -0.1130017563700676
v 0.08698990195989609 -0.018103696405887604 -0.10955959558486938
v 0.09391879290342331 -0.010431092232465744 -0.10534236580133438
v 0.08521686494350433 0.016107836738228798 -0.11145472526550293
v 0.07888397574424744 -0.015926240012049675 -0.1130184754729271
v 0.0766901895403862 0.027700485661625862 -0.11520426720380783
v 0.08774677664041519 0.03275603428483009 -0.11151877045631409
v 0.08209612965583801 0.04892435297369957 -0.11678499728441238
v 0.09439709782600403 0.04833348095417023 -0.11085861921310425
v 0.09707652777433395 0.08642904460430145 -0.11996579170227051
v 0.0876479521393776 0.08157116919755936 -0.1227295771241188
v 0.09141089767217636 0.1037403792142868 -0.1260729283094406
v 0.07651402056217194 -0.23563946783542633 -0.06260266900062561
v 0.10954909026622772 0.1229180097579956 -0.12131618708372116
v 0.10749510675668716 0.1354515105485916 -0.1246645450592041
v 0.09996165335178375 0.14116652309894562 -0.1288871467113495
v 0.10642250627279282 0.1668063849210739 -0.12864653766155243
v 0.10464175045490265 0.0829429104924202 -0.11457713693380356
v 0.09759436547756195 0.028299404308199883 -0.10469284653663635
v 0.113260418176651 0.16794747114181519 -0.12475623935461044
v 0.11303508281707764 0.19851326942443848 -0.1267717033624649
v 0.10217075794935226 0.20387901365756989 -0.13195990025997162
v 0.10955014824867249 0.22014743089675903 -0.12814851105213165
v 0.09883464127779007 0.23041875660419464 -0.13189485669136047
v 0.10975535959005356 0.23604054749011993 -0.12650243937969208
v 0.10697484016418457 0.24812562763690948 -0.12498693913221359
v 0.0988210141658783 0.2521457076072693 -0.1267203390598297
v 0.04873902350664139 -0.22963270545005798 -0.09578462690114975
v 0.049144066870212555 -0.2476871758699417 -0.08723349124193192
v 0.11989298462867737 0.18129897117614746 -0.12058103084564209
v 0.10364019870758057 0.047394949942827225 -0.10346443951129913
v 0.11234556138515472 0.079037144780159 -0.1060718223452568
v 0.11825451999902725 0.23172760009765625 -0.1210532858967781
v 0.11957941204309464 0.13742059469223022 -0.1152251735329628
v 0.11541628837585449 0.10866419970989227 -0.11248063296079636
v 0.12049033492803574 0.20163846015930176 -0.12069948017597198
v 0.10164903104305267 -0.003447513096034527 -0.09866295009851456
v 0.10459782928228378 0.0279812291264534 -0.09771515429019928
v 0.1185116171836853 0.24864383041858673 -0.11604227870702744
v 0.10208528488874435 0.2602567970752716 -0.12133105099201202
v 0.10980083793401718 0.2569376826286316 -0.11945478618144989
v -0.06772200018167496 -0.20992381870746613 -0.061606377363204956
v -0.0790897011756897 -0.20590944588184357 -0.06892435252666473
v -0.06863681226968765 -0.21060286462306976 -0.07928771525621414
v -0.06182736158370972 -0.20867346227169037 -0.07266789674758911
v -0.061719488352537155 -0.20888368785381317 -0.06786976009607315
v -0.06395047903060913 -0.20972609519958496 -0.06365962326526642
v -0.07657186686992645 -0.2100646048784256 -0.06446405500173569
v -0.0728786438703537 -0.21033500134944916 -0.06185159087181091
v -0.07338690012693405 -0.2238321453332901 -0.06192796304821968
v -0.06772200018167496 -0.20992381870746613 -0.061606377363204956
v -0.06678905338048935 -0.2319602221250534 -0.061660781502723694
v -0.0728786438703537 -0.21033500134944916 -0.06185159087181091
v -0.07343347370624542 -0.24843290448188782 -0.059049032628536224
v -0.06865611672401428 -0.2582123577594757 -0.057444192469120026
v -0.07797902077436447 -0.25477051734924316 -0.05657543987035751
v -0.08189986646175385 -0.24289071559906006 -0.061787258833646774
v -0.07496358454227448 -0.2632354199886322 -0.053069423884153366
v -0.06195942685008049 -0.26556819677352905 -0.058249134570360184
v -0.06332201510667801 -0.2523745894432068 -0.06113694608211517
v -0.0869426280260086 -0.24267399311065674 -0.05995682626962662
v -0.08603054285049438 -0.2298177182674408 -0.06743419915437698
v -0.08128638565540314 -0.2305477410554886 -0.06610248982906342
v -0.08254227042198181 -0.2242233157157898 -0.07045256346464157
v -0.08542471379041672 -0.21797695755958557 -0.07417625933885574
v -0.07657186686992645 -0.2100646048784256 -0.06446405500173569
v -0.07886388152837753 -0.22151942551136017 -0.06672971695661545
v -0.08962929248809814 -0.22577404975891113 -0.0686083659529686
v -0.08041082322597504 -0.21326681971549988 -0.07871733605861664
v -0.0792328268289566 -0.2171943038702011 -0.0733671709895134
v -0.09236274659633636 -0.2117510586977005 -0.0740649476647377
v -0.06347820162773132 -0.27204635739326477 -0.05359737202525139
v -0.08185749500989914 -0.20716950297355652 -0.08247281610965729
v -0.09165071696043015 -0.19757144153118134 -0.0819140076637268
v -0.07735161483287811 -0.21450357139110565 -0.07754276692867279
v -0.0641525536775589 -0.22777804732322693 -0.06396865099668503
v -0.06395047903060913 -0.20972609519958496 -0.06365962326526642
v 0.07727470248937607 -0.22824712097644806 0.06479866802692413
v 0.06727781146764755 -0.2346743494272232 0.061849724501371384
v 0.07284075021743774 -0.23521998524665833 0.06181022897362709
v 0.06614377349615097 -0.2496950477361679 0.06014101952314377
v 0.08154091984033585 -0.23221661150455475 0.06586155295372009
v 0.0812346488237381 -0.24228468537330627 0.06183957681059837
v 0.07226959615945816 -0.2540126144886017 0.057978201657533646
v 0.062142323702573776 -0.2670167088508606 0.05683545395731926
v 0.08474753797054291 -0.24448756873607635 0.05952027067542076
v 0.0857350155711174 -0.228229358792305 0.06771034002304077
v 0.07980695366859436 -0.22401802241802216 0.06915853172540665
v 0.07941736280918121 -0.21804597973823547 0.07301163673400879
v 0.08618584275245667 -0.21727682650089264 0.07362930476665497
v 0.07309140264987946 -0.22150419652462006 0.07255351543426514
v 0.06228039786219597 -0.23031814396381378 0.06732699275016785
v 0.06142914295196533 -0.251770943403244 0.06233340874314308
v 0.07990885525941849 -0.21536965668201447 0.07801507413387299
v 0.07757644355297089 -0.21614845097064972 0.07732190936803818
v 0.07343476265668869 -0.21920089423656464 0.07882647216320038
v 0.06577753275632858 -0.22718492150306702 0.07789883017539978
v 0.07552456855773926 -0.2184860110282898 0.08187614381313324
v 0.062169548124074936 -0.2315594106912613 0.07261146605014801
v -0.0007678522379137576 -0.05544625222682953 0.07871337980031967
v 0.002738742623478174 -0.05516863614320755 0.09012390673160553
v -0.001726464368402958 -0.0554005391895771 0.089460588991642
v 0.0027511981315910816 -0.05634796619415283 0.0790436714887619
v -0.001705629751086235 -0.05269835144281387 0.06547868251800537
v -0.002334336983039975 -0.04963492229580879 0.10237923264503479
v 0.009095610119402409 -0.061217863112688065 0.08862845599651337
v 0.008586389943957329 -0.06316189467906952 0.07546328008174896
v 0.0014210868394002318 -0.05222982168197632 0.06663785874843597
v 0.015670448541641235 -0.074977807700634 0.0861843153834343
v 0.01528989989310503 -0.06527294218540192 0.09854678809642792
v 0.00964590534567833 -0.05483003333210945 0.10137034207582474
v 0.0032273971009999514 -0.04956040531396866 0.10222608596086502
v 0.020283397287130356 -0.07814053446054459 0.09844085574150085
v 0.017941419035196304 -0.06222368776798248 0.1047651395201683
v 0.02392462082207203 -0.07815918326377869 0.1050419732928276
v 0.029146628454327583 -0.10337070375680923 0.10588505119085312
v 0.025943070650100708 -0.10753949731588364 0.0990808755159378
v 0.031084710732102394 -0.14838427305221558 0.09921291470527649
v -0.066592276096344 -0.2714134156703949 0.049246810376644135
v -0.05694263055920601 -0.27256402373313904 0.04679742455482483
v -0.05401937663555145 -0.2751331627368927 0.05542236939072609
v -0.06595057249069214 -0.26523131132125854 0.042218443006277084
v -0.07462063431739807 -0.26015999913215637 0.04397161304950714
v -0.07496926188468933 -0.2637457251548767 0.04911885783076286
v -0.08345545083284378 -0.24936851859092712 0.044823579490184784
v -0.08719273656606674 -0.24675589799880981 0.04903747886419296
v -0.09059326350688934 -0.2337387353181839 0.04418383538722992
v -0.08674363046884537 -0.22981984913349152 0.03955397382378578
v -0.09622075408697128 -0.20452554523944855 0.03916174918413162
v -0.09751682728528976 -0.21698004007339478 0.045188549906015396
v -0.10225995630025864 -0.18272392451763153 0.03893188759684563
v -0.08948073536157608 -0.055114082992076874 -0.002211000770330429
v -0.08072603493928909 -0.05560915172100067 -0.0013099572388455272
v -0.08344116806983948 -0.057025469839572906 0.0020348969846963882
v -0.06712307780981064 -0.054311659187078476 0.001418910687789321
v -0.06636204570531845 -0.05341530963778496 -0.0019476606976240873
v -0.056233592331409454 -0.046235471963882446 -0.0014685617061331868
v -0.05684950202703476 -0.046943776309490204 0.0006402612780220807
v -0.09757957607507706 -0.052112892270088196 0.0020170146599411964
v -0.0788189023733139 -0.11354551464319229 0.022062106058001518
v -0.07971682399511337 -0.14969666302204132 0.026314647868275642
v -0.09093119949102402 -0.15913289785385132 0.02943645790219307
v -0.07973764836788177 -0.19126465916633606 0.031115388497710228
v -0.09030559659004211 -0.11772066354751587 0.024393117055296898
v -0.07844844460487366 -0.0922360047698021 0.018147340044379234
v -0.09006083011627197 -0.0886240229010582 0.01946081966161728
v -0.0909733772277832 -0.19895587861537933 0.03508557006716728
v -0.08032822608947754 -0.2216208279132843 0.03552403301000595
v -0.07160761952400208 -0.23115213215351105 0.03534908965229988
v -0.07405664026737213 -0.2512030005455017 0.03954516723752022
v -0.063273124396801 -0.24869368970394135 0.0376221165060997
v -0.09843531250953674 -0.11829842627048492 0.026984907686710358
v -0.09865999221801758 -0.0861181989312172 0.021664228290319443
v -0.0993853434920311 -0.1444055587053299 0.03056606650352478
v -0.10061803460121155 -0.16100379824638367 0.03364695981144905
v -0.08017153292894363 -0.07759509235620499 0.014166516251862049
v -0.09640523791313171 -0.06996625661849976 0.015896620228886604
v -0.059532590210437775 -0.2633550763130188 0.04125281423330307
v -0.06395038962364197 -0.20673583447933197 0.032564926892519
v -0.06741933524608612 -0.15548108518123627 0.027001963928341866
v -0.06473163515329361 -0.11354654282331467 0.02214415930211544
v -0.06296660751104355 -0.09311649948358536 0.01855367235839367
v -0.06350057572126389 -0.07528649270534515 0.01338935922831297
v -0.10560952126979828 -0.1011287048459053 0.028421590104699135
v -0.10494983196258545 -0.07442799210548401 0.02194851264357567
v -0.0791284516453743 -0.06672368198633194 0.009411566890776157
v -0.0921517014503479 -0.06407483667135239 0.011072640307247639
v -0.10467903316020966 -0.06076269596815109 0.016514495015144348
v -0.06533832103013992 -0.06203538551926613 0.007012894377112389
v -0.062047939747571945 -0.13934862613677979 0.0259680338203907
v -0.057357147336006165 -0.21363188326358795 0.03466002643108368
v -0.057445600628852844 -0.24562077224254608 0.0385303720831871
v -0.05164753645658493 -0.11360523849725723 0.025348737835884094
v -0.05303312465548515 -0.07801396399736404 0.016795365139842033
v -0.05110686644911766 -0.09516540169715881 0.022130269557237625
v -0.04934881627559662 -0.06148548796772957 0.011897032149136066
v -0.05102763697504997 -0.13896457850933075 0.029325494542717934
v -0.05410595238208771 -0.17655816674232483 0.032250870019197464
v -0.05155124142765999 -0.22019119560718536 0.03744593635201454
v -0.04378535598516464 -0.08633250743150711 0.023732086643576622
v -0.0500468984246254 -0.2462116777896881 0.042166199535131454
v -0.10665073990821838 -0.1522938311100006 0.03671414032578468
v -0.08855221420526505 -0.057901088148355484 0.004775166045874357
v -0.10202981531620026 -0.05545300617814064 0.010351769626140594
v -0.04882527515292168 -0.2660917341709137 0.04738934338092804
v -0.04227472469210625 -0.11389078944921494 0.03060508333146572
v -0.04608619958162308 -0.151088684797287 0.03358153998851776
v -0.04629181697964668 -0.21021050214767456 0.0396866537630558
v -0.04242049902677536 -0.05832895636558533 0.014855164103209972
v -0.04997517168521881 -0.040437087416648865 0.000936797761823982
v -0.03782709315419197 -0.08463052660226822 0.027483174577355385
v -0.04791950434446335 -0.27159106731414795 0.05216178297996521
v -0.10886602848768234 -0.07460334897041321 0.025800080969929695
v -0.1048555001616478 -0.04740213602781296 0.003318184055387974
v -0.0792328268289566 -0.2171943038702011 -0.0733671709895134
v -0.0790897011756897 -0.20590944588184357 -0.06892435252666473
v -0.07886388152837753 -0.22151942551136017 -0.06672971695661545
v -0.07735161483287811 -0.21450357139110565 -0.07754276692867279
v -0.07657186686992645 -0.2100646048784256 -0.06446405500173569
v -0.05327112227678299 -0.2751903533935547 -0.05599882826209068
v -0.05581169202923775 -0.27342531085014343 -0.048565592616796494
v -0.06453772634267807 -0.2734401524066925 -0.04941060394048691
v -0.06258098781108856 -0.2696341574192047 -0.043356817215681076
v -0.049287863075733185 -0.2715470492839813 -0.05037933960556984
v -0.05280526354908943 -0.266428142786026 -0.0444694384932518
v -0.043127838522195816 -0.2696301341056824 -0.0615580789744854
v -0.04295193403959274 -0.26730969548225403 -0.05607914552092552
v -0.04914037883281708 -0.2723064422607422 -0.06434370577335358
v -0.04719921946525574 -0.26501426100730896 -0.04861912876367569
v -0.04448341205716133 -0.26465359330177307 -0.07250085473060608
v -0.07158634811639786 -0.26553863286972046 -0.04426845163106918
v -0.06347820162773132 -0.27204635739326477 -0.05359737202525139
v -0.052824389189481735 -0.2695029079914093 -0.06434018909931183
v 0.05705657973885536 -0.27518704533576965 0.05069545656442642
v 0.06789354979991913 -0.2708251178264618 0.048977479338645935
v 0.051582999527454376 -0.275947630405426 0.05761181563138962
v 0.062477584928274155 -0.2714800536632538 0.05379212647676468
v 0.054517704993486404 -0.27173176407814026 0.06169051304459572
v 0.049075931310653687 -0.2725636661052704 0.06533079594373703
v 0.07061568647623062 -0.2663310468196869 0.05247451737523079
v 0.07827605307102203 -0.26044708490371704 0.050875160843133926
v 0.05297907814383507 -0.261615127325058 0.07446005195379257
v 0.04975574091076851 -0.26043397188186646 0.07840272039175034
v 0.08474753797054291 -0.24448756873607635 0.05952027067542076
v 0.06041235849261284 -0.23943005502223969 0.08799458295106888
v 0.05756319314241409 -0.2504369020462036 0.07983730733394623
v 0.06131657212972641 -0.2434057891368866 0.08277593553066254
v 0.062142323702573776 -0.2670167088508606 0.05683545395731926
v 0.05769176781177521 -0.263644278049469 0.06269433349370956
v 0.09082692116498947 -0.24112994968891144 0.051850903779268265
v 0.09136955440044403 -0.22804920375347137 0.06437638401985168
v 0.0857350155711174 -0.228229358792305 0.06771034002304077
v 0.08618584275245667 -0.21727682650089264 0.07362930476665497
v 0.09430757910013199 -0.193959578871727 0.08004351705312729
v 0.10155032575130463 -0.2019604742527008 0.06733905524015427
v 0.09296683967113495 -0.18340206146240234 0.08804149180650711
v 0.08667366206645966 -0.19406428933143616 0.08816654235124588
v 0.07990885525941849 -0.21536965668201447 0.07801507413387299
v 0.08322877436876297 -0.1870717853307724 0.0966377854347229
v 0.09451369941234589 -0.17184476554393768 0.09292685985565186
v 0.07356883585453033 -0.21288444101810455 0.09169407933950424
v 0.0702311173081398 -0.2010755091905594 0.10081610083580017
v 0.06230928376317024 -0.2206934541463852 0.09687145799398422
v 0.06743907928466797 -0.22661258280277252 0.08943062275648117
v 0.10140367597341537 -0.1764076203107834 0.08165749907493591
v 0.07552456855773926 -0.2184860110282898 0.08187614381313324
v 0.06695936620235443 -0.23148803412914276 0.08380972594022751
v 0.05643988400697708 -0.2587018311023712 0.0702676773071289
v 0.10007686167955399 -0.15638624131679535 0.09187071770429611
v 0.08871885389089584 -0.16252954304218292 0.10119638592004776
v 0.0716787800192833 -0.18699321150779724 0.10481904447078705
v 0.06142914295196533 -0.251770943403244 0.06233340874314308
v 0.0974002256989479 -0.22556143999099731 0.053693629801273346
v 0.10578695684671402 -0.1592690497636795 0.08212760835886002
v 0.10703220963478088 -0.17811138927936554 0.0707472637295723
v 0.09985067695379257 -0.1423569619655609 0.0955250933766365
v 0.09377378225326538 -0.14030563831329346 0.10147061198949814
v 0.05912921577692032 -0.24853473901748657 0.0697176456451416
v 0.07226959615945816 -0.2540126144886017 0.057978201657533646
v 0.10835330933332443 -0.14484314620494843 0.08195143193006516
v 0.10609187930822372 -0.12340114265680313 0.09019836038351059
v 0.10236397385597229 -0.10742619633674622 0.09710151702165604
v 0.09464965760707855 -0.11350560188293457 0.10363543033599854
v 0.11085829883813858 -0.15803706645965576 0.07103695720434189
v 0.11082690209150314 -0.11375931650400162 0.08229631930589676
v 0.10780438035726547 -0.08705762028694153 0.08971438556909561
v 0.06228039786219597 -0.23031814396381378 0.06732699275016785
v 0.06727781146764755 -0.2346743494272232 0.061849724501371384
v 0.10544534772634506 -0.017286602407693863 0.09342708438634872
v 0.10847458243370056 0.007541146595031023 0.08952291309833527
v 0.11196758598089218 -0.0889625996351242 0.08081112056970596
v 0.11201722174882889 -0.016364185139536858 0.0807531476020813
v 0.06135912239551544 -0.24255816638469696 0.07799471169710159
v 0.1128607839345932 0.025741426274180412 0.08224112540483475
v 0.10809673368930817 0.03550519794225693 0.09460930526256561
v 0.062169548124074936 -0.2315594106912613 0.07261146605014801
v 0.11650405824184418 0.0494873970746994 0.08283388614654541
v 0.11148059368133545 0.055395156145095825 0.0967232882976532
v 0.11948864907026291 0.0846819281578064 0.09769614785909653
v 0.12468934804201126 0.08689235150814056 0.08572965860366821
v 0.1286708414554596 0.1310189813375473 0.09764037281274796
v 0.1234104260802269 0.12523320317268372 0.10653757303953171
v 0.12792547047138214 0.15691065788269043 0.10597902536392212
v 0.12440800666809082 0.1473405361175537 0.11062663793563843
v 0.0019471541745588183 -0.05650980398058891 -0.08483143895864487
v 0.0015983866760507226 -0.05509791895747185 -0.0724978819489479
v -0.001718534855172038 -0.057035449892282486 -0.08341003954410553
v -0.0014280376490205526 -0.054203007370233536 -0.06723572313785553
v 0.0018666477408260107 -0.04984256625175476 -0.06003817915916443
v -0.0007960016373544931 -0.0483943335711956 -0.05875729024410248
v 0.001244702492840588 -0.04105014726519585 -0.05226734280586243
v -0.000032567611924605444 -0.052622802555561066 -0.0967620462179184
v -0.048270780593156815 -0.27344319224357605 0.060074836015701294
v -0.04380543529987335 -0.26471570134162903 0.07085166126489639
v -0.04945003613829613 -0.2705683708190918 0.06746691465377808
v -0.04297947883605957 -0.2683747410774231 0.06085590273141861
v -0.03938447684049606 -0.25665488839149475 0.07115393877029419
v -0.04413333907723427 -0.2538835406303406 0.08048249036073685
v -0.04079078882932663 -0.23938748240470886 0.08627508580684662
v -0.03641219809651375 -0.2409083992242813 0.07446703314781189
v -0.035388026386499405 -0.21733646094799042 0.08634024858474731
v -0.03949488326907158 -0.2171504646539688 0.09409236162900925
v -0.03478747233748436 -0.1958865225315094 0.0932912677526474
v -0.029975853860378265 -0.1738024801015854 0.08636188507080078
v -0.02999836951494217 -0.14316816627979279 0.09872572869062424
v -0.03421461209654808 -0.22474738955497742 0.07431326806545258
v -0.0301594827324152 -0.1880127489566803 0.07339931279420853
v -0.02578999288380146 -0.14222924411296844 0.07484070956707001
v -0.022955140098929405 -0.10843214392662048 0.0880347490310669
v -0.022367121651768684 -0.113163061439991 0.07492860406637192
v -0.01879708282649517 -0.09154251217842102 0.07529060542583466
v -0.03853446990251541 -0.2539035975933075 0.060929473489522934
v -0.016785945743322372 -0.07898551225662231 0.08724415302276611
v -0.019162319600582123 -0.08881840854883194 0.06039775535464287
v -0.030977850779891014 -0.18863508105278015 0.06190242990851402
v -0.034288547933101654 -0.21707428991794586 0.05993938073515892
v -0.027063027024269104 -0.14328299462795258 0.061191678047180176
v -0.022910986095666885 -0.10934585332870483 0.06076052412390709
v -0.012973138131201267 -0.07236713916063309 0.07543394714593887
v -0.015002085827291012 -0.07438422739505768 0.05881780758500099
v -0.02521025761961937 -0.10296118259429932 0.09954094141721725
v -0.02022223360836506 -0.07979941368103027 0.0989510640501976
v -0.01584065519273281 -0.0680302157998085 0.09874581545591354
v -0.00942616444081068 -0.06305219233036041 0.0881272703409195
v -0.04333318769931793 -0.26413846015930176 0.05346386134624481
v -0.008197681047022343 -0.059905994683504105 0.06148790195584297
v -0.02280188538134098 -0.08677764236927032 0.04657753184437752
v -0.032540712505578995 -0.17304536700248718 0.05253462865948677
v -0.028068941086530685 -0.12359285354614258 0.0505644865334034
v -0.015959400683641434 -0.06594806164503098 0.045872073620557785
v -0.028176480904221535 -0.1107751801609993 0.046176258474588394
v -0.03812573105096817 -0.21906934678554535 0.049845557659864426
v -0.006878535263240337 -0.061654288321733475 0.07653094083070755
v -0.006170263048261404 -0.054005615413188934 0.057759806513786316
v -0.00192559277638793 -0.040547262877225876 0.05308370664715767
v -0.034430038183927536 -0.17417971789836884 0.09892034530639648
v -0.009310008957982063 -0.05666230246424675 0.09970413148403168
v -0.04791950434446335 -0.27159106731414795 0.05216178297996521
v -0.029159238561987877 -0.10222379863262177 0.10657331347465515
v -0.02218601293861866 -0.07302072644233704 0.10565830022096634
v -0.013983395881950855 -0.057209715247154236 0.10509906709194183
v -0.001705629751086235 -0.05269835144281387 0.06547868251800537
v -0.03563802316784859 -0.14749588072299957 0.10611145943403244
v -0.03869807347655296 -0.1815142184495926 0.1027081087231636
v -0.0007678522379137576 -0.05544625222682953 0.07871337980031967
v -0.001726464368402958 -0.0554005391895771 0.089460588991642
v -0.008307733573019505 -0.04771453142166138 0.10804098099470139
v -0.002334336983039975 -0.04963492229580879 0.10237923264503479
v -0.05401937663555145 -0.2751331627368927 0.05542236939072609
v -0.0379035621881485 -0.019041601568460464 0.006674093194305897
v -0.034894127398729324 -0.016710691154003143 0.013788118958473206
v -0.03817840665578842 -0.03460092842578888 0.010635062120854855
v -0.03842182457447052 -0.010868505574762821 0.0006233062595129013
v -0.041288115084171295 -0.024002935737371445 -0.002060827799141407
v -0.03496811166405678 0.03262018784880638 0.012096073478460312
v -0.031924765557050705 0.027804944664239883 0.019398881122469902
v -0.03552623465657234 0.09806764125823975 0.01467146910727024
v -0.031862031668424606 0.09292742609977722 0.023154884576797485
v -0.031821947544813156 0.1469980925321579 0.02312670461833477
v -0.035678256303071976 0.14934253692626953 0.014097838662564754
v -0.03549116477370262 0.203716441988945 0.01586923375725746
v -0.03176655247807503 0.21156613528728485 0.023218905553221703
v -0.036702997982501984 0.17147515714168549 0.010379327461123466
v -0.03620866686105728 0.2332558035850525 0.0158955417573452
v -0.030841687694191933 0.23597805202007294 0.026430098339915276
v -0.029549239203333855 -0.004931522998958826 0.022858815267682076
v -0.03225071355700493 -0.03967977687716484 0.019485456869006157
v -0.028664814308285713 0.031111842021346092 0.024230921640992165
v -0.042300738394260406 -0.029572485014796257 0.002460559830069542
v -0.028488637879490852 0.16376908123493195 0.027698298916220665
v -0.02821076475083828 0.09767197072505951 0.027962658554315567
v -0.038404326885938644 0.2433711439371109 0.016220038756728172
v -0.02813289687037468 0.21309107542037964 0.027790231630206108
v -0.03916466236114502 -0.050320591777563095 0.01465067733079195
v -0.038718998432159424 0.23333854973316193 0.0020185699686408043
v -0.0378723107278347 0.21607054769992828 0.0017919152742251754
v -0.03765099495649338 0.09905271977186203 0.0003859396674670279
v -0.03775828331708908 0.15762445330619812 0.00038823194336146116
v -0.0368657186627388 0.04649258404970169 0.0005347114056348801
v -0.037087664008140564 0.007812235504388809 0.0007173129706643522
v -0.04161514341831207 0.244232639670372 0.0024054173845797777
v -0.034165456891059875 0.2465089112520218 0.026761949062347412
v -0.02571815997362137 0.03266251087188721 0.027422575280070305
v -0.02146691456437111 -0.03739441558718681 0.030528469011187553
v -0.02097095176577568 -0.06003779172897339 0.03539271652698517
v -0.024123236536979675 0.2366025298833847 0.03255163133144379
v -0.023690970614552498 0.2133607119321823 0.031705960631370544
v -0.0234768595546484 0.15943865478038788 0.03200463578104973
v -0.022834181785583496 0.09250745922327042 0.03237440437078476
v -0.01066841371357441 -0.03831706568598747 0.040406763553619385
v -0.028430867940187454 -0.08113905787467957 0.03555373102426529
v -0.03295495733618736 -0.1020558625459671 0.036576781421899796
v -0.033817533403635025 -0.1270606964826584 0.041578300297260284
v -0.03429610654711723 -0.1674938201904297 0.04779273644089699
v -0.04267028346657753 -0.21610389649868011 0.04347066953778267
v -0.04318104311823845 -0.240678071975708 0.047476742416620255
v -0.039170701056718826 -0.1383434683084488 0.03751401975750923
v -0.03702316805720329 0.21414703130722046 -0.007946736179292202
v -0.04882527515292168 -0.2660917341709137 0.04738934338092804
v -0.03583773970603943 0.09451913833618164 -0.012808413244783878
v -0.03493946045637131 0.028769396245479584 -0.012126090936362743
v -0.036845311522483826 -0.011224254034459591 -0.008182668127119541
v -0.03648785501718521 0.23302775621414185 -0.014476153999567032
v -0.03518779203295708 0.152667835354805 -0.015255279839038849
v -0.04052376374602318 0.2436257153749466 -0.0070603275671601295
v -0.04537047818303108 -0.03225131332874298 -0.0009082327014766634
v -0.03515605255961418 0.2149389535188675 -0.015472176484763622
v -0.03870917484164238 0.24465283751487732 -0.016087818890810013
v -0.04997517168521881 -0.040437087416648865 0.000936797761823982
v -0.04977903887629509 -0.04006948322057724 -0.0020721377804875374
v -0.0500468984246254 -0.2462116777896881 0.042166199535131454
v -0.03489895164966583 -0.014815996401011944 -0.014212759211659431
v -0.03782709315419197 -0.08463052660226822 0.027483174577355385
v -0.04227472469210625 -0.11389078944921494 0.03060508333146572
v -0.04242049902677536 -0.05832895636558533 0.014855164103209972
v -0.04608619958162308 -0.151088684797287 0.03358153998851776
v -0.043250273913145065 0.2501247525215149 0.015475447289645672
v -0.001463665976189077 -0.03561699017882347 0.049718569964170456
v -0.004420607816427946 -0.024646632373332977 0.0418427400290966
v -0.04629181697964668 -0.21021050214767456 0.0396866537630558
v -0.02487366273999214 0.24608246982097626 0.035302333533763885
v -0.03262993320822716 0.08959142863750458 -0.020604589954018593
v -0.031944774091243744 0.02343493327498436 -0.01895313896238804
v -0.03477965295314789 -0.029159024357795715 -0.015190914273262024
v -0.03141499310731888 0.16283413767814636 -0.022640563547611237
v -0.03143540024757385 0.2155778408050537 -0.02249760366976261
v -0.03170965984463692 0.23574891686439514 -0.02407117746770382
v -0.04756557196378708 0.25089868903160095 0.0012777906376868486
v -0.041192568838596344 0.25494706630706787 0.027681950479745865
v -0.03260650485754013 0.24465051293373108 -0.027243731543421745
v -0.04412306845188141 0.2507578432559967 -0.015047877095639706
v -0.04705415666103363 0.25407901406288147 -0.018599817529320717
v -0.056233592331409454 -0.046235471963882446 -0.0014685617061331868
v -0.05684950202703476 -0.046943776309490204 0.0006402612780220807
v -0.02819310501217842 0.25508010387420654 0.041262369602918625
v -0.038175154477357864 0.2546440660953522 -0.030871815979480743
v 0.06590130180120468 -0.05377250537276268 -0.0016687895404174924
v 0.08235644549131393 -0.05575529485940933 0.001060225535184145
v 0.06572548300027847 -0.053744588047266006 0.0016202786937355995
v 0.05221617594361305 -0.044894102960824966 0.0013350186636671424
v 0.07806690782308578 -0.05754520744085312 -0.0025338309351354837
v 0.06355571746826172 -0.06348681449890137 -0.008468786254525185
v 0.079177625477314 -0.06517630070447922 -0.008600609377026558
v 0.05105651542544365 -0.058526162058115005 -0.009552368894219398
v 0.05656737461686134 -0.04808574914932251 -0.0014737268211320043
v 0.08893468230962753 -0.05541568621993065 -0.0018800050020217896
v 0.0943857803940773 -0.06107949838042259 -0.009538840502500534
v 0.10076992958784103 -0.052647847682237625 -0.005071162711828947
v 0.10450831800699234 -0.05830635130405426 -0.013886606320738792
v 0.09689147770404816 -0.05213427171111107 0.0008029738091863692
v 0.10754090547561646 -0.04572309926152229 -0.003445453243330121
v 0.1079559177160263 -0.04988345503807068 -0.01131829246878624
v 0.06576371192932129 -0.1179196760058403 -0.022835280746221542
v 0.06305144727230072 -0.10180394351482391 -0.020774032920598984
v 0.06396333873271942 -0.15389001369476318 -0.0271053034812212
v 0.08045819401741028 -0.1576600968837738 -0.027027621865272522
v 0.07874339073896408 -0.10296519845724106 -0.020577378571033478
v 0.06473008543252945 -0.2018863707780838 -0.032029155641794205
v 0.07943206280469894 -0.1960979700088501 -0.031233584508299828
v 0.07754460722208023 -0.2195708006620407 -0.03396471217274666
v 0.07340086996555328 -0.24111145734786987 -0.03666495159268379
v 0.06217879429459572 -0.2544472813606262 -0.038886651396751404
v 0.06388469785451889 -0.08384538441896439 -0.016554303467273712
v 0.07739492505788803 -0.08141294866800308 -0.015467291697859764
v 0.0589652918279171 -0.20742180943489075 -0.03382101282477379
v 0.0746559202671051 -0.2527771294116974 -0.03977937251329422
v 0.09382253885269165 -0.1353399157524109 -0.026940329000353813
v 0.09309562295675278 -0.10361064225435257 -0.02298640087246895
v 0.09288400411605835 -0.08357653766870499 -0.01884046196937561
v 0.062496673315763474 -0.26616567373275757 -0.04219401627779007
v 0.09264228492975235 -0.1746801882982254 -0.03180349990725517
v 0.0895085334777832 -0.2088150829076767 -0.03554815426468849
v 0.08313953876495361 -0.2296350598335266 -0.037237849086523056
v 0.0924103707075119 -0.07254516333341599 -0.015027976594865322
v 0.10211469978094101 -0.09966224431991577 -0.02604329027235508
v 0.1025637537240982 -0.07702258229255676 -0.020963966846466064
v 0.06802166253328323 -0.26689398288726807 -0.044218260794878006
v 0.10064589232206345 -0.15926086902618408 -0.03357597067952156
v 0.10413967072963715 -0.06550391763448715 -0.017475713044404984
v 0.10534224659204483 -0.08748868107795715 -0.025692401453852654
v 0.10939765721559525 -0.10009172558784485 -0.03209326043725014
v 0.08783139288425446 -0.23276835680007935 -0.04035458341240883
v 0.09564916044473648 -0.2128828763961792 -0.04067572206258774
v 0.10424254089593887 -0.1545524299144745 -0.03564416244626045
v 0.0792568251490593 -0.2556186020374298 -0.04447163641452789
v 0.11014174669981003 -0.08030622452497482 -0.028562268242239952
v 0.08960974216461182 -0.23591840267181396 -0.0434628427028656
v 0.10903634876012802 -0.062471725046634674 -0.021242402493953705
v 0.102362722158432 -0.19859221577644348 -0.0442034937441349
v 0.06253707408905029 -0.2728733718395233 -0.04907387122511864
v 0.05375112220644951 -0.27229857444763184 -0.04844645783305168
v 0.07873452454805374 -0.2601486146450043 -0.04939570277929306
v 0.05617370828986168 -0.27490314841270447 -0.05356821417808533
v 0.06745002418756485 -0.2701362669467926 -0.05128692090511322
v -0.06863681226968765 -0.21060286462306976 -0.07928771525621414
v -0.07331449538469315 -0.21633169054985046 -0.07959135621786118
v -0.06772563606500626 -0.22074159979820251 -0.0795811340212822
v -0.07735161483287811 -0.21450357139110565 -0.07754276692867279
v -0.0790897011756897 -0.20590944588184357 -0.06892435252666473
v -0.001463665976189077 -0.03561699017882347 0.049718569964170456
v 0.0015280402731150389 -0.03634481504559517 0.0501382015645504
v 0.0006393640651367605 -0.04336448758840561 0.05717838928103447
v 0.001131689758040011 -0.028573209419846535 0.04662858694791794
v -0.004420607816427946 -0.024646632373332977 0.0418427400290966
v 0.0016070486744865775 -0.019121073186397552 0.04199034720659256
v -0.00192559277638793 -0.040547262877225876 0.05308370664715767
v -0.001705629751086235 -0.05269835144281387 0.06547868251800537
v 0.0014210868394002318 -0.05222982168197632 0.06663785874843597
v -0.012584198266267776 -0.010917606763541698 0.03561067208647728
v -0.003640559036284685 0.1486172080039978 0.03859396278858185
v 0.0032181376591324806 0.17226317524909973 0.0388999804854393
v 0.006319824606180191 0.14082293212413788 0.038249894976615906
v -0.00006433605449274182 0.09432678669691086 0.038779668509960175
v 0.008189898915588856 0.0932590588927269 0.037960484623909
v 0.004178762435913086 0.03823133185505867 0.037423647940158844
v -0.003341554431244731 0.036146268248558044 0.0372750423848629
v 0.003691231831908226 -0.0011318247998133302 0.03812915086746216
v -0.0028572899755090475 -0.004150611814111471 0.03816680982708931
v 0.00033268012339249253 0.22673775255680084 0.039127547293901443
v 0.009180805645883083 0.22223401069641113 0.037984058260917664
v 0.014812204986810684 0.23294556140899658 0.03712593391537666
v 0.013109194114804268 0.03865916281938553 0.03571123257279396
v 0.016662752255797386 0.1602458357810974 0.035790711641311646
v 0.016175655648112297 0.2132444828748703 0.03595133498311043
v 0.0133657930418849 -0.00625604297965765 0.035563644021749496
v 0.017318645492196083 0.09117041528224945 0.03547023609280586
v -0.00017121873679570854 0.24029429256916046 0.04110191762447357
v 0.0148104103282094 0.24333208799362183 0.039278920739889145
v 0.007549645844846964 -0.014566359110176563 0.03841562941670418
v 0.014169123023748398 -0.03014686517417431 0.036085836589336395
v -0.008445953018963337 0.09367243945598602 0.03787204250693321
v -0.008381168358027935 0.21968048810958862 0.03810026869177818
v -0.013924134895205498 0.2343244105577469 0.03777050971984863
v -0.010061237961053848 0.16278596222400665 0.03770415857434273
v -0.011687464080750942 0.03801187127828598 0.035543233156204224
v -0.013165447860956192 0.24381327629089355 0.0404377207159996
v -0.016391677781939507 0.2184986174106598 0.03583063930273056
v -0.016578976064920425 0.09246382862329483 0.035552334040403366
v -0.01609664224088192 0.15573999285697937 0.03588870167732239
v 0.021558241918683052 0.028456896543502808 0.03165113553404808
v -0.0019697481766343117 0.24580241739749908 0.04366942122578621
v -0.019645683467388153 0.035622738301754 0.03190939500927925
v -0.022834181785583496 0.09250745922327042 0.03237440437078476
v -0.0234768595546484 0.15943865478038788 0.03200463578104973
v -0.023690970614552498 0.2133607119321823 0.031705960631370544
v -0.024123236536979675 0.2366025298833847 0.03255163133144379
v -0.02146691456437111 -0.03739441558718681 0.030528469011187553
v -0.02487366273999214 0.24608246982097626 0.035302333533763885
v -0.02571815997362137 0.03266251087188721 0.027422575280070305
v -0.012611830607056618 -0.02652829699218273 0.03679649904370308
v -0.01066841371357441 -0.03831706568598747 0.040406763553619385
v 0.02522442489862442 0.2345706969499588 0.03153297305107117
v 0.023645497858524323 0.21201685070991516 0.03174811974167824
v 0.02387845702469349 0.09365783631801605 0.03171233832836151
v 0.02375752478837967 0.15964534878730774 0.03180309385061264
v 0.025827040895819664 0.04462099075317383 0.028426360338926315
v 0.026686755940318108 0.24382302165031433 0.03250855579972267
v 0.02240755222737789 -0.012582181952893734 0.029369084164500237
v -0.015320292674005032 0.253780335187912 0.04739180952310562
v 0.005904112011194229 0.25202620029449463 0.04780310392379761
v 0.01679443195462227 0.25133389234542847 0.043977078050374985
v -0.0038075316697359085 0.2524222433567047 0.04901320859789848
v 0.028171293437480927 0.25386589765548706 0.038743678480386734
v -0.02819310501217842 0.25508010387420654 0.041262369602918625
v -0.07725299149751663 -0.22212815284729004 0.06469453871250153
v -0.06434864550828934 -0.22982706129550934 0.06390125304460526
v -0.06585581600666046 -0.22310596704483032 0.07865223288536072
v -0.07417172193527222 -0.21962493658065796 0.07917000353336334
v -0.0619615837931633 -0.2301354855298996 0.07261299341917038
v -0.06202962249517441 -0.231888085603714 0.06810557842254639
v -0.07252591848373413 -0.22419041395187378 0.061696335673332214
v -0.06747033447027206 -0.2279236912727356 0.06170610710978508
v -0.061479222029447556 -0.24477532505989075 0.06263396143913269
v -0.05863460898399353 -0.25037264823913574 0.06588342785835266
v -0.05887013301253319 -0.2663065493106842 0.05842199921607971
v -0.05627204850316048 -0.25991350412368774 0.06833738833665848
v -0.05335843935608864 -0.26361584663391113 0.07221334427595139
v -0.05681992694735527 -0.2497396171092987 0.0803617611527443
v -0.05939935892820358 -0.24406051635742188 0.07757864892482758
v -0.06033332645893097 -0.24041125178337097 0.08653581887483597
v -0.0669279471039772 -0.22914119064807892 0.08455453813076019
v -0.0630808100104332 -0.23118244111537933 0.07688748091459274
v -0.07127232104539871 -0.22312608361244202 0.08311720937490463
v -0.08032609522342682 -0.21230094134807587 0.07915771752595901
v -0.0774504616856575 -0.21403416991233826 0.07751592248678207
v -0.05605485662817955 -0.2636910676956177 -0.06476672738790512
v -0.052824389189481735 -0.2695029079914093 -0.06434018909931183
v -0.06347820162773132 -0.27204635739326477 -0.05359737202525139
v 0.06920916587114334 -0.22717170417308807 0.0807587280869484
v 0.06695936620235443 -0.23148803412914276 0.08380972594022751
v 0.062169548124074936 -0.2315594106912613 0.07261146605014801
v 0.07552456855773926 -0.2184860110282898 0.08187614381313324
v 0.07343476265668869 -0.21920089423656464 0.07882647216320038
v 0.06577753275632858 -0.22718492150306702 0.07789883017539978
v 0.04888712242245674 -0.2735823094844818 -0.06067743897438049
v 0.049336355179548264 -0.27144962549209595 -0.06761018931865692
v 0.05617370828986168 -0.27490314841270447 -0.05356821417808533
v 0.05617370828986168 -0.27490314841270447 -0.05356821417808533
v 0.06745002418756485 -0.2701362669467926 -0.05128692090511322
v 0.06253707408905029 -0.2728733718395233 -0.04907387122511864
v 0.07928171753883362 -0.2169012576341629 -0.07396963983774185
v 0.07969463616609573 -0.21392083168029785 -0.07820407301187515
v 0.08051334321498871 -0.22211399674415588 -0.07097593694925308
v 0.07757644355297089 -0.21614845097064972 0.07732190936803818
v 0.07990885525941849 -0.21536965668201447 0.07801507413387299
v 0.07552456855773926 -0.2184860110282898 0.08187614381313324
v -0.05401937663555145 -0.2751331627368927 0.05542236939072609
v -0.048270780593156815 -0.27344319224357605 0.060074836015701294
v -0.04945003613829613 -0.2705683708190918 0.06746691465377808
v -0.05581458657979965 -0.2716614007949829 0.059705719351768494
v -0.06206589192152023 -0.2704302668571472 0.054233618080616
v -0.05335843935608864 -0.26361584663391113 0.07221334427595139
v -0.066592276096344 -0.2714134156703949 0.049246810376644135
v -0.07678978890180588 -0.2602308690547943 0.053152088075876236
v -0.05887013301253319 -0.2663065493106842 0.05842199921607971
v -0.04976680874824524 -0.25933733582496643 0.07907405495643616
v -0.05320889502763748 -0.2520490288734436 0.08334653079509735
v -0.05681992694735527 -0.2497396171092987 0.0803617611527443
v -0.06033332645893097 -0.24041125178337097 0.08653581887483597
v -0.06610812246799469 -0.26249027252197266 0.05558570474386215
v -0.0790630504488945 -0.24998469650745392 0.05827207490801811
v -0.08591894060373306 -0.24266763031482697 0.060280006378889084
v -0.06872718036174774 -0.243159219622612 0.05906195193529129
v -0.07780050486326218 -0.23946964740753174 0.06153864786028862
v -0.06747033447027206 -0.2279236912727356 0.06170610710978508
v -0.07252591848373413 -0.22419041395187378 0.061696335673332214
v -0.07725299149751663 -0.22212815284729004 0.06469453871250153
v -0.08390156179666519 -0.2267906814813614 0.06905553489923477
v -0.07970297336578369 -0.21980907022953033 0.06844665855169296
v -0.07979489117860794 -0.216121643781662 0.07336961477994919
v -0.08738989382982254 -0.22000114619731903 0.07223743200302124
v -0.08032609522342682 -0.21230094134807587 0.07915771752595901
v -0.0914677157998085 -0.20817305147647858 0.0760369822382927
v -0.09026701003313065 -0.19500279426574707 0.08374244719743729
v -0.09797119349241257 -0.19045260548591614 0.07939156889915466
v -0.09457746148109436 -0.17710159718990326 0.09095259010791779
v -0.08455577492713928 -0.19343864917755127 0.0912419930100441
v -0.0774504616856575 -0.21403416991233826 0.07751592248678207
v -0.09324761480093002 -0.22112059593200684 0.06739334017038345
v -0.07302452623844147 -0.21155431866645813 0.09262343496084213
v -0.07127232104539871 -0.22312608361244202 0.08311720937490463
v -0.06678902357816696 -0.22619283199310303 0.08974731713533401
v -0.05908070132136345 -0.23322036862373352 0.09267283231019974
v -0.06904157251119614 -0.20380015671253204 0.10006318986415863
v -0.08555769920349121 -0.23383374512195587 0.06582851707935333
v -0.06388936191797256 -0.246906578540802 0.05926261097192764
v -0.06434864550828934 -0.22982706129550934 0.06390125304460526
v -0.061479222029447556 -0.24477532505989075 0.06263396143913269
v -0.09268750995397568 -0.2332984209060669 0.058641742914915085
v -0.07979489117860794 -0.216121643781662 0.07336961477994919
v -0.07417172193527222 -0.21962493658065796 0.07917000353336334
v -0.0774504616856575 -0.21403416991233826 0.07751592248678207
v -0.07725299149751663 -0.22212815284729004 0.06469453871250153
vt 0.6291135549545288 0.5543229579925537
vt 0.6215853095054626 0.6013230681419373
vt 0.6370455026626587 0.5880028605461121
vt 0.6093854308128357 0.5842506289482117
vt 0.5927371978759766 0.5581215620040894
vt 0.6135100722312927 0.5412756204605103
vt 0.5910290479660034 0.5339936017990112
vt 0.5938048958778381 0.5800678730010986
vt 0.6728423237800598 0.552831768989563
vt 0.6705319285392761 0.5333832502365112
vt 0.6574676036834717 0.5836191773414612
vt 0.6859162449836731 0.5771551132202148
vt 0.6884085536003113 0.5428260564804077
vt 0.5815746188163757 0.5827169418334961
vt 0.6715446710586548 0.6090580224990845
vt 0.6886154413223267 0.609341561794281
vt 0.5794643759727478 0.5437266230583191
vt 0.5939669609069824 0.6174195408821106
vt 0.5819724202156067 0.6691906452178955
vt 0.5923201441764832 0.6666324734687805
vt 0.6988283395767212 0.6026519536972046
vt 0.7028979063034058 0.5572261214256287
vt 0.5822669267654419 0.7116248607635498
vt 0.6871658563613892 0.6486310958862305
vt 0.6976898908615112 0.6766757369041443
vt 0.6895917057991028 0.6972402334213257
vt 0.6982009410858154 0.7217783331871033
vt 0.6888799667358398 0.7245219945907593
vt 0.5917528867721558 0.7095092535018921
vt 0.573138415813446 0.6805241107940674
vt 0.7014375329017639 0.5330129861831665
vt 0.6977548003196716 0.7444171905517578
vt 0.6400712132453918 0.6008603572845459
vt 0.6524139642715454 0.6035293340682983
vt 0.6862744688987732 0.5238949060440063
vt 0.5909446477890015 0.7310312390327454
vt 0.582101583480835 0.7354984283447266
vt 0.6137410998344421 0.5277988314628601
vt 0.612011194229126 0.6127126216888428
vt 0.6052384376525879 0.6446853280067444
vt 0.6772263646125793 0.6338353157043457
vt 0.5842424035072327 0.5181018114089966
vt 0.5747035145759583 0.5773710608482361
vt 0.7091447114944458 0.6758774518966675
vt 0.7080801725387573 0.7096725106239319
vt 0.5733731985092163 0.7132875919342041
vt 0.6890929937362671 0.7466287612915039
vt 0.5873075723648071 0.7462106943130493
vt 0.6573761105537415 0.6130927801132202
vt 0.6041797399520874 0.5047112703323364
vt 0.6589018106460571 0.5032403469085693
vt 0.6144863963127136 0.48528677225112915
vt 0.6528796553611755 0.4855285882949829
vt 0.6640839576721191 0.4639168977737427
vt 0.6148991584777832 0.46111297607421875
vt 0.6495364904403687 0.4413740634918213
vt 0.5938603281974792 0.4413590431213379
vt 0.6863591074943542 0.44006603956222534
vt 0.6292497515678406 0.4276878833770752
vt 0.5835468769073486 0.4243727922439575
vt 0.5830299258232117 0.4039875268936157
vt 0.6848548054695129 0.40878552198410034
vt 0.699126124382019 0.43134236335754395
vt 0.6992275714874268 0.39841651916503906
vt 0.6850185394287109 0.46880197525024414
vt 0.5932515263557434 0.4802106022834778
vt 0.6398038864135742 0.40360915660858154
vt 0.6840751767158508 0.4887431263923645
vt 0.5740794539451599 0.44042474031448364
vt 0.5839372873306274 0.3767293095588684
vt 0.6966607570648193 0.37207579612731934
vt 0.5656336545944214 0.39658838510513306
vt 0.7115435004234314 0.39836013317108154
vt 0.5675292611122131 0.352331280708313
vt 0.6994339823722839 0.4777944087982178
vt 0.7000209093093872 0.510697603225708
vt 0.5802664756774902 0.4795570373535156
vt 0.7141813635826111 0.3665282726287842
vt 0.5561856627464294 0.3574659824371338
vt 0.7125183343887329 0.4338638186454773
vt 0.6570184826850891 0.38500022888183594
vt 0.6846888661384583 0.36000561714172363
vt 0.6973844766616821 0.3467550277709961
vt 0.6143357157707214 0.376924991607666
vt 0.5833107233047485 0.34996020793914795
vt 0.7155107259750366 0.3510690927505493
vt 0.6268182992935181 0.6087701320648193
vt 0.582127034664154 0.7594425678253174
vt 0.5895798206329346 0.7704777717590332
vt 0.6138659119606018 0.627893328666687
vt 0.5608970522880554 0.435319185256958
vt 0.5702785849571228 0.4771917462348938
vt 0.6910325884819031 0.7682248950004578
vt 0.6981478333473206 0.7682707905769348
vt 0.7118687629699707 0.4674825668334961
vt 0.5529247522354126 0.3992692828178406
vt 0.7254379391670227 0.4115566611289978
vt 0.7263466715812683 0.3810993432998657
vt 0.7087348699569702 0.5924781560897827
vt 0.5726381540298462 0.5200985074043274
vt 0.6590327620506287 0.36814767122268677
vt 0.6409702897071838 0.373008668422699
vt 0.6228384971618652 0.36894774436950684
vt 0.7126441597938538 0.33777743577957153
vt 0.679376482963562 0.6743189096450806
vt 0.6698335409164429 0.6339757442474365
vt 0.56162428855896 0.33741867542266846
vt 0.6920737028121948 0.7959561944007874
vt 0.7264915108680725 0.3570061922073364
vt 0.597576379776001 0.6808492541313171
vt 0.7140196561813354 0.4862293004989624
vt 0.724899411201477 0.44475919008255005
vt 0.5934369564056396 0.7629858255386353
vt 0.7091526985168457 0.7362797856330872
vt 0.5691816210746765 0.5419842004776001
vt 0.5671678781509399 0.5843749642372131
vt 0.5448896288871765 0.36876749992370605
vt 0.547869861125946 0.34267711639404297
vt 0.5661149024963379 0.6731910705566406
vt 0.555519163608551 0.4669303894042969
vt 0.5639883875846863 0.5213607549667358
vt 0.6234761476516724 0.3569195866584778
vt 0.5473602414131165 0.43022942543029785
vt 0.573408842086792 0.7382014989852905
vt 0.7258614897727966 0.34009844064712524
vt 0.5818741917610168 0.3370135426521301
vt 0.7141097784042358 0.519986629486084
vt 0.716535747051239 0.5437602400779724
vt 0.7162180542945862 0.5934252738952637
vt 0.698957622051239 0.7825981378555298
vt 0.6417427062988281 0.6117722392082214
vt 0.6683956980705261 0.35071438550949097
vt 0.5589730739593506 0.4889093041419983
vt 0.6448537111282349 0.35740363597869873
vt 0.5825879573822021 0.775965690612793
vt 0.6885145306587219 0.7881810665130615
vt 0.7251145839691162 0.47821909189224243
vt 0.6966012120246887 0.3362087607383728
vt 0.5917104482650757 0.7919862270355225
vt 0.5956319570541382 0.7926723957061768
vt 0.6092489361763 0.348177969455719
vt 0.6808342337608337 0.7192645072937012
vt 0.7196730971336365 0.6635358333587646
vt 0.7252634167671204 0.3258858323097229
vt 0.717825174331665 0.6978756785392761
vt 0.7366631627082825 0.3802362084388733
vt 0.5669816136360168 0.32430464029312134
vt 0.6838425397872925 0.7581161260604858
vt 0.7345866560935974 0.342352032661438
vt 0.7050784826278687 0.32504767179489136
vt 0.7355138063430786 0.41469907760620117
vt 0.5409148931503296 0.405220627784729
vt 0.5991032123565674 0.7160564064979553
vt 0.6959784030914307 0.8040693998336792
vt 0.7160994410514832 0.31963521242141724
vt 0.5558738708496094 0.32096511125564575
vt 0.5476343631744385 0.32067275047302246
vt 0.6067786812782288 0.6720098257064819
vt 0.7391554117202759 0.4412233233451843
vt 0.5989804267883301 0.7508970499038696
vt 0.7093904614448547 0.7646598815917969
vt 0.7219510078430176 0.716697096824646
vt 0.7226020693778992 0.514073371887207
vt 0.7261651158332825 0.5313953161239624
vt 0.7256890535354614 0.5530202388763428
vt 0.7270988821983337 0.5902522206306458
vt 0.6120826601982117 0.6666165590286255
vt 0.6919724941253662 0.8199256062507629
vt 0.7312917113304138 0.48396164178848267
vt 0.7368149757385254 0.32516783475875854
vt 0.6739053726196289 0.681857705116272
vt 0.6675490736961365 0.6550277471542358
vt 0.6614711880683899 0.6344718933105469
vt 0.7433345913887024 0.4002178907394409
vt 0.6192945241928101 0.3431129455566406
vt 0.6393699049949646 0.3458421230316162
vt 0.6518436074256897 0.3426936864852905
vt 0.6677643656730652 0.33606642484664917
vt 0.6903932690620422 0.32712042331695557
vt 0.5820966362953186 0.32514113187789917
vt 0.7272019982337952 0.6700936555862427
vt 0.7447370290756226 0.3586600422859192
vt 0.6001940965652466 0.7752723693847656
vt 0.6214039921760559 0.6269114017486572
vt 0.6158356666564941 0.6506214737892151
vt 0.6301093101501465 0.6199108958244324
vt 0.6381114721298218 0.6160342693328857
vt 0.6840380430221558 0.788857102394104
vt 0.6866838335990906 0.8170385956764221
vt 0.7216927409172058 0.7408786416053772
vt 0.7268041372299194 0.3154489994049072
vt 0.7318018078804016 0.5185161232948303
vt 0.7434335350990295 0.3389599919319153
vt 0.6442724466323853 0.620536208152771
vt 0.6492287516593933 0.6164255142211914
vt 0.6535206437110901 0.6242454051971436
vt 0.706434965133667 0.798741340637207
vt 0.7400173544883728 0.48367685079574585
vt 0.7342822551727295 0.6898903846740723
vt 0.6967468857765198 0.8254826664924622
vt 0.7343541383743286 0.5347989201545715
vt 0.7469894886016846 0.4358096718788147
vt 0.7356283664703369 0.5652061700820923
vt 0.731639564037323 0.7218241691589355
vt 0.5666807293891907 0.3078721761703491
vt 0.7459297776222229 0.4578474760055542
vt 0.7035595178604126 0.31324636936187744
vt 0.6054189205169678 0.7143329381942749
vt 0.6753129363059998 0.7225475311279297
vt 0.6917971968650818 0.3134463429450989
vt 0.5825818181037903 0.31613945960998535
vt 0.6132714748382568 0.33228176832199097
vt 0.6275047659873962 0.3365404009819031
vt 0.7371129989624023 0.313069224357605
vt 0.7358360886573792 0.6093612313270569
vt 0.7365493774414062 0.6496042013168335
vt 0.6023322939872742 0.804716944694519
vt 0.5982308387756348 0.811812162399292
vt 0.6937650442123413 0.8382553458213806
vt 0.5444153547286987 0.3110472559928894
vt 0.5555472373962402 0.30504125356674194
vt 0.7522216439247131 0.3799595832824707
vt 0.7464543581008911 0.32085275650024414
vt 0.6780641078948975 0.7595459818840027
vt 0.6022164225578308 0.8267379403114319
vt 0.6068896055221558 0.8268879652023315
vt 0.7038617134094238 0.8141914010047913
vt 0.6891829967498779 0.8403459787368774
vt 0.6395896673202515 0.33231914043426514
vt 0.7413567900657654 0.524177074432373
vt 0.6492269039154053 0.3311108946800232
vt 0.7532533407211304 0.41040748357772827
vt 0.7138253450393677 0.7799863815307617
vt 0.7235265374183655 0.7633562088012695
vt 0.6034420728683472 0.752133846282959
vt 0.6640139818191528 0.32565462589263916
vt 0.7309268712997437 0.7516489028930664
vt 0.7394927740097046 0.7372236251831055
vt 0.6056627035140991 0.789066731929779
vt 0.7164188027381897 0.3030191659927368
vt 0.6278381943702698 0.6285866498947144
vt 0.6222280859947205 0.638515055179596
vt 0.6641663312911987 0.6621900796890259
vt 0.6563656330108643 0.6357905864715576
vt 0.7537980079650879 0.3391669988632202
vt 0.7455171942710876 0.5409588813781738
vt 0.7278454899787903 0.3021621108055115
vt 0.6978795528411865 0.8400677442550659
vt 0.7495065331459045 0.4876333475112915
vt 0.5826459527015686 0.30736351013183594
vt 0.6123319268226624 0.3238605260848999
vt 0.6287665963172913 0.3224521279335022
vt 0.605911135673523 0.8407225608825684
vt 0.5442908406257629 0.3010495901107788
vt 0.703208327293396 0.3010495901107788
vt 0.69486004114151 0.8516221046447754
vt 0.6089964509010315 0.8131894469261169
vt 0.6373531222343445 0.6279749274253845
vt 0.6416882872581482 0.6270543336868286
vt 0.7120431065559387 0.79030442237854
vt 0.6090415120124817 0.7374556660652161
vt 0.745610237121582 0.30378633737564087
vt 0.5366398692131042 0.3127623200416565
vt 0.6472427248954773 0.6285113096237183
vt 0.6101353764533997 0.7738673686981201
vt 0.7008200883865356 0.8268741369247437
vt 0.6156850457191467 0.6903955936431885
vt 0.6195285320281982 0.6622625589370728
vt 0.6114735007286072 0.8384989500045776
vt 0.6269516944885254 0.64924156665802
vt 0.29814887046813965 0.8585532903671265
vt 0.29608476161956787 0.8320640325546265
vt 0.2831600606441498 0.8490710854530334
vt 0.2777293920516968 0.8240084648132324
vt 0.28644540905952454 0.9120139479637146
vt 0.304172158241272 0.9119619131088257
vt 0.25773048400878906 0.8981908559799194
vt 0.24497929215431213 0.8771318197250366
vt 0.25635120272636414 0.93068927526474
vt 0.23988081514835358 0.8956742286682129
vt 0.25116366147994995 0.8496991395950317
vt 0.2377813458442688 0.8614466190338135
vt 0.24888619780540466 0.8269486427307129
vt 0.23914368450641632 0.9192854166030884
vt 0.2856782376766205 0.9331356287002563
vt 0.2552224099636078 0.9449179768562317
vt 0.30878540873527527 0.9320066571235657
vt 0.2259429395198822 0.9176185727119446
vt 0.22642681002616882 0.8397649526596069
vt 0.21629397571086884 0.8517601490020752
vt 0.21101975440979004 0.937262237071991
vt 0.17416353523731232 0.827621579170227
vt 0.17529195547103882 0.8385887145996094
vt 0.13309346139431 0.8304095268249512
vt 0.17941582202911377 0.9515464901924133
vt 0.17279714345932007 0.9412803649902344
vt 0.1425735354423523 0.9524086713790894
vt 0.1297226995229721 0.9444282054901123
vt 0.12224046140909195 0.9531685709953308
vt 0.20160521566867828 0.9268234372138977
vt 0.17586232721805573 0.9295291900634766
vt 0.12449291348457336 0.8408135175704956
vt 0.10982285439968109 0.8321903347969055
vt 0.2925645709037781 0.9452895522117615
vt 0.16975313425064087 0.8171217441558838
vt 0.24450552463531494 0.8138371109962463
vt 0.13750618696212769 0.8192997574806213
vt 0.29811763763427734 0.8119844794273376
vt 0.25118815898895264 0.9569679498672485
vt 0.2782914340496063 0.8117890357971191
vt 0.17379917204380035 0.9619566798210144
vt 0.10383190214633942 0.8432836532592773
vt 0.3174133002758026 0.9439972639083862
vt 0.09354503452777863 0.9497963190078735
vt 0.3410112261772156 0.8814764022827148
vt 0.3465215265750885 0.9247044920921326
vt 0.36383914947509766 0.9235824346542358
vt 0.35884642601013184 0.8819122910499573
vt 0.3916475176811218 0.9205327033996582
vt 0.38609570264816284 0.8753533363342285
vt 0.41157257556915283 0.9216389656066895
vt 0.41377967596054077 0.8787581324577332
vt 0.4088333547115326 0.8295444846153259
vt 0.3862498104572296 0.8357331156730652
vt 0.3602348566055298 0.8379786014556885
vt 0.41105979681015015 0.8139879107475281
vt 0.4347898066043854 0.9194149374961853
vt 0.3811003267765045 0.8095754981040955
vt 0.39516720175743103 0.9393631219863892
vt 0.3419821858406067 0.8378034234046936
vt 0.4297499656677246 0.837437629699707
vt 0.4296206533908844 0.881809413433075
vt 0.43196535110473633 0.9374473094940186
vt 0.44808071851730347 0.8105589151382446
vt 0.4196837246417999 0.8010520935058594
vt 0.34680789709091187 0.8119006156921387
vt 0.4590016007423401 0.9373452067375183
vt 0.3532404601573944 0.9399698376655579
vt 0.45892319083213806 0.7964097261428833
vt 0.4281291663646698 0.9524291157722473
vt 0.4570361077785492 0.9510050415992737
vt 0.4580552577972412 0.9176749587059021
vt 0.39742252230644226 0.7905281782150269
vt 0.37525954842567444 0.7915854454040527
vt 0.08519167453050613 0.8361401557922363
vt 0.4374740421772003 0.7856154441833496
vt 0.44397351145744324 0.8843347430229187
vt 0.44338861107826233 0.8533387184143066
vt 0.4636160135269165 0.8100249767303467
vt 0.4755033552646637 0.9478488564491272
vt 0.3979034423828125 0.9523375630378723
vt 0.3597659468650818 0.9544278979301453
vt 0.23261582851409912 0.8813444375991821
vt 0.2270539253950119 0.8684229254722595
vt 0.20835895836353302 0.8573586344718933
vt 0.10375265777111053 0.9433071613311768
vt 0.3087453544139862 0.8228690028190613
vt 0.22943289577960968 0.8959029912948608
vt 0.09625144302845001 0.954976499080658
vt 0.46074435114860535 0.7857481241226196
vt 0.2169964462518692 0.9111694693565369
vt 0.11645326763391495 0.8197731971740723
vt 0.32338958978652954 0.8079003691673279
vt 0.4719681143760681 0.9217413663864136
vt 0.14139863848686218 0.9640049338340759
vt 0.4784638583660126 0.7958669662475586
vt 0.4587801694869995 0.9640416502952576
vt 0.47697731852531433 0.7828248739242554
vt 0.41407015919685364 0.7781602740287781
vt 0.4555652141571045 0.8853855133056641
vt 0.17561958730220795 0.8487155437469482
vt 0.08700836449861526 0.8459522724151611
vt 0.4833499491214752 0.9616190791130066
vt 0.40859776735305786 0.9663750529289246
vt 0.43098828196525574 0.9659563302993774
vt 0.19167880713939667 0.9228420853614807
vt 0.3857845366001129 0.9669263958930969
vt 0.4857557415962219 0.9371697902679443
vt 0.3425008952617645 0.7929608821868896
vt 0.06929510831832886 0.8423032760620117
vt 0.05277220159769058 0.8419983386993408
vt 0.1192367747426033 0.9636456370353699
vt 0.44487854838371277 0.7756849527359009
vt 0.45517101883888245 0.8514008522033691
vt 0.4574587941169739 0.8730867505073547
vt 0.4870183765888214 0.9506800770759583
vt 0.31758442521095276 0.9591902494430542
vt 0.2938779592514038 0.9599477648735046
vt 0.25555333495140076 0.9623131155967712
vt 0.1784447282552719 0.9666154980659485
vt 0.097342848777771 0.8212556838989258
vt 0.38266798853874207 0.7788985967636108
vt 0.07327243685722351 0.9491719007492065
vt 0.4655803143978119 0.7744354009628296
vt 0.1398150771856308 0.9329567551612854
vt 0.47878649830818176 0.8099671006202698
vt 0.2470494508743286 0.802947998046875
vt 0.18013691902160645 0.8064455389976501
vt 0.28551971912384033 0.7989870309829712
vt 0.3074500560760498 0.7973065376281738
vt 0.15704849362373352 0.8060420155525208
vt 0.4597293436527252 0.8342666029930115
vt 0.11945544183254242 0.935094952583313
vt 0.3646545112133026 0.9689621925354004
vt 0.087331123650074 0.9371699094772339
vt 0.06652432680130005 0.9417866468429565
vt 0.056325510144233704 0.9480302929878235
vt 0.1280326396226883 0.8077638745307922
vt 0.4789373576641083 0.7727875709533691
vt 0.42879074811935425 0.9758732318878174
vt 0.07442755997180939 0.8261842727661133
vt 0.4681605398654938 0.8384646773338318
vt 0.46873384714126587 0.855783998966217
vt 0.46672677993774414 0.8714567422866821
vt 0.4692503809928894 0.8939672112464905
vt 0.4810319244861603 0.9184642434120178
vt 0.08586683869361877 0.9591149091720581
vt 0.11112795770168304 0.9662821292877197
vt 0.489975243806839 0.781586766242981
vt 0.4626491069793701 0.976108193397522
vt 0.48603346943855286 0.9732707142829895
vt 0.14615553617477417 0.8530123233795166
vt 0.0696905329823494 0.8490663766860962
vt 0.04382438585162163 0.847565770149231
vt 0.0366329625248909 0.8456236124038696
vt 0.40597835183143616 0.768916666507721
vt 0.5018822550773621 0.9623963236808777
vt 0.5006125569343567 0.9727436900138855
vt 0.39196503162384033 0.9793446063995361
vt 0.43872371315956116 0.7650449872016907
vt 0.5003018379211426 0.9518177509307861
vt 0.18937690556049347 0.858418345451355
vt 0.3419422209262848 0.9742001295089722
vt 0.06559998542070389 0.9565969109535217
vt 0.21201510727405548 0.8676645159721375
vt 0.17894355952739716 0.974536657333374
vt 0.14693909883499146 0.9761059880256653
vt 0.1298854649066925 0.974977970123291
vt 0.31417956948280334 0.9730667471885681
vt 0.29456138610839844 0.9713348746299744
vt 0.4973195195198059 0.7915980219841003
vt 0.488946795463562 0.808178186416626
vt 0.17620860040187836 0.9193209409713745
vt 0.19405846297740936 0.9149148464202881
vt 0.11047974973917007 0.8529139757156372
vt 0.25912755727767944 0.9734540581703186
vt 0.41860508918762207 0.9825270175933838
vt 0.47392141819000244 0.762785792350769
vt 0.3661454916000366 0.9804253578186035
vt 0.4956578314304352 0.7711132168769836
vt 0.2228119820356369 0.8829531669616699
vt 0.22298525273799896 0.8884517550468445
vt 0.21995648741722107 0.896011471748352
vt 0.20959597826004028 0.9064805507659912
vt 0.051267705857753754 0.9375954270362854
vt 0.04407316818833351 0.9436984062194824
vt 0.04169844463467598 0.9479135274887085
vt 0.45689961314201355 0.98300701379776
vt 0.49773702025413513 0.9255445003509521
vt 0.21968814730644226 0.8787469267845154
vt 0.5060961246490479 0.94077467918396
vt 0.47741758823394775 0.8403777480125427
vt 0.026887748390436172 0.9431121945381165
vt 0.4804469347000122 0.8866161704063416
vt 0.47855275869369507 0.8682829141616821
vt 0.46193647384643555 0.7587758302688599
vt 0.4845842719078064 0.9070402979850769
vt 0.04898567125201225 0.8536824584007263
vt 0.48958921432495117 0.7622001767158508
vt 0.02470979280769825 0.8552881479263306
vt 0.014370580203831196 0.8504490256309509
vt 0.1820339411497116 0.9797665476799011
vt 0.4993315637111664 0.7808738946914673
vt 0.09075859934091568 0.8543142676353455
vt 0.4859042465686798 0.9810341000556946
vt 0.5109145045280457 0.9518460631370544
vt 0.48259806632995605 0.8555262088775635
vt 0.39690616726875305 0.7637075781822205
vt 0.42755550146102905 0.7575528025627136
vt 0.39862060546875 0.9897797703742981
vt 0.07290343195199966 0.9336009621620178
vt 0.4855216443538666 0.8404358625411987
vt 0.1741160750389099 0.9882309436798096
vt 0.4996097981929779 0.8077406883239746
vt 0.34401071071624756 0.9848082661628723
vt 0.2964951694011688 0.9804322123527527
vt 0.2680479884147644 0.9834691286087036
vt 0.030871929600834846 0.9380946159362793
vt 0.4390122592449188 0.9932310581207275
vt 0.3140150010585785 0.9861293435096741
vt 0.12660352885723114 0.9249978065490723
vt 0.0713457316160202 0.8569869995117188
vt 0.49565592408180237 0.9098955392837524
vt 0.4883337616920471 0.8928820490837097
vt 0.5096476078033447 0.9766336679458618
vt 0.1227136105298996 0.8568876385688782
vt 0.37173429131507874 0.9894251227378845
vt 0.500986635684967 0.9852592945098877
vt 0.008681013248860836 0.8587889671325684
vt 0.5176339745521545 0.9651677012443542
vt 0.45778658986091614 0.992310106754303
vt 0.4856148064136505 0.9915431141853333
vt 0.4994804561138153 0.7602840662002563
vt 0.4511481523513794 0.7490105628967285
vt 0.4904208481311798 0.7522300481796265
vt 0.4888637959957123 0.8682554364204407
vt 0.4772270619869232 0.7485687136650085
vt 0.39609721302986145 0.7522817850112915
vt 0.3717889189720154 0.7582505941390991
vt 0.37650027871131897 0.767723023891449
vt 0.34563714265823364 0.7662097811698914
vt 0.338676393032074 0.7749751806259155
vt 0.31074294447898865 0.7728894352912903
vt 0.3379097282886505 0.7592102289199829
vt 0.5123212337493896 0.9259442090988159
vt 0.0004468275292310864 0.8556109070777893
vt 0.16147084534168243 0.8602337837219238
vt 0.4949522018432617 0.8833919763565063
vt 0.5098022818565369 0.7902517914772034
vt 0.509272575378418 0.7791431546211243
vt 0.3097308278083801 0.7596810460090637
vt 0.2920674979686737 0.7739242911338806
vt 0.2884783446788788 0.7618008852005005
vt 0.4133854806423187 0.7485687136650085
vt 0.27703580260276794 0.7700836062431335
vt 0.2665508985519409 0.7803007960319519
vt 0.243390753865242 0.7772424817085266
vt 0.24327033758163452 0.770408570766449
vt 0.16020198166370392 0.7793091535568237
vt 0.5099445581436157 0.7667762041091919
vt 0.5196604132652283 0.9389804005622864
vt 0.4940325617790222 0.8551220297813416
vt 0.5013375878334045 0.8997124433517456
vt 0.4949896037578583 0.8428325653076172
vt 0.5049672722816467 0.819876492023468
vt 0.5133553147315979 0.8031121492385864
vt 0.5020196437835693 0.7525650262832642
vt 0.511157214641571 0.9915612936019897
vt 0.212254598736763 0.8862088322639465
vt 0.2107526957988739 0.8809338808059692
vt 0.5042760968208313 0.9995229244232178
vt 0.2530304491519928 0.34917324781417847
vt 0.23992200195789337 0.3757486343383789
vt 0.2652207016944885 0.3751690983772278
vt 0.23463872075080872 0.3505735397338867
vt 0.25096818804740906 0.4237944483757019
vt 0.27752968668937683 0.434814989566803
vt 0.2899738848209381 0.3965967893600464
vt 0.24616257846355438 0.4529656767845154
vt 0.2869100868701935 0.44999492168426514
vt 0.27207818627357483 0.35771387815475464
vt 0.29320308566093445 0.34210091829299927
vt 0.2883930504322052 0.4179665446281433
vt 0.3152657747268677 0.4306129217147827
vt 0.3063840866088867 0.4111815094947815
vt 0.30038100481033325 0.39478278160095215
vt 0.3065502643585205 0.3597000241279602
vt 0.30752232670783997 0.3751925230026245
vt 0.32389840483665466 0.4422076940536499
vt 0.34623274207115173 0.43919646739959717
vt 0.34685972332954407 0.3510342836380005
vt 0.36605969071388245 0.3408653736114502
vt 0.3704835772514343 0.45522254705429077
vt 0.2950136959552765 0.4635500907897949
vt 0.3650303781032562 0.4635980725288391
vt 0.2511046230792999 0.4651603102684021
vt 0.416094034910202 0.46381163597106934
vt 0.40634748339653015 0.45237410068511963
vt 0.3877388536930084 0.3505815863609314
vt 0.39720335602760315 0.33964258432388306
vt 0.3785456418991089 0.3278663754463196
vt 0.33515021204948425 0.36630988121032715
vt 0.3550952970981598 0.3292464017868042
vt 0.4363304376602173 0.45318055152893066
vt 0.4175165891647339 0.3487688899040222
vt 0.4281221330165863 0.3381131887435913
vt 0.40834686160087585 0.3291360139846802
vt 0.43828174471855164 0.4632090926170349
vt 0.2873164415359497 0.32945775985717773
vt 0.24362918734550476 0.3297320008277893
vt 0.35577499866485596 0.438590943813324
vt 0.3219009339809418 0.42409229278564453
vt 0.22901688516139984 0.4634355902671814
vt 0.23582610487937927 0.4135652780532837
vt 0.2327568084001541 0.44760650396347046
vt 0.361564964056015 0.3597531318664551
vt 0.38375839591026306 0.47625666856765747
vt 0.20903745293617249 0.37389492988586426
vt 0.20695152878761292 0.4134296774864197
vt 0.19090905785560608 0.38703322410583496
vt 0.19473564624786377 0.43257755041122437
vt 0.1717422604560852 0.4013417959213257
vt 0.16991035640239716 0.4460618495941162
vt 0.15203365683555603 0.40152090787887573
vt 0.14980365335941315 0.44787925481796265
vt 0.13840188086032867 0.4283257722854614
vt 0.1726256161928177 0.367337167263031
vt 0.15869203209877014 0.34351545572280884
vt 0.14844867587089539 0.3622177839279175
vt 0.11539315432310104 0.3452395796775818
vt 0.12687186896800995 0.41405820846557617
vt 0.11569008976221085 0.46292710304260254
vt 0.11553314328193665 0.32902902364730835
vt 0.1519785076379776 0.46482378244400024
vt 0.10007589310407639 0.4521391987800598
vt 0.1920100450515747 0.3535366654396057
vt 0.21021753549575806 0.34525489807128906
vt 0.10108108818531036 0.3570399880409241
vt 0.10778846591711044 0.40332329273223877
vt 0.1980619728565216 0.450786292552948
vt 0.18349765241146088 0.4639512300491333
vt 0.15678991377353668 0.3317204713821411
vt 0.11662322282791138 0.4789668321609497
vt 0.08014988154172897 0.34147530794143677
vt 0.07992952316999435 0.3289291262626648
vt 0.18703003227710724 0.3328613042831421
vt 0.07941681146621704 0.46338915824890137
vt 0.07244627922773361 0.4797467589378357
vt 0.09445018321275711 0.4206172227859497
vt 0.09308424592018127 0.3835844397544861
vt 0.0787147730588913 0.31657761335372925
vt 0.11460422724485397 0.3171688914299011
vt 0.4656021296977997 0.4550800323486328
vt 0.15715061128139496 0.47821730375289917
vt 0.15686316788196564 0.3175307512283325
vt 0.21634316444396973 0.3319826126098633
vt 0.06648065894842148 0.4632348418235779
vt 0.07701487839221954 0.4398072361946106
vt 0.08759033679962158 0.493988037109375
vt 0.4497922956943512 0.3456123471260071
vt 0.460483580827713 0.3376787304878235
vt 0.06613395363092422 0.3428903818130493
vt 0.06440915912389755 0.3286282420158386
vt 0.07979551702737808 0.36778515577316284
vt 0.08249685168266296 0.39295387268066406
vt 0.4255892336368561 0.3287211060523987
vt 0.450502872467041 0.3283071517944336
vt 0.05596598610281944 0.31646573543548584
vt 0.1270628720521927 0.4928518533706665
vt 0.18979772925376892 0.47849857807159424
vt 0.45646074414253235 0.4640878438949585
vt 0.35218194127082825 0.47717612981796265
vt 0.31072044372558594 0.4768977165222168
vt 0.26805204153060913 0.4774889349937439
vt 0.24520693719387054 0.4807720184326172
vt 0.05643919110298157 0.482485294342041
vt 0.0681164413690567 0.49377286434173584
vt 0.08274134248495102 0.4167628884315491
vt 0.08470752090215683 0.3048970699310303
vt 0.48085927963256836 0.3430819511413574
vt 0.11638548225164413 0.3058055639266968
vt 0.19152578711509705 0.31543922424316406
vt 0.22289015352725983 0.4793246388435364
vt 0.06593117862939835 0.30567294359207153
vt 0.4119206368923187 0.44276541471481323
vt 0.1566838026046753 0.4931223392486572
vt 0.143336221575737 0.30477553606033325
vt 0.054172683507204056 0.32884925603866577
vt 0.05542437359690666 0.3397290110588074
vt 0.359436959028244 0.3168940544128418
vt 0.29321348667144775 0.31991785764694214
vt 0.2496914118528366 0.31709229946136475
vt 0.4383111894130707 0.3516864776611328
vt 0.308847039937973 0.38616234064102173
vt 0.3211938440799713 0.3745136857032776
vt 0.22433795034885406 0.3150743842124939
vt 0.403568297624588 0.3175651431083679
vt 0.055472102016210556 0.4974197745323181
vt 0.4168976843357086 0.47580593824386597
vt 0.05327838286757469 0.3044899106025696
vt 0.46835172176361084 0.4462730884552002
vt 0.0547364205121994 0.46568071842193604
vt 0.1667267084121704 0.30420905351638794
vt 0.480785608291626 0.45419323444366455
vt 0.47309985756874084 0.46359097957611084
vt 0.31270965933799744 0.3988863229751587
vt 0.07133375108242035 0.37806224822998047
vt 0.07031075656414032 0.4240484833717346
vt 0.18808135390281677 0.4930127263069153
vt 0.42863819003105164 0.4769321084022522
vt 0.43847525119781494 0.4433286190032959
vt 0.3158406913280487 0.4096457362174988
vt 0.06859275698661804 0.401287317276001
vt 0.07648299634456635 0.5050466060638428
vt 0.4022912085056305 0.35765331983566284
vt 0.10871578007936478 0.508538007736206
vt 0.485820472240448 0.3356013894081116
vt 0.47084614634513855 0.3498994708061218
vt 0.13095739483833313 0.5075650215148926
vt 0.29867976903915405 0.31337326765060425
vt 0.04287916049361229 0.4955514073371887
vt 0.3155159652233124 0.38943058252334595
vt 0.3247300684452057 0.38002753257751465
vt 0.039884019643068314 0.30842024087905884
vt 0.42491471767425537 0.31553173065185547
vt 0.11376602947711945 0.29283374547958374
vt 0.04113912582397461 0.4840323328971863
vt 0.3804764747619629 0.4862353801727295
vt 0.33089983463287354 0.420685350894928
vt 0.19057413935661316 0.30234402418136597
vt 0.06907599419355392 0.29353588819503784
vt 0.3384481966495514 0.48520368337631226
vt 0.26670151948928833 0.48790621757507324
vt 0.04097733646631241 0.3266436457633972
vt 0.48983117938041687 0.46244168281555176
vt 0.4992161989212036 0.4527888298034668
vt 0.4885176420211792 0.4455833435058594
vt 0.08509959280490875 0.291484534740448
vt 0.463155061006546 0.32808172702789307
vt 0.5035082101821899 0.3411763906478882
vt 0.49939876794815063 0.34467780590057373
vt 0.14435888826847076 0.29508572816848755
vt 0.3627825379371643 0.3659130930900574
vt 0.057326849550008774 0.5100303888320923
vt 0.22556039690971375 0.49460113048553467
vt 0.2336668223142624 0.4895322322845459
vt 0.15800689160823822 0.5087074041366577
vt 0.4086114764213562 0.4890573024749756
vt 0.04143156483769417 0.340778648853302
vt 0.058934733271598816 0.36857932806015015
vt 0.060465168207883835 0.38796132802963257
vt 0.36754336953163147 0.3054848909378052
vt 0.3808785378932953 0.4331279993057251
vt 0.3508504629135132 0.42829442024230957
vt 0.04118744656443596 0.4721432328224182
vt 0.24629971385002136 0.4976120591163635
vt 0.45219486951828003 0.47506076097488403
vt 0.05120987817645073 0.2955813407897949
vt 0.1814299374818802 0.5030677318572998
vt 0.34148460626602173 0.37339669466018677
vt 0.25406914949417114 0.30877041816711426
vt 0.22847029566764832 0.3013470768928528
vt 0.17602773010730743 0.29544568061828613
vt 0.4061073660850525 0.3079392910003662
vt 0.04399845376610756 0.5091116428375244
vt 0.07789652049541473 0.5116824507713318
vt 0.042708318680524826 0.4614555835723877
vt 0.05708377808332443 0.43675386905670166
vt 0.06410237401723862 0.4158914089202881
vt 0.4119065999984741 0.3611363172531128
vt 0.38483381271362305 0.49418163299560547
vt 0.33914297819137573 0.493428111076355
vt 0.2685530483722687 0.4952082633972168
vt 0.4874531626701355 0.3504025340080261
vt 0.2987508773803711 0.3051033020019531
vt 0.25154176354408264 0.3019779324531555
vt 0.5009670257568359 0.46371060609817505
vt 0.03830178827047348 0.2934461236000061
vt 0.03153754398226738 0.3140455484390259
vt 0.4301055073738098 0.49223965406417847
vt 0.15196919441223145 0.28620582818984985
vt 0.5185466408729553 0.4532650113105774
vt 0.5108410120010376 0.4476858973503113
vt 0.13677871227264404 0.2856314778327942
vt 0.4748731553554535 0.3267672657966614
vt 0.19671235978603363 0.5069963335990906
vt 0.44632381200790405 0.3155190348625183
vt 0.030429145321249962 0.3262476325035095
vt 0.05636248365044594 0.40041685104370117
vt 0.05385762080550194 0.41526156663894653
vt 0.1996588110923767 0.29314637184143066
vt 0.1260504424571991 0.5182819962501526
vt 0.03331497684121132 0.497022807598114
vt 0.45473751425743103 0.439630925655365
vt 0.05293208360671997 0.28579312562942505
vt 0.39318403601646423 0.29877769947052
vt 0.09764833748340607 0.521131694316864
vt 0.4962351322174072 0.3331490755081177
vt 0.05956743657588959 0.5178821086883545
vt 0.43984198570251465 0.3583163022994995
vt 0.03470667079091072 0.5071574449539185
vt 0.04680473357439041 0.3725106716156006
vt 0.04693472757935524 0.4311050772666931
vt 0.41237494349479675 0.432107150554657
vt 0.4157162606716156 0.29887378215789795
vt 0.4345717430114746 0.3031291365623474
vt 0.23168416321277618 0.5052244663238525
vt 0.35826653242111206 0.29666978120803833
vt 0.4711745083332062 0.47782671451568604
vt 0.4847153127193451 0.4727671146392822
vt 0.026386987417936325 0.3035748600959778
vt 0.10952739417552948 0.28005725145339966
vt 0.04909927397966385 0.38552606105804443
vt 0.02769624814391136 0.48611903190612793
vt 0.033294547349214554 0.34500831365585327
vt 0.3491704761981964 0.5031436681747437
vt 0.08687209337949753 0.28006964921951294
vt 0.18386992812156677 0.2861331105232239
vt 0.30153703689575195 0.2979051470756531
vt 0.26686370372772217 0.2973446846008301
vt 0.24925611913204193 0.28955990076065063
vt 0.4778478443622589 0.43955129384994507
vt 0.06661800295114517 0.28005725145339966
vt 0.02512262389063835 0.47480857372283936
vt 0.5145788192749023 0.33924323320388794
vt 0.518454909324646 0.3428981900215149
vt 0.4174352288246155 0.5035319328308105
vt 0.3872146010398865 0.5042506456375122
vt 0.31133297085762024 0.5042532682418823
vt 0.17069393396377563 0.5180591344833374
vt 0.15035980939865112 0.5214694738388062
vt 0.31862396001815796 0.3959135413169861
vt 0.32630589604377747 0.39056849479675293
vt 0.3223366439342499 0.39968180656433105
vt 0.3229435682296753 0.40508800745010376
vt 0.32810524106025696 0.4109019637107849
vt 0.34192124009132385 0.41920006275177
vt 0.36340367794036865 0.42542749643325806
vt 0.22724416851997375 0.29137420654296875
vt 0.26982399821281433 0.505634069442749
vt 0.03158314526081085 0.45899033546447754
vt 0.04038144275546074 0.44327545166015625
vt 0.32997366786003113 0.3839907646179199
vt 0.34193870425224304 0.37857162952423096
vt 0.035890545696020126 0.28538644313812256
vt 0.3658246099948883 0.37171244621276855
vt 0.45835089683532715 0.48676860332489014
vt 0.445425420999527 0.4971209764480591
vt 0.5283891558647156 0.44798552989959717
vt 0.041311416774988174 0.5211366415023804
vt 0.02159067802131176 0.31413882970809937
vt 0.5026955604553223 0.4417595863342285
vt 0.02434934675693512 0.4984506368637085
vt 0.5384271740913391 0.4538777470588684
vt 0.5241537690162659 0.45742422342300415
vt 0.5156514048576355 0.4617663025856018
vt 0.043519020080566406 0.40055030584335327
vt 0.528730034828186 0.3413264751434326
vt 0.4581269323825836 0.5008754730224609
vt 0.021001936867833138 0.3262402415275574
vt 0.020107239484786987 0.33978271484375
vt 0.02298690192401409 0.2913929224014282
vt 0.538222074508667 0.4586067795753479
vt 0.470254510641098 0.49202656745910645
vt 0.02645001746714115 0.5151008367538452
vt 0.3255482017993927 0.3961143493652344
vt 0.3328407406806946 0.4018024802207947
vt 0.3327215015888214 0.39880192279815674
vt 0.3333280384540558 0.5954211950302124
vt 0.30913931131362915 0.5769720077514648
vt 0.3072621524333954 0.5924588441848755
vt 0.337012380361557 0.5758306980133057
vt 0.31199753284454346 0.5669952630996704
vt 0.28977373242378235 0.6380562782287598
vt 0.3357395529747009 0.6736214756965637
vt 0.28689900040626526 0.6159861087799072
vt 0.3069107234477997 0.6638544797897339
vt 0.31487080454826355 0.6803235411643982
vt 0.2698889970779419 0.6565377116203308
vt 0.2770666182041168 0.600645899772644
vt 0.2655130624771118 0.5922873616218567
vt 0.2734392583370209 0.5701282024383545
vt 0.2706660032272339 0.6758694052696228
vt 0.2526346445083618 0.6672863960266113
vt 0.312527596950531 0.6924774646759033
vt 0.2748904228210449 0.6908204555511475
vt 0.3427688181400299 0.6929656267166138
vt 0.22772525250911713 0.6881605386734009
vt 0.1993463635444641 0.6788846850395203
vt 0.18254302442073822 0.6870068311691284
vt 0.23437213897705078 0.5798892378807068
vt 0.22541698813438416 0.5687674880027771
vt 0.18421098589897156 0.5680335760116577
vt 0.21586987376213074 0.5564453601837158
vt 0.21640785038471222 0.6996750235557556
vt 0.16395853459835052 0.6773313879966736
vt 0.15702998638153076 0.6874382495880127
vt 0.1736220270395279 0.5775532722473145
vt 0.16188299655914307 0.5677880048751831
vt 0.2862302362918854 0.5552644729614258
vt 0.3346845805644989 0.5619896650314331
vt 0.3519223630428314 0.5842196941375732
vt 0.349172979593277 0.650187075138092
vt 0.3532578945159912 0.6775549054145813
vt 0.35708922147750854 0.5638263821601868
vt 0.17329125106334686 0.6989498138427734
vt 0.2771959602832794 0.6274183988571167
vt 0.2737865149974823 0.6416606903076172
vt 0.2606240212917328 0.6507353782653809
vt 0.2709169089794159 0.6122183799743652
vt 0.14011934399604797 0.6864466667175293
vt 0.14306847751140594 0.6787133812904358
vt 0.16721782088279724 0.5565192699432373
vt 0.25053027272224426 0.5981025099754333
vt 0.36514636874198914 0.6924334764480591
vt 0.3747744560241699 0.6544808149337769
vt 0.3962218165397644 0.6764159798622131
vt 0.3921445608139038 0.6562615633010864
vt 0.4190382659435272 0.6569510698318481
vt 0.43622833490371704 0.6803305149078369
vt 0.4469505846500397 0.6633628010749817
vt 0.44702672958374023 0.6226227283477783
vt 0.4304543137550354 0.6010453701019287
vt 0.44524499773979187 0.5802466869354248
vt 0.408120721578598 0.5988661646842957
vt 0.392813503742218 0.6126916408538818
vt 0.4160733222961426 0.578943133354187
vt 0.4296567142009735 0.5640437602996826
vt 0.3938482999801636 0.5836370587348938
vt 0.4743076264858246 0.5714874267578125
vt 0.47500404715538025 0.6855628490447998
vt 0.4677649140357971 0.556320309638977
vt 0.4528011381626129 0.6994876861572266
vt 0.47022587060928345 0.6132655143737793
vt 0.43281814455986023 0.7005863189697266
vt 0.3741043508052826 0.6084520816802979
vt 0.3778004050254822 0.5836136937141418
vt 0.43980923295021057 0.5520421862602234
vt 0.3894151747226715 0.5651137232780457
vt 0.3959048390388489 0.6918050050735474
vt 0.48429471254348755 0.7040514349937439
vt 0.49406546354293823 0.549345076084137
vt 0.5027531981468201 0.5689854621887207
vt 0.4937376379966736 0.6872115731239319
vt 0.48521536588668823 0.6449059247970581
vt 0.48467394709587097 0.6138062477111816
vt 0.3944620192050934 0.5520687699317932
vt 0.5145191550254822 0.5472279787063599
vt 0.5148579478263855 0.7028999328613281
vt 0.11358892172574997 0.6804485321044922
vt 0.4986991584300995 0.7161682844161987
vt 0.46098724007606506 0.7187237739562988
vt 0.5158563852310181 0.6893807649612427
vt 0.5049170255661011 0.6815333366394043
vt 0.5005484819412231 0.6509281396865845
vt 0.4998880624771118 0.6204729080200195
vt 0.4676184356212616 0.5370386838912964
vt 0.39828091859817505 0.7048837542533875
vt 0.517632007598877 0.5677683353424072
vt 0.14555294811725616 0.5681688189506531
vt 0.1457536667585373 0.5767785310745239
vt 0.21997785568237305 0.5885511636734009
vt 0.4988718032836914 0.5954771637916565
vt 0.2440612018108368 0.6592708826065063
vt 0.5221431851387024 0.7146320343017578
vt 0.429696649312973 0.7184608578681946
vt 0.4322466552257538 0.53728187084198
vt 0.125978484749794 0.5686292052268982
vt 0.28261786699295044 0.704816997051239
vt 0.5273258686065674 0.5563743114471436
vt 0.3291783332824707 0.7074342966079712
vt 0.3524147570133209 0.7068852186203003
vt 0.15476755797863007 0.698042631149292
vt 0.5031043291091919 0.5325444340705872
vt 0.2205352932214737 0.6661667823791504
vt 0.17427730560302734 0.6692913770675659
vt 0.11734872311353683 0.5770228505134583
vt 0.1217983290553093 0.6898071765899658
vt 0.1353074610233307 0.69927579164505
vt 0.5135213136672974 0.7253308296203613
vt 0.21391285955905914 0.7044982314109802
vt 0.10983388870954514 0.5697886347770691
vt 0.40424811840057373 0.5390937328338623
vt 0.5282043218612671 0.7042975425720215
vt 0.48397672176361084 0.7275553941726685
vt 0.5131441950798035 0.6618477702140808
vt 0.5109854340553284 0.5968016386032104
vt 0.3335830271244049 0.5482083559036255
vt 0.35429778695106506 0.549947202205658
vt 0.37439608573913574 0.5395652055740356
vt 0.5294978618621826 0.5392565727233887
vt 0.5257095694541931 0.530663788318634
vt 0.1284758299589157 0.674953043460846
vt 0.1460813581943512 0.5566148161888123
vt 0.09501471370458603 0.5738551020622253
vt 0.5281481742858887 0.6893946528434753
vt 0.52716463804245 0.7278503775596619
vt 0.39373740553855896 0.7185502052307129
vt 0.1946699321269989 0.5459326505661011
vt 0.48999351263046265 0.5243780612945557
vt 0.4614769518375397 0.5254559516906738
vt 0.5408854484558105 0.7187508344650269
vt 0.4334903657436371 0.7293616533279419
vt 0.22590972483158112 0.5431704521179199
vt 0.5151357650756836 0.64069664478302
vt 0.5139585733413696 0.6197117567062378
vt 0.28687584400177 0.5432817339897156
vt 0.4568195044994354 0.7346677780151367
vt 0.1374049186706543 0.6704154014587402
vt 0.26637589931488037 0.6354709267616272
vt 0.25854766368865967 0.643843412399292
vt 0.24314527213573456 0.6522910594940186
vt 0.5299832820892334 0.5744239091873169
vt 0.4361642301082611 0.5239419937133789
vt 0.34060534834861755 0.5376421213150024
vt 0.12924039363861084 0.5575940608978271
vt 0.5116996765136719 0.5202435851097107
vt 0.15934529900550842 0.5851840972900391
vt 0.2679228186607361 0.6268677711486816
vt 0.10248858481645584 0.6892711520195007
vt 0.08810297399759293 0.6774575114250183
vt 0.4979122579097748 0.7368137836456299
vt 0.21753965318202972 0.7138715982437134
vt 0.2849806845188141 0.7146830558776855
vt 0.5424630641937256 0.7057216763496399
vt 0.5412915349006653 0.6971219778060913
vt 0.19379457831382751 0.5900429487228394
vt 0.5413637757301331 0.538475751876831
vt 0.5422061085700989 0.548926830291748
vt 0.5228112936019897 0.5963521003723145
vt 0.1043819859623909 0.6696864366531372
vt 0.2648502290248871 0.6190452575683594
vt 0.25757282972335815 0.6101895570755005
vt 0.21497876942157745 0.6602946519851685
vt 0.32530710101127625 0.54097580909729
vt 0.18289045989513397 0.713778018951416
vt 0.2340725213289261 0.5993493795394897
vt 0.5408928990364075 0.5599700808525085
vt 0.40117061138153076 0.5282789468765259
vt 0.3474300503730774 0.7200558185577393
vt 0.3265366852283478 0.7184933423995972
vt 0.3684387505054474 0.7213253974914551
vt 0.5234168171882629 0.7368642687797546
vt 0.16036053001880646 0.7127046585083008
vt 0.13274429738521576 0.5831201076507568
vt 0.5408854484558105 0.5249010324478149
vt 0.09614353626966476 0.5659141540527344
vt 0.12398158758878708 0.5562130212783813
vt 0.5225879549980164 0.6560558080673218
vt 0.1662333905696869 0.5404337644577026
vt 0.10776356607675552 0.582260251045227
vt 0.12132149934768677 0.6980056762695312
vt 0.5374334454536438 0.6850042343139648
vt 0.39245837926864624 0.7294366955757141
vt 0.48504939675331116 0.5162640810012817
vt 0.5372534394264221 0.7348198890686035
vt 0.5275008082389832 0.5167990922927856
vt 0.18715862929821014 0.5351715087890625
vt 0.38412725925445557 0.5257993936538696
vt 0.4166836440563202 0.5203160047531128
vt 0.3583095073699951 0.5327024459838867
vt 0.4467908442020416 0.5162369012832642
vt 0.29196760058403015 0.5338726043701172
vt 0.226612851023674 0.5340089201927185
vt 0.4192166328430176 0.7368321418762207
vt 0.5457231998443604 0.7323480844497681
vt 0.33307167887687683 0.5294654369354248
vt 0.07691027969121933 0.5720536708831787
vt 0.08331452310085297 0.5765661597251892
vt 0.06923141330480576 0.5757759809494019
vt 0.16191741824150085 0.6632133722305298
vt 0.2035486251115799 0.723587155342102
vt 0.15388061106204987 0.5391669273376465
vt 0.07837945967912674 0.6697124242782593
vt 0.061616864055395126 0.6738945245742798
vt 0.27145081758499146 0.7228189706802368
vt 0.2264656126499176 0.7237796783447266
vt 0.3141154646873474 0.7250173091888428
vt 0.3543182611465454 0.5227601528167725
vt 0.54048752784729 0.5742392539978027
vt 0.529441773891449 0.6108952164649963
vt 0.5277044773101807 0.6266299486160278
vt 0.5288256406784058 0.6430251598358154
vt 0.5340228080749512 0.6577129364013672
vt 0.08272336423397064 0.6867529153823853
vt 0.33824673295021057 0.7300928831100464
vt 0.4626100957393646 0.7442251443862915
vt 0.4448542296886444 0.7453652620315552
vt 0.17846393585205078 0.723242998123169
vt 0.08862568438053131 0.5851046442985535
vt 0.1437089443206787 0.5886155366897583
vt 0.1575954258441925 0.7179491519927979
vt 0.5529671907424927 0.7195392847061157
vt 0.35913240909576416 0.7328313589096069
vt 0.5496829152107239 0.5266989469528198
vt 0.12492571026086807 0.6648280024528503
vt 0.07429803162813187 0.5814857482910156
vt 0.554539144039154 0.5363768339157104
vt 0.4708857536315918 0.5091654062271118
vt 0.062171246856451035 0.66754150390625
vt 0.5135951638221741 0.5095736980438232
vt 0.49347198009490967 0.5084047913551331
vt 0.554923415184021 0.5526005625724792
vt 0.5003870725631714 0.7476145029067993
vt 0.17473475635051727 0.5923994779586792
vt 0.5552016496658325 0.7041041851043701
vt 0.5486680865287781 0.5717363357543945
vt 0.52646803855896 0.7461060285568237
vt 0.5482107400894165 0.683240532875061
vt 0.3972285985946655 0.5152548551559448
vt 0.3804229497909546 0.5128892660140991
vt 0.223392054438591 0.5250258445739746
vt 0.11025131493806839 0.5870269536972046
vt 0.5437251925468445 0.5121490955352783
vt 0.38648363947868347 0.7398414611816406
vt 0.16614092886447906 0.5276491641998291
vt 0.18844188749790192 0.5247610807418823
vt 0.5379896759986877 0.595113217830658
vt 0.4283081293106079 0.5080910921096802
vt 0.2926734685897827 0.7326444387435913
vt 0.5400962829589844 0.7468341588973999
vt 0.21558108925819397 0.5997588634490967
vt 0.28019261360168457 0.524367094039917
vt 0.3147222697734833 0.5233029723167419
vt 0.4198141396045685 0.7466521263122559
vt 0.1467849761247635 0.5281354188919067
vt 0.2090674787759781 0.733706533908844
vt 0.2416607141494751 0.6074074506759644
vt 0.3260006308555603 0.7364132404327393
vt 0.11490070074796677 0.5505582094192505
vt 0.4433744251728058 0.5062022805213928
vt 0.5567861199378967 0.7342274785041809
vt 0.08751437067985535 0.5642170906066895
vt 0.21293093264102936 0.6542448401451111
vt 0.23603588342666626 0.6489220857620239
vt 0.25025707483291626 0.6434476971626282
vt 0.25574931502342224 0.6150577068328857
vt 0.5278863310813904 0.5062022805213928
vt 0.06096257269382477 0.5829015970230103
vt 0.05104853957891464 0.666500449180603
vt 0.25558218359947205 0.634617805480957
vt 0.26032257080078125 0.6293891072273254
vt 0.26062464714050293 0.6248117685317993
vt 0.5507816076278687 0.7424770593643188
vt 0.04423592612147331 0.6703095436096191
vt 0.05441250652074814 0.5777355432510376
vt 0.10065560042858124 0.6629858613014221
vt 0.5403199791908264 0.615882158279419
vt 0.5450118780136108 0.6022801399230957
vt 0.5625558495521545 0.6948277950286865
vt 0.07174551486968994 0.6632142066955566
vt 0.10007796436548233 0.5561280846595764
vt 0.5576639175415039 0.5138999819755554
vt 0.09496940672397614 0.553963303565979
vt 0.09885768592357635 0.5478029251098633
vt 0.4536372125148773 0.13772916793823242
vt 0.447124183177948 0.12605339288711548
vt 0.4347895383834839 0.12656104564666748
vt 0.4364863336086273 0.13823366165161133
vt 0.4653177261352539 0.12438768148422241
vt 0.4721766412258148 0.1344010829925537
vt 0.47196251153945923 0.12122011184692383
vt 0.47904476523399353 0.12776106595993042
vt 0.4565422534942627 0.15093964338302612
vt 0.43545565009117126 0.14746350049972534
vt 0.47930729389190674 0.137753427028656
vt 0.4672641158103943 0.1539662480354309
vt 0.48552948236465454 0.13858836889266968
vt 0.41283050179481506 0.13689297437667847
vt 0.40433093905448914 0.12827563285827637
vt 0.41389766335487366 0.14652585983276367
vt 0.3906048834323883 0.13519138097763062
vt 0.3746260106563568 0.12515807151794434
vt 0.3789058029651642 0.13859164714813232
vt 0.3597612977027893 0.12957578897476196
vt 0.33239707350730896 0.11561036109924316
vt 0.4632863998413086 0.1810086965560913
vt 0.4699779450893402 0.1806371808052063
vt 0.4681820869445801 0.19115674495697021
vt 0.4347085952758789 0.15590792894363403
vt 0.3192290961742401 0.12968164682388306
vt 0.48433244228363037 0.16913151741027832
vt 0.4846290647983551 0.1555158495903015
vt 0.47706496715545654 0.17775046825408936
vt 0.4978877007961273 0.18081766366958618
vt 0.40998485684394836 0.15224075317382812
vt 0.3784535229206085 0.1454295516014099
vt 0.3183194398880005 0.12564903497695923
vt 0.32849135994911194 0.1226203441619873
vt 0.2943611443042755 0.11603403091430664
vt 0.2883172631263733 0.12065625190734863
vt 0.29817426204681396 0.1131296157836914
vt 0.542514979839325 0.17127656936645508
vt 0.5438742637634277 0.18233072757720947
vt 0.5934247970581055 0.1809796690940857
vt 0.5959566235542297 0.1874610185623169
vt 0.6468507051467896 0.19638574123382568
vt 0.6479887366294861 0.18891310691833496
vt 0.7045233845710754 0.19676005840301514
vt 0.7055031061172485 0.20317983627319336
vt 0.7238593697547913 0.20156913995742798
vt 0.3231649398803711 0.13675743341445923
vt 0.2882140576839447 0.1269981861114502
vt 0.39212873578071594 0.15662366151809692
vt 0.363849014043808 0.1511719822883606
vt 0.4171164929866791 0.16240108013153076
vt 0.43185317516326904 0.16447365283966064
vt 0.4932803511619568 0.14984184503555298
vt 0.5487785935401917 0.16430824995040894
vt 0.5969482064247131 0.17508715391159058
vt 0.646755039691925 0.18223100900650024
vt 0.7041590809822083 0.1905045509338379
vt 0.709273636341095 0.18446409702301025
vt 0.6458423733711243 0.17447853088378906
vt 0.7253656983375549 0.18523496389389038
vt 0.7239024043083191 0.19391685724258423
vt 0.5980463027954102 0.16744554042816162
vt 0.5526701807975769 0.15796583890914917
vt 0.4320170283317566 0.17283093929290771
vt 0.3305463194847107 0.145493745803833
vt 0.29293420910835266 0.13646143674850464
vt 0.7223650813102722 0.1788732409477234
vt 0.5079973340034485 0.14653372764587402
vt 0.4927489161491394 0.1377924680709839
vt 0.3721568286418915 0.161959707736969
vt 0.4134584069252014 0.1750054955482483
vt 0.49092578887939453 0.13388478755950928
vt 0.42705121636390686 0.1818692684173584
vt 0.735212504863739 0.18644708395004272
vt 0.7344254851341248 0.2008882761001587
vt 0.6494033932685852 0.16826409101486206
vt 0.5972322225570679 0.15878134965896606
vt 0.5151787400245667 0.1404992938041687
vt 0.7351511120796204 0.17674142122268677
vt 0.45127660036087036 0.18229711055755615
vt 0.44320300221443176 0.19058310985565186
vt 0.4569869339466095 0.19290709495544434
vt 0.28337371349334717 0.13266301155090332
vt 0.2809404730796814 0.12169241905212402
vt 0.6771231293678284 0.16547292470932007
vt 0.5583833456039429 0.14721328020095825
vt 0.71415776014328 0.16665703058242798
vt 0.7265843152999878 0.16741859912872314
vt 0.7350637912750244 0.16690540313720703
vt 0.4771970808506012 0.19247472286224365
vt 0.2844342887401581 0.11429286003112793
vt 0.7176426649093628 0.2133023738861084
vt 0.6961557269096375 0.2096816897392273
vt 0.7309789061546326 0.2136908769607544
vt 0.48385050892829895 0.18616420030593872
vt 0.7448614835739136 0.18538713455200195
vt 0.7444573044776917 0.204048752784729
vt 0.3802403509616852 0.11942023038864136
vt 0.419320672750473 0.1235274076461792
vt 0.7441790699958801 0.17659276723861694
vt 0.742068886756897 0.21774280071258545
vt 0.293191522359848 0.10572642087936401
vt 0.30634012818336487 0.10454326868057251
vt 0.3456472158432007 0.10631680488586426
vt 0.3843311667442322 0.10972535610198975
vt 0.4253450036048889 0.11332589387893677
vt 0.4454626142978668 0.11419826745986938
vt 0.4609103500843048 0.11389440298080444
vt 0.4681451618671417 0.11064684391021729
vt 0.2860698401927948 0.10440611839294434
vt 0.445803701877594 0.10189086198806763
vt 0.2958700656890869 0.09976816177368164
vt 0.41647619009017944 0.10038906335830688
vt 0.3774230182170868 0.09659624099731445
vt 0.33590224385261536 0.09570115804672241
vt 0.43026259541511536 0.10149145126342773
vt 0.4597663879394531 0.1018761396408081
vt 0.46722984313964844 0.10037130117416382
vt 0.315588116645813 0.09373444318771362
vt 0.423646479845047 0.08914661407470703
vt 0.4443086087703705 0.087799072265625
vt 0.37422147393226624 0.08634883165359497
vt 0.4510880708694458 0.09047871828079224
vt 0.3369746506214142 0.08608794212341309
vt 0.46233755350112915 0.09130048751831055
vt 0.3043048679828644 0.09233999252319336
vt 0.2804567217826843 0.10966134071350098
vt 0.3235715925693512 0.0841226577758789
vt 0.40811461210250854 0.08268880844116211
vt 0.4321903884410858 0.08328109979629517
vt 0.36746981739997864 0.08062976598739624
vt 0.4513266682624817 0.08062976598739624
vt 0.2923697531223297 0.09461015462875366
vt 0.46750491857528687 0.08896833658218384
vt 0.46124765276908875 0.08190596103668213
vt 0.2766367495059967 0.11811745166778564
vt 0.2805241644382477 0.10286504030227661
vt 0.47155871987342834 0.0908886194229126
vt 0.49640780687332153 0.20785784721374512
vt 0.49158594012260437 0.1952616572380066
vt 0.4802890717983246 0.20327436923980713
vt 0.5077744126319885 0.19790291786193848
vt 0.5362588763237 0.2145569920539856
vt 0.5463523268699646 0.20609182119369507
vt 0.5847935676574707 0.22239142656326294
vt 0.592330276966095 0.21341294050216675
vt 0.6275923252105713 0.22943556308746338
vt 0.6931082606315613 0.22980809211730957
vt 0.7026745676994324 0.2433626651763916
vt 0.7169030904769897 0.23153060674667358
vt 0.7225984930992126 0.24755048751831055
vt 0.6281667351722717 0.2378610372543335
vt 0.6940013766288757 0.2484251856803894
vt 0.5825252532958984 0.23062431812286377
vt 0.5325712561607361 0.22214484214782715
vt 0.7153467535972595 0.25489169359207153
vt 0.7294456362724304 0.23438984155654907
vt 0.48977652192115784 0.21679949760437012
vt 0.4717293083667755 0.21066993474960327
vt 0.7260036468505859 0.2581155300140381
vt 0.7282540202140808 0.24607038497924805
vt 0.5803760290145874 0.23800349235534668
vt 0.6287245750427246 0.24612313508987427
vt 0.5172429084777832 0.22900676727294922
vt 0.5431827306747437 0.2341408133506775
vt 0.6968698501586914 0.25640803575515747
vt 0.4702626168727875 0.1982993483543396
vt 0.46011829376220703 0.20823031663894653
vt 0.47461482882499695 0.2249017357826233
vt 0.4607914388179779 0.2321300506591797
vt 0.49061018228530884 0.2297307848930359
vt 0.715717613697052 0.2647784948348999
vt 0.7235713005065918 0.2665858268737793
vt 0.5875847339630127 0.2454269528388977
vt 0.6481310129165649 0.2547365427017212
vt 0.4450521469116211 0.22960776090621948
vt 0.45588868856430054 0.2509976625442505
vt 0.42622432112693787 0.2263287901878357
vt 0.6958406567573547 0.2619997262954712
vt 0.4372563064098358 0.24393677711486816
vt 0.41904520988464355 0.23922693729400635
vt 0.4070453941822052 0.22973358631134033
vt 0.3922770917415619 0.2382901906967163
vt 0.38714921474456787 0.22742462158203125
vt 0.3594401776790619 0.21728646755218506
vt 0.353380024433136 0.22403335571289062
vt 0.31055551767349243 0.20915323495864868
vt 0.2993258833885193 0.21891552209854126
vt 0.2651608884334564 0.2012418508529663
vt 0.355583131313324 0.23546087741851807
vt 0.4022941589355469 0.24898606538772583
vt 0.2558663487434387 0.2076256275177002
vt 0.2363784909248352 0.19874751567840576
vt 0.24218043684959412 0.19395148754119873
vt 0.29599007964134216 0.2317500114440918
vt 0.33849000930786133 0.24532932043075562
vt 0.37942489981651306 0.257426381111145
vt 0.4004610776901245 0.2628381848335266
vt 0.5878149271011353 0.20623081922531128
vt 0.5442138910293579 0.19904625415802002
vt 0.6567833423614502 0.21737319231033325
vt 0.23866845667362213 0.20734816789627075
vt 0.254039466381073 0.21973299980163574
vt 0.6939085125923157 0.2192792296409607
vt 0.42389827966690063 0.2529863119125366
vt 0.4182078540325165 0.26912450790405273
vt 0.2989960014820099 0.2020002007484436
vt 0.5296559929847717 0.18833708763122559
vt 0.282934308052063 0.23473191261291504
vt 0.3401018977165222 0.26005250215530396
vt 0.37897345423698425 0.27072227001190186
vt 0.31293371319770813 0.25093960762023926
vt 0.4009805917739868 0.2783493995666504
vt 0.7303441762924194 0.2243608832359314
vt 0.5932080745697021 0.19705724716186523
vt 0.6383097171783447 0.20435094833374023
vt 0.27972474694252014 0.19327163696289062
vt 0.4424144923686981 0.26104485988616943
vt 0.43425121903419495 0.27483677864074707
vt 0.35961440205574036 0.2052745223045349
vt 0.38485997915267944 0.2138879895210266
vt 0.41857364773750305 0.2817734479904175
vt 0.238471120595932 0.18484628200531006
vt 0.41632556915283203 0.21678048372268677
vt 0.2316940873861313 0.1838892698287964
vt 0.2293940931558609 0.1949542760848999
vt 0.2815258800983429 0.2443481683731079
vt 0.26613807678222656 0.2355715036392212
vt 0.3824205696582794 0.2860845923423767
vt 0.4113454818725586 0.29369258880615234
vt 0.4593448042869568 0.26377785205841064
vt 0.4670964181423187 0.2580452561378479
vt 0.47495606541633606 0.2562423348426819
vt 0.4489182233810425 0.27074289321899414
vt 0.43837881088256836 0.21330809593200684
vt 0.2602200210094452 0.18190377950668335
vt 0.3420531153678894 0.2749761939048767
vt 0.24665939807891846 0.2251928448677063
vt 0.45596298575401306 0.19951677322387695
vt 0.4739176332950592 0.23916906118392944
vt 0.31979531049728394 0.27020448446273804
vt 0.23080261051654816 0.2084866762161255
vt 0.7379406690597534 0.24673616886138916
vt 0.5277450680732727 0.23703885078430176
vt 0.7369502782821655 0.26055794954299927
vt 0.7390261888504028 0.23592627048492432
vt 0.7412644624710083 0.22445571422576904
vt 0.27102792263031006 0.24633532762527466
vt 0.2924610674381256 0.26267117261886597
vt 0.23660919070243835 0.21970242261886597
vt 0.48456013202667236 0.25314533710479736
vt 0.4614861011505127 0.1939055323600769
vt 0.7317723035812378 0.2729905843734741
vt 0.3291364908218384 0.28096336126327515
vt 0.3845265507698059 0.295324444770813
vt 0.2249699831008911 0.2020452618598938
vt 0.22386059165000916 0.19185858964920044
vt 0.59715735912323 0.024151206016540527
vt 0.6083067655563354 0.021374523639678955
vt 0.6044533252716064 0.01068723201751709
vt 0.597489595413208 0.03255552053451538
vt 0.5913742780685425 0.016697287559509277
vt 0.6160480976104736 0.030091404914855957
vt 0.553048312664032 0.03862887620925903
vt 0.5572002530097961 0.04835408926010132
vt 0.5021703243255615 0.05460155010223389
vt 0.4959949553012848 0.04660218954086304
vt 0.4466944932937622 0.06153368949890137
vt 0.4442923069000244 0.05296856164932251
vt 0.38414430618286133 0.06245911121368408
vt 0.38456520438194275 0.05437159538269043
vt 0.36809611320495605 0.06683248281478882
vt 0.3655056357383728 0.055397629737854004
vt 0.5992287993431091 0.04355466365814209
vt 0.38469380140304565 0.06889349222183228
vt 0.43842124938964844 0.04759913682937622
vt 0.4951366186141968 0.03891700506210327
vt 0.5426543354988098 0.03057807683944702
vt 0.5753965377807617 0.028154313564300537
vt 0.6165856719017029 0.04879462718963623
vt 0.6151685118675232 0.012057721614837646
vt 0.36876988410949707 0.07675135135650635
vt 0.6342272758483887 0.030562102794647217
vt 0.6233802437782288 0.05780768394470215
vt 0.6104987263679504 0.054750680923461914
vt 0.5622382760047913 0.05587261915206909
vt 0.4348345100879669 0.06896495819091797
vt 0.501901388168335 0.06317138671875
vt 0.3868936002254486 0.07485353946685791
vt 0.6234984993934631 0.020245015621185303
vt 0.6373234987258911 0.055437445640563965
vt 0.6619282960891724 0.03435373306274414
vt 0.6595909595489502 0.04562658071517944
vt 0.6773893237113953 0.03767406940460205
vt 0.7028608918190002 0.021837174892425537
vt 0.6550784111022949 0.05753403902053833
vt 0.6766433715820312 0.050964951515197754
vt 0.6836487054824829 0.04421299695968628
vt 0.7242163419723511 0.04164046049118042
vt 0.7255119681358337 0.03245013952255249
vt 0.7831336259841919 0.024358093738555908
vt 0.7768859267234802 0.03334110975265503
vt 0.5704091191291809 0.020142197608947754
vt 0.7275726795196533 0.052565038204193115
vt 0.6900520324707031 0.062156856060028076
vt 0.41854068636894226 0.03936195373535156
vt 0.8212583661079407 0.019794702529907227
vt 0.4484831690788269 0.033329665660858154
vt 0.4947923719882965 0.029127299785614014
vt 0.3800453841686249 0.04032093286514282
vt 0.8165019154548645 0.02874535322189331
vt 0.36732104420661926 0.042015135288238525
vt 0.535454511642456 0.020340681076049805
vt 0.7801861763000488 0.037479400634765625
vt 0.5785171985626221 0.014614105224609375
vt 0.6005622148513794 0.008140146732330322
vt 0.6706928014755249 0.059479594230651855
vt 0.6708535552024841 0.06801217794418335
vt 0.8272550702095032 0.011442601680755615
vt 0.6519719958305359 0.07098138332366943
vt 0.779390275478363 0.019432008266448975
vt 0.3584049940109253 0.04290950298309326
vt 0.4164298474788666 0.03240019083023071
vt 0.7845661640167236 0.014148712158203125
vt 0.697673499584198 0.07617700099945068
vt 0.7353376150131226 0.06602847576141357
vt 0.7782626152038574 0.04916459321975708
vt 0.6711210012435913 0.0836830735206604
vt 0.4953618049621582 0.01813405752182007
vt 0.832439661026001 0.020186424255371094
vt 0.4428262412548065 0.022979676723480225
vt 0.6361502408981323 0.06788063049316406
vt 0.6428806185722351 0.07957696914672852
vt 0.8248251676559448 0.0049301981925964355
vt 0.6161489486694336 0.0661013126373291
vt 0.3565816879272461 0.05682748556137085
vt 0.3588475286960602 0.06621795892715454
vt 0.812655508518219 0.038728296756744385
vt 0.65538489818573 0.08880090713500977
vt 0.7238624691963196 0.0221593976020813
vt 0.7849743366241455 0.05362671613693237
vt 0.8234736323356628 0.033654212951660156
vt 0.7315643429756165 0.08001738786697388
vt 0.7677297592163086 0.0659264326095581
vt 0.688447117805481 0.09228861331939697
vt 0.6678119897842407 0.0979040265083313
vt 0.64781254529953 0.09199202060699463
vt 0.36043375730514526 0.0769001841545105
vt 0.6373746991157532 0.08451879024505615
vt 0.6287276148796082 0.0774570107460022
vt 0.6220456957817078 0.07301503419876099
vt 0.8182414770126343 0.00047707557678222656
vt 0.831298828125 0.004182398319244385
vt 0.7735172510147095 0.006149888038635254
vt 0.6290839910507202 0.014605462551116943
vt 0.6552883386611938 0.022289156913757324
vt 0.6709763407707214 0.023738861083984375
vt 0.6562778353691101 0.10399925708770752
vt 0.717475175857544 0.015727519989013672
vt 0.6174182295799255 0.006021618843078613
vt 0.6173710823059082 0.0033482909202575684
vt 0.6141588091850281 0.07159119844436646
vt 0.6063268184661865 0.06893932819366455
vt 0.6423425078392029 0.09690892696380615
vt 0.3476732075214386 0.06808727979660034
vt 0.7977085709571838 0.05480086803436279
vt 0.6258842945098877 0.00047707557678222656
vt 0.6946257948875427 0.09949368238449097
vt 0.6744561195373535 0.10574829578399658
vt 0.6629616022109985 0.109219491481781
vt 0.730316162109375 0.08903169631958008
vt 0.768065333366394 0.07348686456680298
vt 0.8142111301422119 0.04843246936798096
vt 0.34845206141471863 0.04429960250854492
vt 0.649221658706665 0.10599666833877563
vt 0.3453976809978485 0.0527724027633667
vt 0.35055413842201233 0.08108919858932495
vt 0.35929515957832336 0.03264671564102173
vt 0.3499281406402588 0.029525935649871826
vt 0.8317906856536865 0.030168771743774414
vt 0.6552507281303406 0.11735355854034424
vt 0.7948819398880005 0.06397420167922974
vt 0.6913166642189026 0.10883724689483643
vt 0.6704891324043274 0.11451488733291626
vt 0.7371469736099243 0.09276282787322998
vt 0.7765255570411682 0.07762104272842407
vt 0.8235495090484619 0.04594677686691284
vt 0.6444563865661621 0.10473400354385376
vt 0.6439688801765442 0.11690706014633179
vt 0.647597074508667 0.11784350872039795
vt 0.16621671617031097 0.12879520654678345
vt 0.1704941689968109 0.11545330286026001
vt 0.11079595237970352 0.11765897274017334
vt 0.09319624304771423 0.12677067518234253
vt 0.1960092931985855 0.13254505395889282
vt 0.1955128014087677 0.11800205707550049
vt 0.08511648327112198 0.1162450909614563
vt 0.06683050096035004 0.12080413103103638
vt 0.05731536075472832 0.1287846565246582
vt 0.21350528299808502 0.13522064685821533
vt 0.2141006737947464 0.11671924591064453
vt 0.1317775696516037 0.11009067296981812
vt 0.09779912233352661 0.1110273003578186
vt 0.04766910523176193 0.12581562995910645
vt 0.04139695689082146 0.1347234845161438
vt 0.05546920374035835 0.13384658098220825
vt 0.09014468640089035 0.1377604603767395
vt 0.12374600768089294 0.13979393243789673
vt 0.17784059047698975 0.14265191555023193
vt 0.21070288121700287 0.1485670804977417
vt 0.05842263251543045 0.11772114038467407
vt 0.14523792266845703 0.14444440603256226
vt 0.18397460877895355 0.14873427152633667
vt 0.22542500495910645 0.1373932957649231
vt 0.2188234180212021 0.12831836938858032
vt 0.22675645351409912 0.1222805380821228
vt 0.22978170216083527 0.14870256185531616
vt 0.046934209764003754 0.139196515083313
vt 0.21262162923812866 0.10866653919219971
vt 0.1935492604970932 0.10526525974273682
vt 0.13597650825977325 0.10367661714553833
vt 0.07501623034477234 0.11007118225097656
vt 0.22963640093803406 0.11432081460952759
vt 0.23494067788124084 0.13019663095474243
vt 0.2202489823102951 0.10434895753860474
vt 0.20350845158100128 0.16027241945266724
vt 0.1820562779903412 0.15865981578826904
vt 0.22512440383434296 0.1590692400932312
vt 0.09147560596466064 0.1457003355026245
vt 0.1571098417043686 0.15528535842895508
vt 0.2367018610239029 0.1625138521194458
vt 0.08277028053998947 0.1483309268951416
vt 0.041915591806173325 0.122006356716156
vt 0.23818808794021606 0.10788911581039429
vt 0.035876911133527756 0.1333799958229065
vt 0.0978725403547287 0.10289663076400757
vt 0.24067792296409607 0.14815139770507812
vt 0.21878372132778168 0.1690024733543396
vt 0.1998797506093979 0.1694321632385254
vt 0.13516202569007874 0.15638381242752075
vt 0.167180597782135 0.1650448441505432
vt 0.058285459876060486 0.14639848470687866
vt 0.24694857001304626 0.1619548201560974
vt 0.2406180202960968 0.11742836236953735
vt 0.2369532585144043 0.1711750030517578
vt 0.03869648650288582 0.14664244651794434
vt 0.033406179398298264 0.14353400468826294
vt 0.11604481190443039 0.09780532121658325
vt 0.05430961400270462 0.11204910278320312
vt 0.18563491106033325 0.10120964050292969
vt 0.1473667323589325 0.09848469495773315
vt 0.21260268986225128 0.09780532121658325
vt 0.1464618444442749 0.16707926988601685
vt 0.2179306000471115 0.17986643314361572
vt 0.24076782166957855 0.13241440057754517
vt 0.1972973495721817 0.17934417724609375
vt 0.16899040341377258 0.17477834224700928
vt 0.25067025423049927 0.17437434196472168
vt 0.07502370327711105 0.15736806392669678
vt 0.029645757749676704 0.13668930530548096
vt 0.07616910338401794 0.10393482446670532
vt 0.23558534681797028 0.1023416519165039
vt 0.24624834954738617 0.10920470952987671
vt 0.034288354218006134 0.12567061185836792
vt 0.24556900560855865 0.11955994367599487
vt 0.02368185855448246 0.1433316469192505
vt 0.093257836997509 0.19175922870635986
vt 0.12100672721862793 0.20447486639022827
vt 0.13255314528942108 0.19271624088287354
vt 0.07591548562049866 0.20461297035217285
vt 0.06638404726982117 0.1896214485168457
vt 0.1531554013490677 0.20651066303253174
vt 0.055960871279239655 0.20524173974990845
vt 0.1848578155040741 0.20449048280715942
vt 0.162450909614563 0.19504249095916748
vt 0.19922123849391937 0.21147507429122925
vt 0.05150209739804268 0.19004487991333008
vt 0.18055139482021332 0.2193286418914795
vt 0.20966415107250214 0.2211819887161255
vt 0.21442197263240814 0.21573305130004883
vt 0.1538821905851364 0.2206200361251831
vt 0.11675826460123062 0.2184024453163147
vt 0.08143720030784607 0.21967893838882446
vt 0.060528140515089035 0.21919560432434082
vt 0.04638044908642769 0.21906650066375732
vt 0.041189275681972504 0.2050151228904724
vt 0.03605903312563896 0.1907833218574524
vt 0.2247542440891266 0.22457784414291382
vt 0.17108477652072906 0.22899878025054932
vt 0.1260453164577484 0.22962868213653564
vt 0.08995361626148224 0.23095691204071045
vt 0.06712829321622849 0.232394278049469
vt 0.04997098073363304 0.2326330542564392
vt 0.21014097332954407 0.22900605201721191
vt 0.22265928983688354 0.23017507791519165
vt 0.03750760480761528 0.2321287989616394
vt 0.03292810544371605 0.21620064973831177
vt 0.2036541998386383 0.2055533528327942
vt 0.09290363639593124 0.18418920040130615
vt 0.17877350747585297 0.1934971809387207
vt 0.13322357833385468 0.18648916482925415
vt 0.06347370892763138 0.17918843030929565
vt 0.03781481832265854 0.1801215410232544
vt 0.029795106500387192 0.20402348041534424
vt 0.02660493180155754 0.22731441259384155
vt 0.026845909655094147 0.17795801162719727
vt 0.12043072283267975 0.17795801162719727
vt 0.1537027209997177 0.18403881788253784
vt 0.024530762806534767 0.19104516506195068
vt 0.22082635760307312 0.21305108070373535
vt 0.16956321895122528 0.23684191703796387
vt 0.050228267908096313 0.2440071702003479
vt 0.023365110158920288 0.24087369441986084
vt 0.11271163821220398 0.23947066068649292
vt 0.06594567745923996 0.2447519302368164
vt 0.09773039817810059 0.2442387342453003
vt 0.2147573083639145 0.23470813035964966
vt 0.02082955837249756 0.2190532684326172
vt 0.023014327511191368 0.20353686809539795
vt 0.01598203368484974 0.22729456424713135
vt 0.22164924442768097 0.2391502857208252
vt 0.009383377619087696 0.24187487363815308
vt 0.20410645008087158 0.19912439584732056
vt 0.1805814504623413 0.18792253732681274
vt 0.01777520775794983 0.18428713083267212
vt 0.018070483580231667 0.19129961729049683
vt 0.8104355335235596 0.2510262727737427
vt 0.8213276267051697 0.25080692768096924
vt 0.8201196789741516 0.23489505052566528
vt 0.809045135974884 0.23496776819229126
vt 0.7949604392051697 0.23735523223876953
vt 0.7980908751487732 0.2475796937942505
vt 0.7983434200286865 0.25924748182296753
vt 0.7820212841033936 0.2511771321296692
vt 0.7788710594177246 0.23924189805984497
vt 0.812299370765686 0.26747947931289673
vt 0.7847034335136414 0.26887476444244385
vt 0.8002439141273499 0.2731091380119324
vt 0.8238632082939148 0.26575225591659546
vt 0.8120326995849609 0.2959359288215637
vt 0.8019861578941345 0.29690253734588623
vt 0.8027342557907104 0.3117219805717468
vt 0.7914009690284729 0.31184089183807373
vt 0.7887667417526245 0.29944688081741333
vt 0.8131731748580933 0.30983448028564453
vt 0.8236565589904785 0.289776086807251
vt 0.7805894613265991 0.31178516149520874
vt 0.8023819923400879 0.3228645324707031
vt 0.8233697414398193 0.3057180643081665
vt 0.7913054823875427 0.3243516683578491
vt 0.7786300778388977 0.29671138525009155
vt 0.7742680907249451 0.2710515260696411
vt 0.7716999053955078 0.25484156608581543
vt 0.7805287837982178 0.32451438903808594
vt 0.8130059242248535 0.3217598795890808
vt 0.7716504335403442 0.3005998134613037
vt 0.7659844756126404 0.26775890588760376
vt 0.7646885514259338 0.25004905462265015
vt 0.7639078497886658 0.23824888467788696
vt 0.7692122459411621 0.31324511766433716
vt 0.8017928004264832 0.3322337865829468
vt 0.7821043133735657 0.3348654508590698
vt 0.7913665175437927 0.3361082673072815
vt 0.8303968906402588 0.24937564134597778
vt 0.780498206615448 0.2236018180847168
vt 0.8379640579223633 0.286446750164032
vt 0.8078626990318298 0.21945780515670776
vt 0.7943199276924133 0.2204250693321228
vt 0.7716690897941589 0.22175133228302002
vt 0.8124943375587463 0.3334473967552185
vt 0.8202773928642273 0.21902871131896973
vt 0.8314782381057739 0.23929697275161743
vt 0.8366305232048035 0.30168163776397705
vt 0.824522078037262 0.3205418586730957
vt 0.8399685621261597 0.26311641931533813
vt 0.8528764843940735 0.2884443402290344
vt 0.8503062725067139 0.2732357978820801
vt 0.8629024624824524 0.28200387954711914
vt 0.8682668209075928 0.2969598174095154
vt 0.8819369077682495 0.2848811149597168
vt 0.8856433629989624 0.2951180338859558
vt 0.898897647857666 0.2933793067932129
vt 0.8953887820243835 0.28120946884155273
vt 0.8540962934494019 0.29910093545913696
vt 0.8824363946914673 0.2806093692779541
vt 0.8665454983711243 0.2775430679321289
vt 0.8843730688095093 0.3137550950050354
vt 0.8683307766914368 0.31487733125686646
vt 0.8544182181358337 0.3155995011329651
vt 0.8402682542800903 0.3187980055809021
vt 0.8947505354881287 0.3125876188278198
vt 0.831541895866394 0.22269278764724731
vt 0.9103457927703857 0.2922489643096924
vt 0.8283273577690125 0.33193689584732056
vt 0.8948657512664795 0.2740456461906433
vt 0.9053811430931091 0.31190627813339233
vt 0.8722827434539795 0.3326364755630493
vt 0.8876752257347107 0.3318557143211365
vt 0.8568553328514099 0.33163905143737793
vt 0.8024361729621887 0.3422313928604126
vt 0.9094580411911011 0.28385400772094727
vt 0.9071081280708313 0.2718158960342407
vt 0.9178925156593323 0.30916333198547363
vt 0.9020630717277527 0.3297586441040039
vt 0.8245723247528076 0.34186553955078125
vt 0.8081738948822021 0.20562779903411865
vt 0.8199058175086975 0.2033381462097168
vt 0.8284267783164978 0.20737344026565552
vt 0.8132326602935791 0.3468555212020874
vt 0.7956166863441467 0.20572280883789062
vt 0.9304819107055664 0.2935304641723633
vt 0.9282756447792053 0.2793237566947937
vt 0.9435766935348511 0.2909884452819824
vt 0.9425020217895508 0.28043997287750244
vt 0.9545530676841736 0.2814279794692993
vt 0.956109881401062 0.29407352209091187
vt 0.9645331501960754 0.2828937768936157
vt 0.9651464819908142 0.2931414246559143
vt 0.966524600982666 0.3038439154624939
vt 0.9579451084136963 0.30571627616882324
vt 0.9737275242805481 0.2919352054595947
vt 0.9755604267120361 0.30264371633529663
vt 0.9480791091918945 0.3052811026573181
vt 0.9381464719772339 0.25895142555236816
vt 0.950264573097229 0.25789499282836914
vt 0.9369052648544312 0.24391061067581177
vt 0.9489240050315857 0.24219489097595215
vt 0.9360091686248779 0.230016827583313
vt 0.9480445384979248 0.22799718379974365
vt 0.9611935019493103 0.23894470930099487
vt 0.9613222479820251 0.2259312868118286
vt 0.9622198343276978 0.2568492293357849
vt 0.9342551827430725 0.21431571245193481
vt 0.9682719707489014 0.3151753544807434
vt 0.976726770401001 0.31380701065063477
vt 0.9468106031417847 0.21124708652496338
vt 0.975016713142395 0.27829593420028687
vt 0.9281075596809387 0.2676209807395935
vt 0.9281363487243652 0.2512555718421936
vt 0.9231570363044739 0.24371486902236938
vt 0.9237799048423767 0.23194313049316406
vt 0.9752369523048401 0.2352358102798462
vt 0.9739563465118408 0.22540205717086792
vt 0.9742940068244934 0.24407297372817993
vt 0.9752416610717773 0.25574588775634766
vt 0.9594740867614746 0.3180028200149536
vt 0.9587841033935547 0.20968633890151978
vt 0.9498564004898071 0.31562936305999756
vt 0.9184021353721619 0.2572330832481384
vt 0.9382015466690063 0.306735634803772
vt 0.9732232689857483 0.21098452806472778
vt 0.985079288482666 0.29005593061447144
vt 0.9855895042419434 0.3000737428665161
vt 0.9219093918800354 0.2222951054573059
vt 0.932385265827179 0.19768047332763672
vt 0.9872696995735168 0.24878805875778198
vt 0.985966145992279 0.31175005435943604
vt 0.9394329190254211 0.3185107111930847
vt 0.945486843585968 0.19536298513412476
vt 0.916584312915802 0.32558321952819824
vt 0.7923452854156494 0.3481375575065613
vt 0.9209128618240356 0.20482540130615234
vt 0.9856455326080322 0.22583258152008057
vt 0.9865052700042725 0.2759917974472046
vt 0.95042484998703 0.32638072967529297
vt 0.7807216048240662 0.2043393850326538
vt 0.9589725732803345 0.1914185881614685
vt 0.9786195755004883 0.3251211643218994
vt 0.9611806869506836 0.3280484676361084
vt 0.9703789949417114 0.3272191286087036
vt 0.9878025650978088 0.23589938879013062
vt 0.7830554842948914 0.3475954532623291
vt 0.9026036858558655 0.34096962213516235
vt 0.8895975947380066 0.3447573184967041
vt 0.8746469616889954 0.3424442410469055
vt 0.9713228344917297 0.1988198161125183
vt 0.9864286184310913 0.21039491891860962
vt 0.8076165914535522 0.18941009044647217
vt 0.8183059692382812 0.18419873714447021
vt 0.8052126169204712 0.16616326570510864
vt 0.8157489895820618 0.16609007120132446
vt 0.8152474761009216 0.15236854553222656
vt 0.8027058243751526 0.15116846561431885
vt 0.803985059261322 0.1394975185394287
vt 0.7916042804718018 0.1402180790901184
vt 0.7930387854576111 0.151699960231781
vt 0.793461799621582 0.16164648532867432
vt 0.781491219997406 0.14099258184432983
vt 0.7907881140708923 0.12970775365829468
vt 0.780849277973175 0.1309940218925476
vt 0.7807866334915161 0.15251415967941284
vt 0.8013265132904053 0.12820637226104736
vt 0.7818374037742615 0.16350460052490234
vt 0.8153460025787354 0.13852530717849731
vt 0.769244909286499 0.14096468687057495
vt 0.7724595665931702 0.12946391105651855
vt 0.8137081861495972 0.12747007608413696
vt 0.7952218055725098 0.17303621768951416
vt 0.795899510383606 0.19047951698303223
vt 0.8293845653533936 0.16669785976409912
vt 0.7807390093803406 0.12066704034805298
vt 0.7684034705162048 0.1537625789642334
vt 0.8307014107704163 0.18225187063217163
vt 0.8305944204330444 0.15194916725158691
vt 0.8457593321800232 0.16842466592788696
vt 0.8285180330276489 0.13677316904067993
vt 0.7910919785499573 0.11861765384674072
vt 0.7693666219711304 0.1652512550354004
vt 0.7800037860870361 0.17578232288360596
vt 0.8025784492492676 0.35230380296707153
vt 0.8450424671173096 0.15094423294067383
vt 0.8593503832817078 0.15138429403305054
vt 0.8590602278709412 0.16806799173355103
vt 0.8759766817092896 0.15337598323822021
vt 0.8776544332504272 0.1683253049850464
vt 0.8932163715362549 0.1692078709602356
vt 0.8903640508651733 0.15180087089538574
vt 0.859967052936554 0.13457250595092773
vt 0.8748827576637268 0.12962621450424194
vt 0.8462154865264893 0.13542544841766357
vt 0.8868338465690613 0.1343134641647339
vt 0.8778378963470459 0.18126720190048218
vt 0.8601812124252319 0.11879795789718628
vt 0.8875428438186646 0.11797386407852173
vt 0.8650522232055664 0.18242210149765015
vt 0.8511099219322205 0.1799776554107666
vt 0.9046052098274231 0.1657928228378296
vt 0.9052355289459229 0.15036660432815552
vt 0.9029500484466553 0.13531458377838135
vt 0.9010450839996338 0.12041038274765015
vt 0.8750009536743164 0.11347156763076782
vt 0.9022035598754883 0.17578089237213135
vt 0.8893352746963501 0.18342101573944092
vt 0.8468552231788635 0.11958664655685425
vt 0.8621973395347595 0.34497565031051636
vt 0.8421010375022888 0.3444633483886719
vt 0.9463895559310913 0.17107868194580078
vt 0.9345705509185791 0.17555850744247437
vt 0.9377117156982422 0.1595645546913147
vt 0.9473513960838318 0.1573466658592224
vt 0.9471747279167175 0.14797097444534302
vt 0.9569796323776245 0.1522219181060791
vt 0.9564181566238403 0.13810664415359497
vt 0.9476787447929382 0.13403171300888062
vt 0.9654070734977722 0.1398773193359375
vt 0.9558970332145691 0.1286609172821045
vt 0.938722550868988 0.1378818154335022
vt 0.9372976422309875 0.14853596687316895
vt 0.9655938148498535 0.12775754928588867
vt 0.9660393595695496 0.1584683656692505
vt 0.9576566815376282 0.16808545589447021
vt 0.9368791580200195 0.1268841028213501
vt 0.9246600270271301 0.16358286142349243
vt 0.9753928780555725 0.14745503664016724
vt 0.9248765707015991 0.14992809295654297
vt 0.9279418587684631 0.13750231266021729
vt 0.9469274282455444 0.12056839466094971
vt 0.9198811054229736 0.18143028020858765
vt 0.9557351469993591 0.12031310796737671
vt 0.9754453301429749 0.13604110479354858
vt 0.9687203168869019 0.16882473230361938
vt 0.9697220921516418 0.1864473819732666
vt 0.9027032256126404 0.1891481876373291
vt 0.9142758846282959 0.33876752853393555
vt 0.7722328305244446 0.203502357006073
vt 0.8757214546203613 0.3552119731903076
vt 0.9266277551651001 0.12454605102539062
vt 0.9782436490058899 0.1578502058982849
vt 0.9376625418663025 0.33069300651550293
vt 0.9898650050163269 0.32040679454803467
vt 0.9728814363479614 0.12444055080413818
vt 0.890703558921814 0.3545498251914978
vt 0.9037203192710876 0.35056614875793457
vt 0.7604499459266663 0.2259122133255005
vt 0.9495431780815125 0.3372011184692383
vt 0.8580495715141296 0.18571346998214722
vt 0.8454344272613525 0.19464141130447388
vt 0.8341894745826721 0.2124043107032776
vt 0.8135938048362732 0.11750543117523193
vt 0.835098385810852 0.11932408809661865
vt 0.7638574242591858 0.2114715576171875
vt 0.9199030995368958 0.3462274670600891
vt 0.7679212093353271 0.3277670741081238
vt 0.7662083506584167 0.17735570669174194
vt 0.7916654944419861 0.35960453748703003
vt 0.9665745496749878 0.11455178260803223
vt 0.8023617267608643 0.11235207319259644
vt 0.9359601140022278 0.11478042602539062
vt 0.8621381521224976 0.35578012466430664
vt 0.9121519923210144 0.20021045207977295
vt 0.7712008953094482 0.33982378244400024
vt 0.8260865807533264 0.3540920615196228
vt 0.8431885242462158 0.35532325506210327
vt 0.9836845993995667 0.1943429708480835
vt 0.8139755129814148 0.36016225814819336
vt 0.98941969871521 0.3280661702156067
vt 0.7610730528831482 0.12968814373016357
vt 0.971991777420044 0.33625853061676025
vt 0.9614975452423096 0.33786100149154663
vt 0.7681443691253662 0.12060034275054932
vt 0.860678493976593 0.10545891523361206
vt 0.8869754076004028 0.1072201132774353
vt 0.9803065061569214 0.170670747756958
vt 0.9169447422027588 0.2119501829147339
vt 0.9370311498641968 0.3415898084640503
vt 0.8942477107048035 0.11701440811157227
vt 0.8976694941520691 0.10648059844970703
vt 0.7560055255889893 0.14190977811813354
vt 0.9820951819419861 0.3369693160057068
vt 0.9469356536865234 0.11041969060897827
vt 0.956530749797821 0.11076134443283081
vt 0.7774340510368347 0.3564433455467224
vt 0.8442426919937134 0.1067323088645935
vt 0.7543146014213562 0.20882946252822876
vt 0.9793368577957153 0.12377184629440308
vt 0.9959418773651123 0.309068500995636
vt 0.7538808584213257 0.15455710887908936
vt 0.8032853007316589 0.3640745282173157
vt 0.7776947617530823 0.11112898588180542
vt 0.7578788995742798 0.17179906368255615
vt 0.9198269844055176 0.11016440391540527
vt 0.9943691492080688 0.29424673318862915
vt 0.8752655386924744 0.10162216424942017
vt 0.752010703086853 0.238722026348114
vt 0.7527531981468201 0.2493268847465515
vt 0.75542813539505 0.26624631881713867
vt 0.9853544235229492 0.1497955322265625
vt 0.8168277144432068 0.10796469449996948
vt 0.9046849012374878 0.3599087595939636
vt 0.7591179013252258 0.29905492067337036
vt 0.8619204163551331 0.3677561283111572
vt 0.8482517600059509 0.36589372158050537
vt 0.7899006605148315 0.10162216424942017
vt 0.8792714476585388 0.3697519302368164
vt 0.9166425466537476 0.35891497135162354
vt 0.8305721282958984 0.36285239458084106
vt 0.9861177206039429 0.13563060760498047
vt 0.9980040192604065 0.22537082433700562
vt 0.9975858926773071 0.21073287725448608
vt 0.9952445030212402 0.19693458080291748
vt 0.9950275421142578 0.2756274938583374
vt 0.9436342716217041 0.35007578134536743
vt 0.9888697862625122 0.17094480991363525
vt 0.9807093143463135 0.1142035722732544
vt 0.7653898596763611 0.35351669788360596
vt 0.78080153465271 0.36807888746261597
vt 0.9995531439781189 0.3185296058654785
vt 0.8676384687423706 0.26937538385391235
vt 0.7638458609580994 0.10739612579345703
vt 0.7523611783981323 0.11736172437667847
vt 0.9113796949386597 0.5355231761932373
vt 0.9173294901847839 0.5318281650543213
vt 0.9116765856742859 0.5223308205604553
vt 0.9194900989532471 0.522834300994873
vt 0.9138076901435852 0.5076968669891357
vt 0.9065362811088562 0.5250810384750366
vt 0.9042554497718811 0.5429033637046814
vt 0.8992763757705688 0.5430127382278442
vt 0.9080697894096375 0.544829249382019
vt 0.9028220772743225 0.5196889638900757
vt 0.8952267169952393 0.5411515235900879
vt 0.9079104661941528 0.5018495321273804
vt 0.9102593660354614 0.48868101835250854
vt 0.9215985536575317 0.5137297511100769
vt 0.9193490743637085 0.5017779469490051
vt 0.9247702360153198 0.5280419588088989
vt 0.9228785037994385 0.5376826524734497
vt 0.9150140285491943 0.5430808067321777
vt 0.912088930606842 0.542064905166626
vt 0.9253798127174377 0.5474722981452942
vt 0.9174394607543945 0.4893159866333008
vt 0.9122737050056458 0.4824609160423279
vt 0.9136159420013428 0.5548615455627441
vt 0.9232707023620605 0.5663167834281921
vt 0.8914209008216858 0.5387356281280518
vt 0.8978099226951599 0.5225913524627686
vt 0.9102954864501953 0.5487879514694214
vt 0.9098914265632629 0.5456386208534241
vt 0.9017127156257629 0.4988422393798828
vt 0.8958619236946106 0.5180155634880066
vt 0.9145528078079224 0.47853052616119385
vt 0.9024031162261963 0.48568689823150635
vt 0.8992429375648499 0.47853052616119385
vt 0.8736781477928162 0.9529472589492798
vt 0.8750155568122864 0.95650714635849
vt 0.8693854808807373 0.9584388732910156
vt 0.8732033371925354 0.9684151411056519
vt 0.866604745388031 0.9638539552688599
vt 0.8695995807647705 0.9763838648796082
vt 0.8629898428916931 0.962912380695343
vt 0.8666751384735107 0.9523426294326782
vt 0.8622109889984131 0.9544669389724731
vt 0.8655274510383606 0.9435140490531921
vt 0.8693938851356506 0.9430416226387024
vt 0.8725972771644592 0.9476026296615601
vt 0.8748106956481934 0.9434019327163696
vt 0.8760532140731812 0.9374713897705078
vt 0.8777619004249573 0.9411528706550598
vt 0.8767957091331482 0.9487882256507874
vt 0.8792281150817871 0.9475597143173218
vt 0.880504310131073 0.9434138536453247
vt 0.8807706832885742 0.9550482630729675
vt 0.8786664009094238 0.956487774848938
vt 0.8834859728813171 0.9517146944999695
vt 0.8789528608322144 0.939517617225647
vt 0.8828026056289673 0.9471309781074524
vt 0.8863551020622253 0.9467085003852844
vt 0.8666257262229919 0.9835485816001892
vt 0.8747501373291016 0.9844528436660767
vt 0.8760449886322021 0.9880725145339966
vt 0.8828446865081787 0.983464777469635
vt 0.8701696395874023 0.9821133613586426
vt 0.8638880848884583 0.9734697937965393
vt 0.8609965443611145 0.9751745462417603
vt 0.8586342930793762 0.9625688195228577
vt 0.8801701068878174 0.9766718745231628
vt 0.8589211106300354 0.948760449886322
vt 0.8624588251113892 0.9338181018829346
vt 0.8681386709213257 0.9300495386123657
vt 0.8713188767433167 0.9132223129272461
vt 0.8783880472183228 0.9241131544113159
vt 0.8859712481498718 0.9103847146034241
vt 0.8751397132873535 0.9783725142478943
vt 0.878908634185791 0.8959383368492126
vt 0.8899403214454651 0.8983129262924194
vt 0.8944519758224487 0.9237223863601685
vt 0.8985055685043335 0.9035850763320923
vt 0.8891476392745972 0.938758134841919
vt 0.8965451717376709 0.945900559425354
vt 0.8901001214981079 0.9486697912216187
vt 0.8920679092407227 0.9577547311782837
vt 0.882515549659729 0.929105281829834
vt 0.8994638323783875 0.9279336333274841
vt 0.8994638323783875 0.9553470015525818
vt 0.8941041827201843 0.9654496312141418
vt 0.8881911635398865 0.9629697203636169
vt 0.8884448409080505 0.9686928391456604
vt 0.8902208209037781 0.9764681458473206
vt 0.8865149617195129 0.9766632318496704
vt 0.8658315539360046 0.8982709646224976
vt 0.8593126535415649 0.9212827682495117
vt 0.8818923234939575 0.8802803158760071
vt 0.8766062259674072 0.8837289810180664
vt 0.8559566736221313 0.9358434677124023
vt 0.8935024738311768 0.8844871520996094
vt 0.8747787475585938 0.8618440628051758
vt 0.8936719298362732 0.8670181035995483
vt 0.8645588159561157 0.8790711760520935
vt 0.8877466320991516 0.9545046091079712
vt 0.8557355999946594 0.9021037220954895
vt 0.8752791881561279 0.9676477313041687
vt 0.8800668716430664 0.9662904739379883
vt 0.8767699599266052 0.9581932425498962
vt 0.8535885214805603 0.9500876665115356
vt 0.8522837162017822 0.9223219752311707
vt 0.8830043077468872 0.8387620449066162
vt 0.8655945658683777 0.8459981083869934
vt 0.8726841807365417 0.8300578594207764
vt 0.8784776329994202 0.8257824778556824
vt 0.8526501655578613 0.8790608048439026
vt 0.8651266694068909 0.8114710450172424
vt 0.8578119874000549 0.8397352695465088
vt 0.8655799031257629 0.7501556277275085
vt 0.8734195232391357 0.7421928644180298
vt 0.8625808954238892 0.7141773700714111
vt 0.856965959072113 0.7480999231338501
vt 0.8527631759643555 0.7021468877792358
vt 0.8644811511039734 0.6961276531219482
vt 0.8561396598815918 0.6783959865570068
vt 0.870613157749176 0.6785106062889099
vt 0.8675244450569153 0.6339962482452393
vt 0.8571903705596924 0.6402345895767212
vt 0.8583554029464722 0.6138392686843872
vt 0.8838245272636414 0.9579987525939941
vt 0.8781751394271851 0.5903832912445068
vt 0.8741843700408936 0.575385332107544
vt 0.8643542528152466 0.5687867403030396
vt 0.8706109523773193 0.5377230048179626
vt 0.8776468634605408 0.6379818916320801
vt 0.8768524527549744 0.7009822130203247
vt 0.8796315789222717 0.5363061428070068
vt 0.8783606290817261 0.4989575743675232
vt 0.8643643856048584 0.49230825901031494
vt 0.874215304851532 0.4722374677658081
vt 0.8610835671424866 0.45925718545913696
vt 0.875511646270752 0.4525219798088074
vt 0.8736889362335205 0.4370766878128052
vt 0.8640539050102234 0.4314587116241455
vt 0.8512064218521118 0.9519377946853638
vt 0.8565189242362976 0.9651047587394714
vt 0.88878333568573 0.5202046632766724
vt 0.8830932974815369 0.6798864603042603
vt 0.8898513317108154 0.6431912779808044
vt 0.8873802423477173 0.4578680396080017
vt 0.8915284872055054 0.573305606842041
vt 0.8890776634216309 0.6077786684036255
vt 0.8895891904830933 0.495198130607605
vt 0.8834577202796936 0.7350230813026428
vt 0.8869783282279968 0.7016563415527344
vt 0.8909441232681274 0.4361535906791687
vt 0.8703266978263855 0.420324444770813
vt 0.8795948028564453 0.42499858140945435
vt 0.9162163734436035 0.6595543622970581
vt 0.920016884803772 0.6455152630805969
vt 0.9053447842597961 0.6455152630805969
vt 0.904825747013092 0.6555598378181458
vt 0.9079243540763855 0.6592202186584473
vt 0.9122915863990784 0.6607824563980103
vt 0.921805202960968 0.6520772576332092
vt 0.9202376008033752 0.656458854675293
vt 0.12952691316604614 0.757987916469574
vt 0.11980205774307251 0.7684757709503174
vt 0.13877449929714203 0.7611273527145386
vt 0.11833693832159042 0.7637643218040466
vt 0.15119822323322296 0.7492884993553162
vt 0.1614147275686264 0.7504947185516357
vt 0.1556975543498993 0.7428379058837891
vt 0.14324064552783966 0.7432328462600708
vt 0.16448728740215302 0.7420978546142578
vt 0.1697588711977005 0.7547376751899719
vt 0.15772832930088043 0.7581608891487122
vt 0.1424749195575714 0.7380725145339966
vt 0.1294933259487152 0.742516040802002
vt 0.13150617480278015 0.7470201253890991
vt 0.12408769130706787 0.7469053268432617
vt 0.11707688122987747 0.7448583841323853
vt 0.11645021289587021 0.7599459290504456
vt 0.1246863305568695 0.7526015639305115
vt 0.12520766258239746 0.7396584153175354
vt 0.11174501478672028 0.7504498958587646
vt 0.11776144057512283 0.7514186501502991
vt 0.11149628460407257 0.7380725145339966
vt 0.1756032109260559 0.7498300075531006
vt 0.10516726225614548 0.7499375343322754
vt 0.09696157276630402 0.7400581240653992
vt 0.11332771182060242 0.7533604502677917
vt 0.13642267882823944 0.765812873840332
vt 0.12110687047243118 0.7724236845970154
vt 0.5383973717689514 0.25353318452835083
vt 0.5449532866477966 0.2631121277809143
vt 0.5453052520751953 0.25755780935287476
vt 0.5591615438461304 0.2635580897331238
vt 0.5411157011985779 0.24866533279418945
vt 0.5511859655380249 0.24863964319229126
vt 0.5631214380264282 0.2569553256034851
vt 0.5759606957435608 0.2662469744682312
vt 0.5537686944007874 0.2447717785835266
vt 0.5367972254753113 0.2447519302368164
vt 0.5329662561416626 0.2510002851486206
vt 0.5263808369636536 0.2514529228210449
vt 0.5252007246017456 0.2447717785835266
vt 0.5292465686798096 0.2579391598701477
vt 0.5387796759605408 0.268427312374115
vt 0.560973584651947 0.26885759830474854
vt 0.521123468875885 0.25137192010879517
vt 0.522230863571167 0.2537066340446472
vt 0.5231299996376038 0.25897353887557983
vt 0.528211236000061 0.2684330940246582
vt 0.5196604132652283 0.25847339630126953
vt 0.5347065329551697 0.27146947383880615
vt 0.0975923016667366 0.6316453814506531
vt 0.09382113814353943 0.6424094438552856
vt 0.09778546541929245 0.6415742635726929
vt 0.0943991169333458 0.6313273310661316
vt 0.1023235023021698 0.6198809742927551
vt 0.10011632740497589 0.6547783017158508
vt 0.08587905764579773 0.6397767066955566
vt 0.08685651421546936 0.6265901327133179
vt 0.09939879924058914 0.6197519302368164
vt 0.07265377044677734 0.634162187576294
vt 0.07788993418216705 0.6486661434173584
vt 0.08794937282800674 0.653776228427887
vt 0.09524723142385483 0.6554601192474365
vt 0.0656721219420433 0.6450809240341187
vt 0.07770659774541855 0.6560114622116089
vt 0.06270686537027359 0.6518704891204834
vt 0.039850134402513504 0.6439772248268127
vt 0.03927183151245117 0.6352695226669312
vt 0.0031277926173061132 0.6198809742927551
vt 0.8220498561859131 0.9551975131034851
vt 0.8213370442390442 0.9643325209617615
vt 0.8288650512695312 0.9673101902008057
vt 0.8140348792076111 0.9568667411804199
vt 0.8102509379386902 0.9484749436378479
vt 0.8155112862586975 0.9461777806282043
vt 0.8008085489273071 0.9396271109580994
vt 0.7998244166374207 0.9336212873458862
vt 0.7864470481872559 0.9325674772262573
vt 0.7821870446205139 0.937991201877594
vt 0.7588167190551758 0.9292688369750977
vt 0.7710577249526978 0.9253350496292114
vt 0.7387654185295105 0.9236510992050171
vt 0.6118778586387634 0.94520103931427
vt 0.6142542362213135 0.9524152278900146
vt 0.6171535849571228 0.9495357275009155
vt 0.6155006289482117 0.9654678106307983
vt 0.6123546957969666 0.9654439687728882
vt 0.607620358467102 0.975810170173645
vt 0.6095753908157349 0.9759141802787781
vt 0.6124776005744934 0.9364556670188904
vt 0.6745855808258057 0.9513850212097168
vt 0.7082367539405823 0.9490680694580078
vt 0.7167289853096008 0.9374943375587463
vt 0.7465115189552307 0.9471835494041443
vt 0.6783204078674316 0.9397117495536804
vt 0.6542962789535522 0.9525771141052246
vt 0.6509119868278503 0.940899133682251
vt 0.7534679174423218 0.9355059266090393
vt 0.7745055556297302 0.9451107978820801
vt 0.7833912372589111 0.9532690644264221
vt 0.8015584945678711 0.9500347971916199
vt 0.7995726466178894 0.9603224992752075
vt 0.6789097189903259 0.9312822222709656
vt 0.648865282535553 0.9320745468139648
vt 0.7030870914459229 0.9293268918991089
vt 0.7184965014457703 0.9271632432937622
vt 0.6398882269859314 0.951408326625824
vt 0.6331636309623718 0.934977114200592
vt 0.8125677108764648 0.9625797867774963
vt 0.7614260315895081 0.9618613719940186
vt 0.7140785455703735 0.9608796238899231
vt 0.6751503944396973 0.9653942584991455
vt 0.6557880640029907 0.9680980443954468
vt 0.638232409954071 0.9683582782745361
vt 0.6632683277130127 0.923819363117218
vt 0.63844895362854 0.9255757331848145
vt 0.6286971569061279 0.9530041217803955
vt 0.6265785694122314 0.939845860004425
vt 0.6254866719245911 0.9264230132102966
vt 0.6243578791618347 0.9670472741127014
vt 0.6994350552558899 0.9669413566589355
vt 0.7682151198387146 0.9680453538894653
vt 0.7974376678466797 0.9661834239959717
vt 0.6762502789497375 0.9787068367004395
vt 0.642105221748352 0.9789775609970093
vt 0.658940315246582 0.9801988005638123
vt 0.626322329044342 0.9834471940994263
vt 0.699939489364624 0.9782593250274658
vt 0.7343674302101135 0.9732961058616638
vt 0.7747616767883301 0.9736742377281189
vt 0.6517158150672913 0.9886350631713867
vt 0.7991491556167603 0.9739500284194946
vt 0.7106881737709045 0.920324444770813
vt 0.6189475655555725 0.9442682862281799
vt 0.6189642548561096 0.9302788972854614
vt 0.8175591826438904 0.9729243516921997
vt 0.6777998805046082 0.9891205430030823
vt 0.7116701006889343 0.983226478099823
vt 0.7661967277526855 0.9802877306938171
vt 0.6249378323554993 0.991290271282196
vt 0.6045576333999634 0.9833760857582092
vt 0.6514275074005127 0.9957060813903809
vt 0.8243560194969177 0.973335862159729
vt 0.6391855478286743 0.920324444770813
vt 0.60944664478302 0.9290128946304321
vt 0.5897037982940674 0.24856871366500854
vt 0.5873302221298218 0.2609732747077942
vt 0.5974084138870239 0.24857747554779053
vt 0.5848972201347351 0.24857747554779053
vt 0.5931968688964844 0.25993090867996216
vt 0.8093634247779846 0.07791268825531006
vt 0.8064662218093872 0.07126021385192871
vt 0.8127989172935486 0.06591576337814331
vt 0.8065633773803711 0.06212306022644043
vt 0.8023768663406372 0.07662951946258545
vt 0.7988049983978271 0.06870251893997192
vt 0.8048720955848694 0.08931070566177368
vt 0.8002041578292847 0.08590179681777954
vt 0.811576247215271 0.08695346117019653
vt 0.7957997918128967 0.07828134298324585
vt 0.8118509650230408 0.09971374273300171
vt 0.8122326135635376 0.053912222385406494
vt 0.815460205078125 0.06971609592437744
vt 0.815460205078125 0.08488160371780396
vt 0.9717740416526794 0.4680343270301819
vt 0.979841947555542 0.475635826587677
vt 0.9637094736099243 0.46849024295806885
vt 0.973223865032196 0.4748882055282593
vt 0.9630071520805359 0.4748212695121765
vt 0.9571739435195923 0.4733480215072632
vt 0.9792850017547607 0.4817439317703247
vt 0.9850916266441345 0.48891836404800415
vt 0.9536294341087341 0.4871446490287781
vt 0.9489532113075256 0.4881540536880493
vt 0.983085036277771 0.5073981881141663
vt 0.9482287764549255 0.5128748416900635
vt 0.9525790214538574 0.5000274777412415
vt 0.9524352550506592 0.5083128213882446
vt 0.9710056185722351 0.4794458746910095
vt 0.9646586179733276 0.4831148386001587
vt 0.9921717643737793 0.5100076794624329
vt 0.983741283416748 0.5251049995422363
vt 0.97786545753479 0.5241460800170898
vt 0.9741711616516113 0.535630464553833
vt 0.9748499989509583 0.5604282021522522
vt 0.987938404083252 0.5520708560943604
vt 0.9686797261238098 0.5716292858123779
vt 0.964614987373352 0.5603635311126709
vt 0.9670817255973816 0.536666989326477
vt 0.95685213804245 0.5679446458816528
vt 0.9664089679718018 0.5836571455001831
vt 0.9538041949272156 0.540968656539917
vt 0.9457330107688904 0.5530604124069214
vt 0.9432529211044312 0.5323073863983154
vt 0.9514074921607971 0.5265612602233887
vt 0.9782183766365051 0.5786342024803162
vt 0.9617224931716919 0.5338112115859985
vt 0.955036997795105 0.5206066370010376
vt 0.9588332772254944 0.4894750714302063
vt 0.9706686735153198 0.5989461541175842
vt 0.9572920799255371 0.5928254127502441
vt 0.9439384341239929 0.5672585964202881
vt 0.9682132601737976 0.4943557381629944
vt 0.9950848817825317 0.5263011455535889
vt 0.9808145761489868 0.5956049561500549
vt 0.9893038272857666 0.5761198401451111
vt 0.9682726263999939 0.6128218173980713
vt 0.9604805111885071 0.6148910522460938
vt 0.9621551632881165 0.4991399049758911
vt 0.9758888483047485 0.4942973852157593
vt 0.9828737378120422 0.6097439527511597
vt 0.976153552532196 0.6312023401260376
vt 0.9694710969924927 0.6471565961837769
vt 0.9600774645805359 0.6413220763206482
vt 0.9920332431793213 0.5958775281906128
vt 0.9850145578384399 0.640277624130249
vt 0.9786515235900879 0.6668651700019836
vt 0.9695976376533508 0.5151776075363159
vt 0.9752798080444336 0.5097293853759766
vt 0.9770328998565674 0.7357748746871948
vt 0.9824736714363098 0.7600603103637695
vt 0.9876626133918762 0.664600670337677
vt 0.9903622269630432 0.7361302375793457
vt 0.9568027257919312 0.5076003074645996
vt 0.9909713864326477 0.7777290940284729
vt 0.9790442585945129 0.7879369258880615
vt 0.9648350477218628 0.5156847238540649
vt 0.9928076863288879 0.8014554977416992
vt 0.9793491959571838 0.8080466985702515
vt 0.9828263521194458 0.8379768133163452
vt 0.9950848817825317 0.8394953012466431
vt 0.9884524941444397 0.8845503926277161
vt 0.9786136746406555 0.8791741132736206
vt 0.9821756482124329 0.9107824563980103
vt 0.9764626026153564 0.901443362236023
vt 0.08617599308490753 0.8938445448875427
vt 0.07471443712711334 0.8944914937019348
vt 0.08498022705316544 0.8983778953552246
vt 0.06980977952480316 0.8982102870941162
vt 0.062238529324531555 0.8936069011688232
vt 0.060364607721567154 0.8967394232749939
vt 0.05138516426086426 0.8938445448875427
vt 0.09785522520542145 0.8953348994255066
vt 0.845074474811554 0.37959855794906616
vt 0.8321657180786133 0.3851366639137268
vt 0.837522029876709 0.37823235988616943
vt 0.8419536352157593 0.3859780430793762
vt 0.8296087980270386 0.393749475479126
vt 0.8198730945587158 0.391606867313385
vt 0.8109772801399231 0.4042627215385437
vt 0.8222122192382812 0.40745091438293457
vt 0.8052132725715637 0.42562878131866455
vt 0.7976546287536621 0.4226332902908325
vt 0.7930343151092529 0.44340378046035767
vt 0.7931920289993286 0.46650683879852295
vt 0.7733902335166931 0.4911009669303894
vt 0.8178514838218689 0.4225316643714905
vt 0.8084954023361206 0.45713794231414795
vt 0.7944197654724121 0.499747097492218
vt 0.7730417251586914 0.5274796485900879
vt 0.7860093116760254 0.5272805690765381
vt 0.779156506061554 0.5479081869125366
vt 0.8374375700950623 0.39945292472839355
vt 0.7646205425262451 0.5559227466583252
vt 0.791726291179657 0.5551588535308838
vt 0.818766176700592 0.45984286069869995
vt 0.8282873034477234 0.4337564706802368
vt 0.8068796992301941 0.5027188658714294
vt 0.7975808382034302 0.5351712107658386
vt 0.7728902697563171 0.5668267011642456
vt 0.7884505391120911 0.5699222087860107
vt 0.7611262202262878 0.5284305214881897
vt 0.754561185836792 0.5503954887390137
vt 0.7510759830474854 0.5619572401046753
vt 0.7586851716041565 0.5721036195755005
vt 0.8472046256065369 0.39182281494140625
vt 0.7809513211250305 0.5838595628738403
vt 0.8042448163032532 0.5608709454536438
vt 0.8231921195983887 0.47707581520080566
vt 0.8113107085227966 0.5243369340896606
vt 0.7978877425193787 0.5815961956977844
vt 0.8119664788246155 0.5377683639526367
vt 0.8382720947265625 0.4346047639846802
vt 0.7681739926338196 0.577988862991333
vt 0.782252848148346 0.590806245803833
vt 0.7818784117698669 0.6050432324409485
vt 0.7817225456237793 0.46175509691238403
vt 0.7467986345291138 0.573684811592102
vt 0.8515234589576721 0.3844870924949646
vt 0.754127562046051 0.5260214805603027
vt 0.7463028430938721 0.5533344745635986
vt 0.7421680688858032 0.569188117980957
vt 0.7742739915847778 0.5908716917037964
vt 0.766981303691864 0.4837868809700012
vt 0.7795203328132629 0.45295989513397217
vt 0.7638150453567505 0.5850949287414551
vt 0.7551066279411316 0.5817621946334839
vt 0.7368186116218567 0.5779563188552856
vt 0.7428377866744995 0.5822826027870178
vt 0.8518410921096802 0.37643128633499146
vt 0.8328999876976013 0.6336053013801575
vt 0.8255144953727722 0.6348133087158203
vt 0.8317210674285889 0.6178968548774719
vt 0.8373522162437439 0.6425642967224121
vt 0.8418689966201782 0.6301603317260742
vt 0.8201109766960144 0.6832942366600037
vt 0.8135853409767151 0.6773809194564819
vt 0.8081701397895813 0.7463568449020386
vt 0.8005552291870117 0.7399100065231323
vt 0.7925160527229309 0.7922258377075195
vt 0.8010944724082947 0.7960459589958191
vt 0.7914601564407349 0.8484346866607666
vt 0.7827760577201843 0.8546914458274841
vt 0.8013207316398621 0.8180840611457825
vt 0.7869665622711182 0.8773424625396729
vt 0.7756169438362122 0.877689778804779
vt 0.8142459988594055 0.6448220014572144
vt 0.8226531744003296 0.6115709543228149
vt 0.8077945113182068 0.6796711683273315
vt 0.8393392562866211 0.6239343881607056
vt 0.7848780155181885 0.8075644373893738
vt 0.7943522334098816 0.7435175776481628
vt 0.7855649590492249 0.8875513076782227
vt 0.7772673964500427 0.8551573157310486
vt 0.8313072323799133 0.6021246910095215
vt 0.8000583052635193 0.8797199130058289
vt 0.8026551604270935 0.8627238869667053
vt 0.8211436867713928 0.7495847940444946
vt 0.8124836087226868 0.8062350749969482
vt 0.8287307024002075 0.6986120939254761
vt 0.8343993425369263 0.6609067320823669
vt 0.7983033657073975 0.8908159136772156
vt 0.7746795415878296 0.8884928822517395
vt 0.803629457950592 0.6804794669151306
vt 0.808366596698761 0.6117663383483887
vt 0.8074249029159546 0.5893452167510986
vt 0.7674789428710938 0.8761265873908997
vt 0.7719119191169739 0.8543672561645508
vt 0.7795147895812988 0.8023394346237183
vt 0.7888451218605042 0.737363874912262
vt 0.795324444770813 0.609310507774353
vt 0.8145129680633545 0.5687695741653442
vt 0.8198993802070618 0.5484894514083862
vt 0.8217068314552307 0.5234987735748291
vt 0.8263664245605469 0.4836307168006897
vt 0.8445959091186523 0.4391506314277649
vt 0.8469332456588745 0.41512614488601685
vt 0.8299533128738403 0.514045000076294
vt 0.8118320107460022 0.8622665405273438
vt 0.8548650741577148 0.3910977244377136
vt 0.8339117169380188 0.7472660541534424
vt 0.8430230617523193 0.6834282875061035
vt 0.8456462025642395 0.6439274549484253
vt 0.8154653906822205 0.8814948797225952
vt 0.8276193737983704 0.8039120435714722
vt 0.8070586919784546 0.8912143707275391
vt 0.843679666519165 0.6219649314880371
vt 0.8187773823738098 0.8641300797462463
vt 0.8151365518569946 0.8928741216659546
vt 0.8461505770683289 0.6133099794387817
vt 0.848336398601532 0.6149929165840149
vt 0.855674684047699 0.41132038831710815
vt 0.8521096110343933 0.6417227983474731
vt 0.8261641263961792 0.5670220851898193
vt 0.831699788570404 0.5389200448989868
vt 0.8340893983840942 0.5943188667297363
vt 0.8394832015037537 0.503392219543457
vt 0.786226212978363 0.8954126834869385
vt 0.7833276391029358 0.6105763912200928
vt 0.7892252802848816 0.6222617030143738
vt 0.8481447696685791 0.44585996866226196
vt 0.763991117477417 0.8844544887542725
vt 0.8422951698303223 0.7437902688980103
vt 0.8506022095680237 0.6794900894165039
vt 0.855674684047699 0.6283447742462158
vt 0.8336597084999084 0.815032958984375
vt 0.825875461101532 0.8657948970794678
vt 0.8248799443244934 0.8850425481796265
vt 0.7984654307365417 0.899318516254425
vt 0.7752197980880737 0.8989184498786926
vt 0.8263080716133118 0.8938119411468506
vt 0.8128023147583008 0.899868369102478
vt 0.8149463534355164 0.9044556021690369
vt 0.8516372442245483 0.6073017120361328
vt 0.8503831624984741 0.6055760383605957
vt 0.7594656348228455 0.89375901222229
vt 0.8259236812591553 0.9050572514533997
vt 0.9477483630180359 0.7130099534988403
vt 0.932960569858551 0.7120420932769775
vt 0.947210431098938 0.7099748849868774
vt 0.9603463411331177 0.704675555229187
vt 0.9365261793136597 0.7160158157348633
vt 0.9494057297706604 0.7244446873664856
vt 0.9350566267967224 0.7255416512489319
vt 0.9611260294914246 0.7216906547546387
vt 0.9567630887031555 0.7089520692825317
vt 0.92686527967453 0.7133641839027405
vt 0.9208123683929443 0.721865713596344
vt 0.9156717658042908 0.7121138572692871
vt 0.9104189276695251 0.7212060689926147
vt 0.9206836223602295 0.7082209587097168
vt 0.9097345471382141 0.7054151296615601
vt 0.9069815874099731 0.7130937576293945
vt 0.9479255080223083 0.7795163989067078
vt 0.949935793876648 0.763555109500885
vt 0.9507646560668945 0.8149900436401367
vt 0.935693621635437 0.8192250728607178
vt 0.9355146884918213 0.7650259733200073
vt 0.9515687227249146 0.8624167442321777
vt 0.9378579258918762 0.8571361303329468
vt 0.9402508735656738 0.8802438974380493
vt 0.9446094036102295 0.9013622999191284
vt 0.955173909664154 0.9144333600997925
vt 0.9488658308982849 0.7456411123275757
vt 0.9364299774169922 0.7430648803710938
vt 0.9571383595466614 0.8678524494171143
vt 0.9436025619506836 0.9131159782409668
vt 0.9224802255630493 0.7979073524475098
vt 0.9220907688140869 0.7664457559585571
vt 0.9218162298202515 0.7461802363395691
vt 0.954766035079956 0.9265407919883728
vt 0.9247459769248962 0.8367645144462585
vt 0.9286311864852905 0.870356559753418
vt 0.9351228475570679 0.8906466960906982
vt 0.9222509264945984 0.7345494031906128
vt 0.9130216836929321 0.763412594795227
vt 0.9120984077453613 0.7406872510910034
vt 0.9493895769119263 0.9275065064430237
vt 0.916181206703186 0.8222604990005493
vt 0.9105321168899536 0.7289933562278748
vt 0.9091663360595703 0.7517777681350708
vt 0.9045040607452393 0.7650911808013916
vt 0.9303240180015564 0.8943867087364197
vt 0.9217879176139832 0.8753376007080078
vt 0.9119195938110352 0.8181126117706299
vt 0.9383271932601929 0.9173214435577393
vt 0.9030384421348572 0.7459611892700195
vt 0.9277989268302917 0.8982540369033813
vt 0.9045353531837463 0.7276643514633179
vt 0.9133215546607971 0.8622391223907471
vt 0.952799379825592 0.9360295534133911
vt 0.9611260294914246 0.9370825290679932
vt 0.9372919797897339 0.9239245057106018
vt 0.9577329158782959 0.9422709941864014
vt 0.9471642971038818 0.9347617030143738
vt 0.764033317565918 0.864980936050415
vt 0.763259768486023 0.8569740653038025
vt 0.768990159034729 0.8563930988311768
vt 0.7585994601249695 0.8563930988311768
vt 0.7493297457695007 0.863979160785675
vt 0.02753381058573723 0.0498204231262207
vt 0.027155384421348572 0.046656012535095215
vt 0.017433766275644302 0.04609447717666626
vt 0.03489654138684273 0.04836374521255493
vt 0.039224859327077866 0.05506497621536255
vt 0.04438835754990578 0.04939258098602295
vt 0.021720275282859802 0.049769043922424316
vt 0.0049151028506457806 0.046514153480529785
vt 0.0049739377573132515 0.04292464256286621
vt 0.05233689397573471 0.06466233730316162
vt 0.19949506223201752 0.055179059505462646
vt 0.2211393117904663 0.04842710494995117
vt 0.1923827975988388 0.04532855749130249
vt 0.14984668791294098 0.05161923170089722
vt 0.14886809885501862 0.0434037446975708
vt 0.09814068675041199 0.04731428623199463
vt 0.09618633985519409 0.05483287572860718
vt 0.06138693913817406 0.04751783609390259
vt 0.058529019355773926 0.0542946457862854
vt 0.2710784077644348 0.051277101039886475
vt 0.2668136656284332 0.042441487312316895
vt 0.2764829993247986 0.03647947311401367
vt 0.09857882559299469 0.03822922706604004
vt 0.21015071868896484 0.034839928150177
vt 0.2585177719593048 0.03538858890533447
vt 0.05697382614016533 0.03714972734451294
vt 0.14694689214229584 0.034027159214019775
vt 0.283852756023407 0.051726460456848145
vt 0.2862371802330017 0.0365368127822876
vt 0.049009181559085846 0.04304814338684082
vt 0.03524758294224739 0.03538775444030762
vt 0.149235799908638 0.059968531131744385
vt 0.26449596881866455 0.05995970964431763
vt 0.27789586782455444 0.06579715013504028
vt 0.21245485544204712 0.06157553195953369
vt 0.09791738539934158 0.0633741021156311
vt 0.2870524227619171 0.06488287448883057
vt 0.26329168677330017 0.06816428899765015
vt 0.14810624718666077 0.06834626197814941
vt 0.20601563155651093 0.0677843689918518
vt 0.08921536803245544 0.028822779655456543
vt 0.2894967198371887 0.05345112085342407
vt 0.09570341557264328 0.07212156057357788
vt 0.14811506867408752 0.07530474662780762
vt 0.20939314365386963 0.07601451873779297
vt 0.2584591507911682 0.07624673843383789
vt 0.27921608090400696 0.07709813117980957
vt 0.028012657538056374 0.07555675506591797
vt 0.2877742648124695 0.07743823528289795
vt 0.09297272562980652 0.07967555522918701
vt 0.03776386007666588 0.06456625461578369
vt 0.026793036609888077 0.06116175651550293
vt 0.27726268768310547 0.024916648864746094
vt 0.257275253534317 0.027033448219299316
vt 0.14922086894512177 0.026521146297454834
vt 0.20961889624595642 0.026804327964782715
vt 0.10405284911394119 0.023377835750579834
vt 0.2853003144264221 0.023377835750579834
vt 0.051602210849523544 0.026030004024505615
vt 0.2980339527130127 0.06570643186569214
vt 0.29631099104881287 0.046082139015197754
vt 0.2946128249168396 0.035534679889678955
vt 0.2970755696296692 0.05498635768890381
vt 0.29558265209198 0.023648858070373535
vt 0.2974475920200348 0.07911562919616699
vt 0.47873231768608093 0.3738848567008972
vt 0.4655478000640869 0.37516069412231445
vt 0.47166988253593445 0.3887917399406433
vt 0.4793531000614166 0.3886054754257202
vt 0.46473628282546997 0.3839793801307678
vt 0.46312886476516724 0.37974709272384644
vt 0.47389915585517883 0.3716602921485901
vt 0.4684315621852875 0.3725493550300598
vt 0.4507717788219452 0.37458813190460205
vt 0.44521304965019226 0.378955602645874
vt 0.4294012486934662 0.3716602921485901
vt 0.43588897585868835 0.3824115991592407
vt 0.43207848072052 0.38734519481658936
vt 0.44662490487098694 0.3941485285758972
vt 0.45224377512931824 0.39056503772735596
vt 0.45659926533699036 0.39933204650878906
vt 0.46853891015052795 0.3958287239074707
vt 0.46450144052505493 0.38839441537857056
vt 0.47544199228286743 0.39367955923080444
vt 0.48927614092826843 0.3870355486869812
vt 0.48568564653396606 0.38533008098602295
vt 0.5759606957435608 0.892652690410614
vt 0.569705069065094 0.8945590853691101
vt 0.5759606957435608 0.9088740348815918
vt 0.32738879323005676 0.051051318645477295
vt 0.32305631041526794 0.04774206876754761
vt 0.33199286460876465 0.04055345058441162
vt 0.32970282435417175 0.06154578924179077
vt 0.33199286460876465 0.05880570411682129
vt 0.3304184675216675 0.0480269193649292
vt 0.02971726469695568 0.6817747950553894
vt 0.02368185855448246 0.6779580116271973
vt 0.03887399286031723 0.6779580116271973
vt 0.9530830979347229 0.9432252049446106
vt 0.9647006392478943 0.9432252049446106
vt 0.9599513411521912 0.9470419883728027
vt 0.02862663008272648 0.40219467878341675
vt 0.03351206332445145 0.40410304069519043
vt 0.02278820425271988 0.40410304069519043
vt 0.9003574848175049 0.8092489242553711
vt 0.8976764678955078 0.8077290058135986
vt 0.8976764678955078 0.8144084215164185
vt 0.5242863297462463 0.8791903853416443
vt 0.5241286754608154 0.8869070410728455
vt 0.530487596988678 0.8914118409156799
vt 0.5294729471206665 0.8811964988708496
vt 0.5309277772903442 0.8727940320968628
vt 0.5392673015594482 0.8923963904380798
vt 0.5302687287330627 0.8659050464630127
vt 0.5446727871894836 0.8619706034660339
vt 0.5346852540969849 0.8780455589294434
vt 0.5434775948524475 0.9001904726028442
vt 0.5520972013473511 0.9012553691864014
vt 0.5544306039810181 0.8965636491775513
vt 0.5652944445610046 0.8992598652839661
vt 0.5392587780952454 0.8713842630386353
vt 0.5550374984741211 0.8651647567749023
vt 0.5641025900840759 0.8623255491256714
vt 0.5567066669464111 0.8772974014282227
vt 0.5638052225112915 0.8708173632621765
vt 0.5690669417381287 0.885053813457489
vt 0.574241578578949 0.8822397589683533
vt 0.5784531831741333 0.8784389495849609
vt 0.5784745216369629 0.8693314790725708
vt 0.582573413848877 0.8761089444160461
vt 0.5882369875907898 0.8758056163787842
vt 0.5860524773597717 0.8674759864807129
vt 0.5947742462158203 0.8759489059448242
vt 0.5979227423667908 0.8640637397766113
vt 0.6120628714561462 0.866908848285675
vt 0.6148159503936768 0.857347309589386
vt 0.6304736137390137 0.8641663193702698
vt 0.6160736083984375 0.875505268573761
vt 0.5923362374305725 0.8786550760269165
vt 0.5836490392684937 0.8601749539375305
vt 0.6010082364082336 0.8897530436515808
vt 0.5870115756988525 0.888020396232605
vt 0.5873134136199951 0.8965822458267212
vt 0.5823343992233276 0.9060114622116089
vt 0.6100351214408875 0.8950728178024292
vt 0.5720703601837158 0.8666593432426453
vt 0.5519951581954956 0.8791962265968323
vt 0.5661431550979614 0.8878576159477234
vt 0.5528792142868042 0.8835333585739136
vt 0.5718965530395508 0.857347309589386
vt 0.013269349001348019 0.5180624723434448
vt 0.019213583320379257 0.5243320465087891
vt 0.012957998551428318 0.5233415365219116
vt 0.019213583320379257 0.5090649127960205
f 2736/2736 2737/2737 2738/2738
f 2713/2713 2716/2716 2715/2715
f 2653/2653 2654/2654 2651/2651
f 2652/2652 2657/2657 2658/2658
f 2651/2651 2652/2652 2653/2653
f 2736/2736 2739/2739 2737/2737
f 2656/2656 2655/2655 2652/2652
f 2657/2657 2652/2652 2651/2651
f 2655/2655 2653/2653 2652/2652
f 2130/2130 2131/2131 2128/2128
f 1984/1984 1982/1982 1983/1983
f 2582/2582 2581/2581 2584/2584
f 2132/2132 2133/2133 2128/2128
f 2132/2132 2128/2128 2131/2131
f 2128/2128 2134/2134 2129/2129
f 2128/2128 2129/2129 2130/2130
f 2584/2584 2581/2581 2585/2585
f 2128/2128 2135/2135 2134/2134
f 2281/2281 2284/2284 2282/2282
f 2025/2025 2031/2031 2029/2029
f 2027/2027 2024/2024 2029/2029
f 2026/2026 2025/2025 2021/2021
f 2023/2023 2026/2026 2021/2021
f 2027/2027 2010/2010 2024/2024
f 2010/2010 2027/2027 2028/2028
f 2021/2021 2025/2025 2024/2024
f 2020/2020 2021/2021 2024/2024
f 2009/2009 2020/2020 2024/2024
f 2024/2024 2025/2025 2029/2029
f 2031/2031 2025/2025 2026/2026
f 2010/2010 2028/2028 2078/2078
f 2009/2009 2024/2024 2010/2010
f 2174/2174 2175/2175 2177/2177
f 2174/2174 2177/2177 2164/2164
f 2178/2178 2164/2164 2177/2177
f 2183/2183 2185/2185 2178/2178
f 2164/2164 2165/2165 2166/2166
f 2164/2164 2178/2178 2165/2165
f 2175/2175 2182/2182 2177/2177
f 2181/2181 2182/2182 2175/2175
f 2177/2177 2182/2182 2183/2183
f 2177/2177 2183/2183 2178/2178
f 327/327 332/332 322/322
f 332/332 331/331 322/322
f 331/331 334/334 323/323
f 373/373 350/350 341/341
f 373/373 341/341 367/367
f 367/367 340/340 375/375
f 375/375 340/340 374/374
f 367/367 341/341 340/340
f 340/340 351/351 374/374
f 350/350 337/337 341/341
f 386/386 378/378 350/350
f 341/341 333/333 340/340
f 340/340 329/329 351/351
f 337/337 333/333 341/341
f 333/333 329/329 340/340
f 378/378 364/364 350/350
f 350/350 342/342 337/337
f 378/378 459/459 416/416
f 350/350 364/364 342/342
f 333/333 321/321 329/329
f 321/321 319/319 329/329
f 378/378 416/416 364/364
f 337/337 342/342 327/327
f 337/337 327/327 333/333
f 333/333 327/327 321/321
f 319/319 317/317 329/329
f 416/416 415/415 364/364
f 327/327 322/322 321/321
f 319/319 318/318 317/317
f 364/364 370/370 342/342
f 327/327 342/342 332/332
f 321/321 320/320 319/319
f 415/415 370/370 364/364
f 321/321 322/322 320/320
f 370/370 347/347 342/342
f 342/342 347/347 332/332
f 415/415 414/414 370/370
f 319/319 320/320 318/318
f 415/415 464/464 414/414
f 414/414 385/385 370/370
f 385/385 348/348 370/370
f 370/370 348/348 347/347
f 347/347 348/348 332/332
f 414/414 384/384 385/385
f 385/385 384/384 348/348
f 414/414 413/413 384/384
f 348/348 331/331 332/332
f 413/413 402/402 384/384
f 413/413 412/412 402/402
f 331/331 323/323 322/322
f 322/322 323/323 320/320
f 320/320 323/323 324/324
f 324/324 325/325 320/320
f 320/320 325/325 318/318
f 384/384 349/349 348/348
f 348/348 349/349 331/331
f 412/412 396/396 402/402
f 402/402 349/349 384/384
f 349/349 334/334 331/331
f 334/334 326/326 323/323
f 324/324 328/328 325/325
f 323/323 326/326 324/324
f 402/402 396/396 349/349
f 324/324 326/326 328/328
f 339/339 335/335 334/334
f 334/334 335/335 326/326
f 335/335 328/328 326/326
f 396/396 366/366 349/349
f 349/349 366/366 339/339
f 349/349 339/339 334/334
f 339/339 346/346 335/335
f 335/335 343/343 328/328
f 366/366 368/368 339/339
f 368/368 360/360 339/339
f 339/339 360/360 346/346
f 335/335 346/346 343/343
f 368/368 394/394 360/360
f 346/346 369/369 343/343
f 394/394 383/383 360/360
f 360/360 383/383 346/346
f 346/346 383/383 369/369
f 421/421 373/373 420/420
f 420/420 373/373 367/367
f 420/420 367/367 410/410
f 367/367 375/375 410/410
f 410/410 375/375 374/374
f 427/427 373/373 421/421
f 373/373 427/427 386/386
f 427/427 431/431 386/386
f 374/374 351/351 377/377
f 377/377 351/351 352/352
f 461/461 378/378 431/431
f 431/431 378/378 386/386
f 351/351 329/329 352/352
f 329/329 338/338 352/352
f 461/461 459/459 378/378
f 329/329 317/317 338/338
f 338/338 317/317 316/316
f 459/459 467/467 416/416
f 467/467 464/464 416/416
f 416/416 464/464 415/415
f 317/317 318/318 315/315
f 317/317 315/315 316/316
f 316/316 315/315 276/276
f 465/465 414/414 464/464
f 465/465 413/413 414/414
f 318/318 325/325 330/330
f 413/413 462/462 412/412
f 318/318 330/330 315/315
f 315/315 330/330 271/271
f 442/442 396/396 462/462
f 462/462 396/396 412/412
f 328/328 336/336 325/325
f 325/325 336/336 330/330
f 441/441 366/366 442/442
f 442/442 366/366 396/396
f 343/343 344/344 328/328
f 328/328 344/344 336/336
f 441/441 419/419 366/366
f 419/419 368/368 366/366
f 392/392 379/379 344/344
f 419/419 409/409 368/368
f 368/368 409/409 394/394
f 369/369 392/392 343/343
f 343/343 392/392 344/344
f 409/409 448/448 394/394
f 394/394 430/430 383/383
f 383/383 430/430 369/369
f 369/369 426/426 392/392
f 448/448 430/430 394/394
f 430/430 426/426 369/369
f 475/475 421/421 420/420
f 475/475 420/420 458/458
f 475/475 428/428 421/421
f 458/458 410/410 447/447
f 447/447 410/410 429/429
f 428/428 427/427 421/421
f 374/374 377/377 410/410
f 410/410 377/377 429/429
f 377/377 404/404 429/429
f 427/427 476/476 431/431
f 377/377 352/352 404/404
f 476/476 461/461 431/431
f 352/352 338/338 313/313
f 338/338 287/287 313/313
f 316/316 287/287 338/338
f 493/493 467/467 459/459
f 316/316 276/276 287/287
f 493/493 494/494 467/467
f 494/494 464/464 467/467
f 315/315 271/271 276/276
f 477/477 413/413 465/465
f 477/477 482/482 462/462
f 477/477 462/462 413/413
f 482/482 442/442 462/462
f 482/482 484/484 442/442
f 330/330 336/336 357/357
f 484/484 441/441 442/442
f 336/336 363/363 357/357
f 336/336 344/344 379/379
f 336/336 379/379 363/363
f 473/473 419/419 441/441
f 473/473 450/450 419/419
f 450/450 409/409 419/419
f 450/450 469/469 409/409
f 2367/2367 2369/2369 2368/2368
f 469/469 448/448 409/409
f 2369/2369 2370/2370 2368/2368
f 448/448 466/466 430/430
f 426/426 430/430 478/478
f 430/430 466/466 479/479
f 466/466 504/504 479/479
f 430/430 479/479 478/478
f 501/501 458/458 489/489
f 489/489 447/447 480/480
f 495/495 428/428 498/498
f 447/447 429/429 480/480
f 495/495 427/427 428/428
f 429/429 404/404 449/449
f 495/495 500/500 427/427
f 404/404 433/433 449/449
f 500/500 476/476 427/427
f 476/476 531/531 461/461
f 352/352 313/313 387/387
f 531/531 515/515 461/461
f 461/461 515/515 459/459
f 459/459 515/515 493/493
f 515/515 533/533 493/493
f 493/493 533/533 494/494
f 494/494 518/518 464/464
f 518/518 506/506 464/464
f 506/506 465/465 464/464
f 506/506 477/477 465/465
f 477/477 534/534 482/482
f 330/330 272/272 271/271
f 482/482 535/535 484/484
f 330/330 357/357 272/272
f 484/484 519/519 441/441
f 519/519 520/520 473/473
f 519/519 473/473 441/441
f 520/520 450/450 473/473
f 520/520 530/530 450/450
f 2367/2367 2365/2365 2366/2366
f 2367/2367 2368/2368 2365/2365
f 503/503 469/469 450/450
f 469/469 505/505 448/448
f 505/505 507/507 448/448
f 448/448 507/507 466/466
f 478/478 479/479 508/508
f 507/507 504/504 466/466
f 2119/2119 2111/2111 2125/2125
f 429/429 449/449 480/480
f 480/480 449/449 497/497
f 1944/1944 1826/1826 1832/1832
f 1944/1944 1832/1832 1958/1958
f 387/387 439/439 433/433
f 1958/1958 1832/1832 1912/1912
f 313/313 304/304 387/387
f 387/387 304/304 388/388
f 1912/1912 1904/1904 1953/1953
f 313/313 287/287 304/304
f 287/287 285/285 304/304
f 287/287 276/276 275/275
f 287/287 275/275 285/285
f 285/285 275/275 279/279
f 275/275 277/277 279/279
f 533/533 518/518 494/494
f 1926/1926 1856/1856 1948/1948
f 276/276 271/271 275/275
f 271/271 273/273 275/275
f 1948/1948 1856/1856 1927/1927
f 532/532 477/477 506/506
f 532/532 534/534 477/477
f 273/273 281/281 278/278
f 271/271 272/272 273/273
f 273/273 283/283 281/281
f 272/272 274/274 273/273
f 274/274 283/283 273/273
f 535/535 536/536 484/484
f 272/272 357/357 308/308
f 272/272 308/308 274/274
f 357/357 363/363 308/308
f 536/536 519/519 484/484
f 1913/1913 1882/1882 1935/1935
f 308/308 363/363 400/400
f 400/400 399/399 308/308
f 363/363 379/379 400/400
f 2366/2366 2365/2365 2363/2363
f 530/530 503/503 450/450
f 512/512 510/510 511/511
f 503/503 505/505 469/469
f 510/510 509/509 511/511
f 478/478 508/508 509/509
f 478/478 509/509 510/510
f 479/479 524/524 508/508
f 1074/1074 1078/1078 1013/1013
f 479/479 504/504 524/524
f 1074/1074 992/992 1057/1057
f 2116/2116 2120/2120 2106/2106
f 2106/2106 2120/2120 2100/2100
f 498/498 538/538 495/495
f 2120/2120 2121/2121 2100/2100
f 497/497 449/449 485/485
f 1925/1925 1944/1944 1974/1974
f 1925/1925 1826/1826 1944/1944
f 449/449 433/433 485/485
f 439/439 387/387 388/388
f 388/388 304/304 389/389
f 389/389 304/304 309/309
f 309/309 295/295 311/311
f 304/304 286/286 309/309
f 309/309 286/286 295/295
f 311/311 295/295 297/297
f 304/304 285/285 286/286
f 286/286 279/279 295/295
f 295/295 291/291 296/296
f 295/295 296/296 297/297
f 285/285 279/279 286/286
f 279/279 291/291 295/295
f 297/297 296/296 298/298
f 1904/1904 1905/1905 1953/1953
f 301/301 298/298 296/296
f 1953/1953 1905/1905 1938/1938
f 279/279 284/284 291/291
f 291/291 288/288 300/300
f 291/291 300/300 296/296
f 300/300 301/301 296/296
f 284/284 288/288 291/291
f 300/300 376/376 301/301
f 1905/1905 1859/1859 1938/1938
f 279/279 277/277 284/284
f 288/288 361/361 300/300
f 1859/1859 1848/1848 1926/1926
f 1938/1938 1859/1859 1926/1926
f 284/284 277/277 280/280
f 284/284 280/280 288/288
f 288/288 280/280 358/358
f 288/288 358/358 361/361
f 277/277 273/273 278/278
f 277/277 278/278 280/280
f 278/278 353/353 358/358
f 280/280 278/278 358/358
f 1856/1856 1849/1849 1927/1927
f 278/278 282/282 353/353
f 1927/1927 1849/1849 1931/1931
f 353/353 282/282 354/354
f 281/281 282/282 278/278
f 290/290 355/355 354/354
f 354/354 282/282 290/290
f 1932/1932 1855/1855 1946/1946
f 281/281 289/289 282/282
f 282/282 289/289 290/290
f 355/355 290/290 371/371
f 283/283 289/289 281/281
f 289/289 293/293 290/290
f 290/290 293/293 371/371
f 371/371 293/293 302/302
f 289/289 292/292 293/293
f 1946/1946 1892/1892 1913/1913
f 289/289 283/283 292/292
f 292/292 294/294 293/293
f 293/293 294/294 302/302
f 274/274 306/306 283/283
f 307/307 303/303 294/294
f 308/308 310/310 274/274
f 274/274 310/310 306/306
f 283/283 306/306 305/305
f 283/283 305/305 292/292
f 292/292 305/305 294/294
f 294/294 305/305 307/307
f 310/310 308/308 399/399
f 310/310 399/399 397/397
f 310/310 397/397 306/306
f 306/306 397/397 305/305
f 397/397 398/398 305/305
f 398/398 401/401 305/305
f 305/305 401/401 307/307
f 1882/1882 1884/1884 1935/1935
f 1884/1884 1936/1936 1935/1935
f 2363/2363 2361/2361 2360/2360
f 1884/1884 1911/1911 1936/1936
f 2363/2363 2365/2365 2364/2364
f 2363/2363 2364/2364 2361/2361
f 512/512 511/511 513/513
f 530/530 537/537 503/503
f 503/503 537/537 505/505
f 1091/1091 1026/1026 1078/1078
f 1058/1058 1035/1035 1095/1095
f 1026/1026 1013/1013 1078/1078
f 1057/1057 978/978 1058/1058
f 1074/1074 1013/1013 992/992
f 1925/1925 1974/1974 1975/1975
f 2121/2121 2118/2118 2104/2104
f 1925/1925 1821/1821 1826/1826
f 485/485 433/433 490/490
f 490/490 433/433 439/439
f 388/388 389/389 440/440
f 440/440 389/389 446/446
f 389/389 390/390 436/436
f 390/390 365/365 436/436
f 436/436 365/365 437/437
f 309/309 311/311 390/390
f 389/389 309/309 390/390
f 437/437 365/365 382/382
f 1832/1832 1817/1817 1912/1912
f 390/390 311/311 365/365
f 311/311 297/297 365/365
f 365/365 299/299 382/382
f 1912/1912 1817/1817 1904/1904
f 365/365 297/297 299/299
f 299/299 359/359 382/382
f 299/299 314/314 359/359
f 297/297 298/298 299/299
f 299/299 298/298 314/314
f 298/298 356/356 314/314
f 298/298 403/403 356/356
f 301/301 395/395 298/298
f 298/298 395/395 403/403
f 301/301 443/443 395/395
f 376/376 443/443 301/301
f 376/376 361/361 444/444
f 376/376 444/444 443/443
f 361/361 454/454 444/444
f 2574/2574 2566/2566 2572/2572
f 2538/2538 2535/2535 2574/2574
f 358/358 453/453 361/361
f 361/361 453/453 454/454
f 1848/1848 1856/1856 1926/1926
f 358/358 452/452 453/453
f 358/358 353/353 452/452
f 353/353 451/451 452/452
f 353/353 354/354 451/451
f 354/354 460/460 451/451
f 460/460 354/354 435/435
f 354/354 355/355 435/435
f 355/355 432/432 435/435
f 1931/1931 1855/1855 1932/1932
f 355/355 371/371 432/432
f 371/371 422/422 432/432
f 1855/1855 1892/1892 1946/1946
f 371/371 302/302 422/422
f 422/422 302/302 312/312
f 302/302 294/294 303/303
f 303/303 345/345 312/312
f 302/302 303/303 312/312
f 1892/1892 1877/1877 1913/1913
f 362/362 345/345 303/303
f 307/307 362/362 303/303
f 1913/1913 1877/1877 1882/1882
f 307/307 401/401 362/362
f 401/401 408/408 362/362
f 2360/2360 2361/2361 2356/2356
f 2360/2360 2356/2356 2358/2358
f 2358/2358 2356/2356 2352/2352
f 2358/2358 2352/2352 2357/2357
f 2357/2357 2352/2352 2351/2351
f 1884/1884 1874/1874 1911/1911
f 1874/1874 1896/1896 1911/1911
f 511/511 514/514 513/513
f 1940/1940 1969/1969 1911/1911
f 1896/1896 1940/1940 1911/1911
f 1114/1114 1036/1036 1091/1091
f 1091/1091 1036/1036 1026/1026
f 1095/1095 1035/1035 1085/1085
f 978/978 973/973 1058/1058
f 1058/1058 973/973 1035/1035
f 992/992 978/978 1057/1057
f 2108/2108 2107/2107 2103/2103
f 1922/1922 1821/1821 1925/1925
f 2104/2104 2118/2118 2095/2095
f 1826/1826 1821/1821 1815/1815
f 490/490 439/439 486/486
f 486/486 440/440 487/487
f 487/487 440/440 446/446
f 1826/1826 1815/1815 1814/1814
f 446/446 436/436 472/472
f 472/472 436/436 437/437
f 1814/1814 1817/1817 1832/1832
f 437/437 382/382 438/438
f 438/438 382/382 418/418
f 382/382 359/359 418/418
f 1817/1817 1822/1822 1904/1904
f 1904/1904 1822/1822 1905/1905
f 403/403 405/405 356/356
f 395/395 491/491 403/403
f 443/443 491/491 395/395
f 2566/2566 2561/2561 2567/2567
f 2572/2572 2566/2566 2567/2567
f 2574/2574 2565/2565 2566/2566
f 2565/2565 2562/2562 2566/2566
f 2574/2574 2535/2535 2565/2565
f 1844/1844 1856/1856 1848/1848
f 1856/1856 1844/1844 1849/1849
f 1587/1587 1577/1577 1550/1550
f 1577/1577 1575/1575 1545/1545
f 496/496 422/422 445/445
f 312/312 345/345 372/372
f 391/391 411/411 345/345
f 362/362 391/391 345/345
f 1877/1877 1869/1869 1882/1882
f 2350/2350 2346/2346 2340/2340
f 2350/2350 2340/2340 2341/2341
f 2340/2340 2331/2331 2341/2341
f 1882/1882 1869/1869 1871/1871
f 1882/1882 1871/1871 1884/1884
f 2351/2351 2347/2347 2346/2346
f 2356/2356 2355/2355 2352/2352
f 2351/2351 2352/2352 2347/2347
f 2352/2352 2348/2348 2347/2347
f 1884/1884 1871/1871 1874/1874
f 522/522 525/525 526/526
f 526/526 525/525 527/527
f 2355/2355 2348/2348 2352/2352
f 513/513 521/521 522/522
f 514/514 521/521 513/513
f 1085/1085 1024/1024 1064/1064
f 1114/1114 1102/1102 1036/1036
f 1085/1085 1035/1035 1024/1024
f 973/973 1024/1024 1035/1035
f 1026/1026 967/967 1013/1013
f 1013/1013 950/950 992/992
f 992/992 950/950 955/955
f 992/992 955/955 978/978
f 2101/2101 2100/2100 2098/2098
f 2117/2117 2124/2124 2105/2105
f 487/487 446/446 483/483
f 446/446 472/472 483/483
f 472/472 437/437 483/483
f 2081/2081 2072/2072 2067/2067
f 2072/2072 2070/2070 2067/2067
f 2067/2067 2070/2070 2050/2050
f 2070/2070 2052/2052 2050/2050
f 2050/2050 2052/2052 2051/2051
f 2052/2052 2058/2058 2051/2051
f 359/359 393/393 417/417
f 359/359 314/314 393/393
f 314/314 356/356 405/405
f 314/314 405/405 393/393
f 1822/1822 1831/1831 1905/1905
f 403/403 491/491 405/405
f 2567/2567 2561/2561 2564/2564
f 2561/2561 2553/2553 2564/2564
f 2567/2567 2564/2564 2570/2570
f 2562/2562 2561/2561 2566/2566
f 2535/2535 2533/2533 2565/2565
f 2538/2538 2534/2534 2535/2535
f 1931/1931 1849/1849 1855/1855
f 1550/1550 1544/1544 1548/1548
f 1575/1575 1576/1576 1546/1546
f 445/445 372/372 474/474
f 372/372 423/423 474/474
f 372/372 380/380 423/423
f 345/345 380/380 372/372
f 380/380 345/345 381/381
f 345/345 411/411 381/381
f 2341/2341 2331/2331 2321/2321
f 2340/2340 2346/2346 2335/2335
f 2340/2340 2335/2335 2331/2331
f 2347/2347 2342/2342 2346/2346
f 2346/2346 2342/2342 2335/2335
f 2347/2347 2348/2348 2342/2342
f 525/525 528/528 527/527
f 1099/1099 1048/1048 1090/1090
f 527/527 528/528 529/529
f 1097/1097 1090/1090 1047/1047
f 1047/1047 1042/1042 1097/1097
f 522/522 523/523 525/525
f 1896/1896 1885/1885 1940/1940
f 1036/1036 972/972 1026/1026
f 967/967 950/950 1013/1013
f 955/955 922/922 978/978
f 978/978 922/922 973/973
f 220/220 221/221 254/254
f 1922/1922 1820/1820 1821/1821
f 2095/2095 2117/2117 2105/2105
f 1821/1821 1820/1820 1815/1815
f 2067/2067 2050/2050 2049/2049
f 2050/2050 2051/2051 2047/2047
f 1810/1810 1817/1817 1814/1814
f 1817/1817 1809/1809 1822/1822
f 2058/2058 2054/2054 2051/2051
f 1822/1822 1809/1809 1819/1819
f 417/417 393/393 434/434
f 393/393 407/407 434/434
f 1819/1819 1831/1831 1822/1822
f 393/393 406/406 407/407
f 1831/1831 1845/1845 1905/1905
f 1905/1905 1845/1845 1859/1859
f 2570/2570 2569/2569 2575/2575
f 2570/2570 2564/2564 2569/2569
f 2553/2553 2557/2557 2564/2564
f 2561/2561 2554/2554 2553/2553
f 2562/2562 2555/2555 2561/2561
f 2555/2555 2554/2554 2561/2561
f 1845/1845 1848/1848 1859/1859
f 2565/2565 2560/2560 2562/2562
f 2560/2560 2555/2555 2562/2562
f 2533/2533 2560/2560 2565/2565
f 1848/1848 1843/1843 1844/1844
f 1844/1844 1846/1846 1849/1849
f 1855/1855 1846/1846 1854/1854
f 1855/1855 1854/1854 1892/1892
f 1546/1546 1573/1573 1561/1561
f 1892/1892 1881/1881 1877/1877
f 1877/1877 1872/1872 1869/1869
f 2335/2335 2326/2326 2331/2331
f 1871/1871 1868/1868 1874/1874
f 2348/2348 2349/2349 2342/2342
f 2349/2349 2343/2343 2342/2342
f 1056/1056 1048/1048 1099/1099
f 1048/1048 1046/1046 1090/1090
f 1090/1090 1046/1046 1047/1047
f 1874/1874 1885/1885 1896/1896
f 1064/1064 1010/1010 1056/1056
f 1024/1024 1012/1012 1064/1064
f 1012/1012 1010/1010 1064/1064
f 1102/1102 1063/1063 1036/1036
f 968/968 1012/1012 1024/1024
f 1036/1036 1063/1063 972/972
f 972/972 967/967 1026/1026
f 936/936 968/968 973/973
f 973/973 968/968 1024/1024
f 950/950 921/921 955/955
f 921/921 922/922 955/955
f 922/922 936/936 973/973
f 79/79 107/107 118/118
f 1922/1922 1933/1933 1820/1820
f 2105/2105 2123/2123 2089/2089
f 1820/1820 1813/1813 1815/1815
f 2084/2084 2081/2081 2071/2071
f 2081/2081 2067/2067 2071/2071
f 2071/2071 2067/2067 2068/2068
f 1813/1813 1810/1810 1814/1814
f 1810/1810 1809/1809 1817/1817
f 2047/2047 2051/2051 2053/2053
f 2051/2051 2054/2054 2053/2053
f 481/481 455/455 406/406
f 405/405 481/481 406/406
f 1845/1845 1843/1843 1848/1848
f 2532/2532 2533/2533 2534/2534
f 1526/1526 1544/1544 1521/1521
f 1527/1527 1546/1546 1528/1528
f 1881/1881 1872/1872 1877/1877
f 2339/2339 2317/2317 2316/2316
f 2321/2321 2317/2317 2339/2339
f 2321/2321 2320/2320 2317/2317
f 2331/2331 2322/2322 2321/2321
f 1871/1871 1869/1869 1868/1868
f 2331/2331 2326/2326 2322/2322
f 1868/1868 1870/1870 1874/1874
f 2335/2335 2336/2336 2326/2326
f 2342/2342 2336/2336 2335/2335
f 2342/2342 2343/2343 2336/2336
f 1059/1059 1014/1014 1062/1062
f 1870/1870 1885/1885 1874/1874
f 1010/1010 1011/1011 1056/1056
f 1056/1056 1011/1011 1048/1048
f 1885/1885 1962/1962 1940/1940
f 967/967 972/972 935/935
f 967/967 935/935 950/950
f 2046/2046 2047/2047 2057/2057
f 2053/2053 2054/2054 2055/2055
f 2054/2054 2056/2056 2055/2055
f 2059/2059 2060/2060 2056/2056
f 407/407 456/456 457/457
f 406/406 455/455 407/407
f 407/407 455/455 456/456
f 2569/2569 2568/2568 2573/2573
f 2558/2558 2568/2568 2569/2569
f 2550/2550 2554/2554 2555/2555
f 1561/1561 1586/1586 1547/1547
f 424/424 381/381 425/425
f 2320/2320 2319/2319 2317/2317
f 2322/2322 2323/2323 2320/2320
f 2326/2326 2325/2325 2322/2322
f 1006/1006 1014/1014 1059/1059
f 1011/1011 994/994 1048/1048
f 1048/1048 994/994 1046/1046
f 1046/1046 994/994 993/993
f 1046/1046 993/993 1047/1047
f 1047/1047 993/993 1042/1042
f 993/993 1006/1006 1042/1042
f 1012/1012 942/942 1010/1010
f 936/936 928/928 968/968
f 950/950 935/935 921/921
f 156/156 205/205 221/221
f 1820/1820 1816/1816 1813/1813
f 1813/1813 1816/1816 1811/1811
f 1813/1813 1811/1811 1810/1810
f 1810/1810 1811/1811 1808/1808
f 1810/1810 1808/1808 1809/1809
f 1809/1809 1808/1808 1807/1807
f 1809/1809 1807/1807 1819/1819
f 1819/1819 1807/1807 1831/1831
f 2568/2568 2571/2571 2573/2573
f 2558/2558 2559/2559 2568/2568
f 2557/2557 2545/2545 2558/2558
f 2553/2553 2542/2542 2557/2557
f 2554/2554 2543/2543 2553/2553
f 2543/2543 2542/2542 2553/2553
f 2550/2550 2543/2543 2554/2554
f 1845/1845 1837/1837 1843/1843
f 1843/1843 1839/1839 1844/1844
f 2533/2533 2532/2532 2529/2529
f 2316/2316 2317/2317 2310/2310
f 2317/2317 2318/2318 2310/2310
f 1872/1872 1866/1866 1869/1869
f 2319/2319 2318/2318 2317/2317
f 2320/2320 2324/2324 2319/2319
f 1869/1869 1866/1866 1868/1868
f 2320/2320 2323/2323 2324/2324
f 2322/2322 2325/2325 2323/2323
f 1868/1868 1867/1867 1870/1870
f 2326/2326 2336/2336 2325/2325
f 1870/1870 1879/1879 1885/1885
f 1010/1010 941/941 1011/1011
f 941/941 994/994 1011/1011
f 1885/1885 1952/1952 1962/1962
f 1012/1012 968/968 942/942
f 905/905 928/928 936/936
f 1827/1827 1816/1816 1820/1820
f 2045/2045 2046/2046 2044/2044
f 2061/2061 2060/2060 2062/2062
f 1807/1807 1829/1829 1831/1831
f 457/457 456/456 463/463
f 456/456 488/488 463/463
f 2568/2568 2552/2552 2571/2571
f 1829/1829 1836/1836 1831/1831
f 2558/2558 2546/2546 2559/2559
f 2559/2559 2552/2552 2568/2568
f 1831/1831 1836/1836 1845/1845
f 2545/2545 2546/2546 2558/2558
f 2557/2557 2542/2542 2545/2545
f 1836/1836 1837/1837 1845/1845
f 2560/2560 2550/2550 2555/2555
f 2533/2533 2529/2529 2560/2560
f 2529/2529 2550/2550 2560/2560
f 1837/1837 1839/1839 1843/1843
f 2532/2532 2527/2527 2529/2529
f 2524/2524 2527/2527 2532/2532
f 1844/1844 1839/1839 1846/1846
f 1839/1839 1842/1842 1846/1846
f 1541/1541 1540/1540 1539/1539
f 1846/1846 1842/1842 1854/1854
f 1853/1853 1880/1880 1854/1854
f 1854/1854 1880/1880 1881/1881
f 425/425 471/471 470/470
f 1880/1880 1873/1873 1881/1881
f 2316/2316 2310/2310 2307/2307
f 1881/1881 1873/1873 1872/1872
f 2173/2173 2168/2168 2172/2172
f 2168/2168 2169/2169 2172/2172
f 2173/2173 2174/2174 2168/2168
f 1872/1872 1873/1873 1866/1866
f 2176/2176 2175/2175 2173/2173
f 2175/2175 2174/2174 2173/2173
f 1866/1866 1867/1867 1868/1868
f 2336/2336 2337/2337 2325/2325
f 1014/1014 949/949 1062/1062
f 1006/1006 876/876 1014/1014
f 941/941 939/939 994/994
f 994/994 939/939 993/993
f 993/993 939/939 951/951
f 993/993 951/951 1006/1006
f 951/951 876/876 1006/1006
f 1010/1010 942/942 941/941
f 1885/1885 1879/1879 1952/1952
f 1063/1063 1076/1076 995/995
f 1063/1063 995/995 972/972
f 928/928 942/942 968/968
f 972/972 995/995 954/954
f 972/972 954/954 935/935
f 935/935 919/919 921/921
f 921/921 911/911 922/922
f 911/911 903/903 922/922
f 903/903 905/905 922/922
f 922/922 905/905 936/936
f 2046/2046 2022/2022 2044/2044
f 2046/2046 2030/2030 2022/2022
f 2062/2062 2063/2063 2064/2064
f 2546/2546 2547/2547 2559/2559
f 2559/2559 2547/2547 2552/2552
f 1842/1842 1853/1853 1854/1854
f 470/470 471/471 499/499
f 2310/2310 2306/2306 2307/2307
f 2169/2169 2170/2170 2172/2172
f 2174/2174 2164/2164 2168/2168
f 2168/2168 2164/2164 2166/2166
f 2168/2168 2166/2166 2169/2169
f 2324/2324 2323/2323 2327/2327
f 2323/2323 2325/2325 2327/2327
f 876/876 943/943 1014/1014
f 954/954 919/919 935/935
f 921/921 919/919 911/911
f 2022/2022 2019/2019 2044/2044
f 2022/2022 2021/2021 2019/2019
f 2022/2022 2023/2023 2021/2021
f 1808/1808 1805/1805 1807/1807
f 1805/1805 1806/1806 1807/1807
f 2571/2571 2563/2563 2578/2578
f 2552/2552 2563/2563 2571/2571
f 2543/2543 2539/2539 2542/2542
f 2540/2540 2539/2539 2543/2543
f 2529/2529 2528/2528 2550/2550
f 2527/2527 2523/2523 2528/2528
f 2527/2527 2528/2528 2529/2529
f 2524/2524 2523/2523 2527/2527
f 471/471 516/516 499/499
f 2307/2307 2306/2306 2301/2301
f 2310/2310 2345/2345 2306/2306
f 2169/2169 2166/2166 2170/2170
f 1873/1873 1864/1864 1866/1866
f 1866/1866 1865/1865 1867/1867
f 2324/2324 2327/2327 2332/2332
f 2327/2327 2330/2330 2332/2332
f 1867/1867 1875/1875 1870/1870
f 2337/2337 2328/2328 2325/2325
f 1870/1870 1875/1875 1879/1879
f 943/943 949/949 1014/1014
f 951/951 865/865 876/876
f 942/942 857/857 941/941
f 941/941 855/855 939/939
f 939/939 865/865 951/951
f 1879/1879 1893/1893 1952/1952
f 928/928 885/885 942/942
f 995/995 996/996 954/954
f 954/954 923/923 919/919
f 2085/2085 2073/2073 2075/2075
f 1827/1827 1833/1833 1816/1816
f 1816/1816 1833/1833 1818/1818
f 1816/1816 1812/1812 1811/1811
f 2044/2044 2019/2019 2018/2018
f 1811/1811 1812/1812 1805/1805
f 1811/1811 1805/1805 1808/1808
f 1807/1807 1806/1806 1825/1825
f 2064/2064 2063/2063 2036/2036
f 1807/1807 1825/1825 1829/1829
f 2578/2578 2563/2563 2580/2580
f 2545/2545 2544/2544 2546/2546
f 2546/2546 2544/2544 2547/2547
f 1829/1829 1825/1825 1830/1830
f 1829/1829 1830/1830 1836/1836
f 2542/2542 2541/2541 2544/2544
f 2542/2542 2544/2544 2545/2545
f 2539/2539 2541/2541 2542/2542
f 1836/1836 1830/1830 1837/1837
f 2549/2549 2540/2540 2543/2543
f 2550/2550 2549/2549 2543/2543
f 2528/2528 2549/2549 2550/2550
f 1837/1837 1838/1838 1839/1839
f 1523/1523 1536/1536 1529/1529
f 1853/1853 1852/1852 1878/1878
f 1853/1853 1878/1878 1880/1880
f 2306/2306 2303/2303 2301/2301
f 1880/1880 1878/1878 1873/1873
f 1878/1878 1864/1864 1873/1873
f 2166/2166 2165/2165 2167/2167
f 2166/2166 2167/2167 2170/2170
f 1864/1864 1865/1865 1866/1866
f 2678/2678 2676/2676 2675/2675
f 2332/2332 2330/2330 2333/2333
f 2328/2328 2329/2329 2327/2327
f 857/857 855/855 941/941
f 855/855 856/856 939/939
f 939/939 856/856 865/865
f 885/885 857/857 942/942
f 1076/1076 996/996 995/995
f 928/928 910/910 885/885
f 996/996 966/966 954/954
f 954/954 966/966 923/923
f 905/905 910/910 928/928
f 919/919 923/923 914/914
f 919/919 914/914 911/911
f 914/914 901/901 911/911
f 911/911 901/901 903/903
f 2018/2018 2019/2019 2016/2016
f 2018/2018 2016/2016 2017/2017
f 2019/2019 2020/2020 2016/2016
f 2580/2580 2563/2563 2576/2576
f 2552/2552 2556/2556 2563/2563
f 2544/2544 2548/2548 2547/2547
f 2547/2547 2548/2548 2552/2552
f 2552/2552 2548/2548 2556/2556
f 1830/1830 1838/1838 1837/1837
f 1839/1839 1841/1841 1842/1842
f 1842/1842 1852/1852 1853/1853
f 2170/2170 2167/2167 2171/2171
f 2345/2345 2314/2314 2306/2306
f 2327/2327 2329/2329 2330/2330
f 1867/1867 1876/1876 1875/1875
f 1022/1022 948/948 990/990
f 949/949 948/948 1022/1022
f 943/943 881/881 949/949
f 860/860 867/867 876/876
f 876/876 867/867 943/943
f 856/856 858/858 865/865
f 858/858 860/860 865/865
f 865/865 860/860 876/876
f 1076/1076 1079/1079 996/996
f 1945/1945 1909/1909 1833/1833
f 2043/2043 2042/2042 2069/2069
f 2043/2043 2017/2017 2042/2042
f 1818/1818 1823/1823 1812/1812
f 2020/2020 2009/2009 2016/2016
f 2016/2016 2009/2009 2011/2011
f 2016/2016 2011/2011 2013/2013
f 1812/1812 1823/1823 1805/1805
f 2028/2028 2077/2077 2076/2076
f 2078/2078 2028/2028 2076/2076
f 2563/2563 2556/2556 2576/2576
f 2544/2544 2551/2551 2548/2548
f 2544/2544 2541/2541 2551/2551
f 2539/2539 2540/2540 2541/2541
f 1838/1838 1840/1840 1839/1839
f 1839/1839 1840/1840 1841/1841
f 2306/2306 2314/2314 2303/2303
f 2167/2167 2165/2165 2179/2179
f 2354/2354 2353/2353 2338/2338
f 2675/2675 2676/2676 2677/2677
f 2680/2680 2675/2675 2677/2677
f 2362/2362 2333/2333 2359/2359
f 2359/2359 2333/2333 2313/2313
f 1865/1865 1876/1876 1867/1867
f 2333/2333 2330/2330 2311/2311
f 2333/2333 2311/2311 2313/2313
f 2330/2330 2329/2329 2311/2311
f 1875/1875 1886/1886 1893/1893
f 949/949 881/881 948/948
f 1893/1893 1886/1886 1928/1928
f 943/943 867/867 881/881
f 1120/1120 1079/1079 1076/1076
f 857/857 845/845 855/855
f 1079/1079 1023/1023 996/996
f 996/996 1023/1023 966/966
f 910/910 905/905 887/887
f 903/903 890/890 905/905
f 1818/1818 1834/1834 1823/1823
f 2009/2009 2010/2010 2011/2011
f 2011/2011 2010/2010 2012/2012
f 2011/2011 2012/2012 2013/2013
f 2010/2010 2076/2076 2012/2012
f 1825/1825 1806/1806 1828/1828
f 2556/2556 2577/2577 2576/2576
f 1191/1191 1173/1173 1208/1208
f 1190/1190 1172/1172 1191/1191
f 1195/1195 1174/1174 1175/1175
f 1195/1195 1175/1175 1190/1190
f 1196/1196 1174/1174 1195/1195
f 1206/1206 1189/1189 1198/1198
f 2531/2531 2530/2530 2523/2523
f 2523/2523 2530/2530 2528/2528
f 1878/1878 1863/1863 1864/1864
f 2338/2338 2315/2315 2314/2314
f 2315/2315 2304/2304 2314/2314
f 2314/2314 2304/2304 2303/2303
f 1864/1864 1863/1863 1862/1862
f 2353/2353 2344/2344 2338/2338
f 2338/2338 2344/2344 2315/2315
f 1864/1864 1862/1862 1865/1865
f 2353/2353 2362/2362 2344/2344
f 2362/2362 2359/2359 2344/2344
f 2359/2359 2312/2312 2344/2344
f 1865/1865 1862/1862 1876/1876
f 2359/2359 2313/2313 2312/2312
f 2313/2313 2311/2311 2312/2312
f 990/990 991/991 1055/1055
f 1875/1875 1876/1876 1886/1886
f 920/920 991/991 990/990
f 948/948 920/920 990/990
f 881/881 920/920 948/948
f 858/858 859/859 860/860
f 1893/1893 1928/1928 1968/1968
f 910/910 874/874 885/885
f 923/923 924/924 914/914
f 901/901 890/890 903/903
f 890/890 887/887 905/905
f 2015/2015 2038/2038 2040/2040
f 2015/2015 2013/2013 2014/2014
f 2015/2015 2014/2014 2038/2038
f 2013/2013 2012/2012 2014/2014
f 2014/2014 2037/2037 2038/2038
f 1805/1805 1804/1804 1806/1806
f 2012/2012 2048/2048 2014/2014
f 2014/2014 2048/2048 2037/2037
f 2048/2048 2034/2034 2037/2037
f 1173/1173 1209/1209 1208/1208
f 1172/1172 1173/1173 1191/1191
f 1825/1825 1851/1851 1830/1830
f 1175/1175 1172/1172 1190/1190
f 1196/1196 1176/1176 1174/1174
f 1189/1189 1176/1176 1198/1198
f 1198/1198 1176/1176 1196/1196
f 1206/1206 1205/1205 1189/1189
f 1838/1838 1850/1850 1847/1847
f 1838/1838 1847/1847 1840/1840
f 1840/1840 1847/1847 1841/1841
f 1841/1841 1857/1857 1852/1852
f 1852/1852 1857/1857 1878/1878
f 2344/2344 2334/2334 2315/2315
f 2315/2315 2334/2334 2308/2308
f 2315/2315 2308/2308 2304/2304
f 2344/2344 2312/2312 2334/2334
f 2312/2312 2308/2308 2334/2334
f 2312/2312 2311/2311 2308/2308
f 881/881 882/882 920/920
f 860/860 866/866 867/867
f 866/866 882/882 881/881
f 867/867 866/866 881/881
f 848/848 853/853 855/855
f 855/855 853/853 856/856
f 856/856 853/853 858/858
f 858/858 853/853 859/859
f 874/874 845/845 857/857
f 845/845 848/848 855/855
f 887/887 874/874 910/910
f 1834/1834 1824/1824 1823/1823
f 2040/2040 2038/2038 2039/2039
f 1805/1805 1823/1823 1803/1803
f 2038/2038 2037/2037 2033/2033
f 1805/1805 1803/1803 1804/1804
f 1806/1806 1804/1804 1828/1828
f 1173/1173 1161/1161 1209/1209
f 1172/1172 1151/1151 1173/1173
f 1825/1825 1828/1828 1851/1851
f 1175/1175 1174/1174 1157/1157
f 1175/1175 1157/1157 1172/1172
f 1830/1830 1851/1851 1838/1838
f 1851/1851 1850/1850 1838/1838
f 1149/1149 1147/1147 1207/1207
f 1207/1207 1147/1147 1205/1205
f 1847/1847 1858/1858 1841/1841
f 1858/1858 1857/1857 1841/1841
f 1857/1857 1883/1883 1878/1878
f 1883/1883 1863/1863 1878/1878
f 2304/2304 2308/2308 2305/2305
f 882/882 963/963 920/920
f 1886/1886 1919/1919 1928/1928
f 966/966 956/956 923/923
f 212/212 251/251 211/211
f 1834/1834 1791/1791 1824/1824
f 1823/1823 1824/1824 1803/1803
f 1157/1157 1144/1144 1172/1172
f 1172/1172 1144/1144 1151/1151
f 1176/1176 1156/1156 1174/1174
f 1189/1189 1177/1177 1176/1176
f 1205/1205 1177/1177 1189/1189
f 1851/1851 1901/1901 1850/1850
f 1149/1149 1148/1148 1147/1147
f 1858/1858 1888/1888 1857/1857
f 1888/1888 1883/1883 1857/1857
f 1045/1045 1110/1110 1115/1115
f 1045/1045 1044/1044 1070/1070
f 991/991 1044/1044 1045/1045
f 1876/1876 1887/1887 1886/1886
f 882/882 979/979 963/963
f 859/859 946/946 866/866
f 866/866 946/946 979/979
f 848/848 847/847 853/853
f 853/853 854/854 859/859
f 1079/1079 1054/1054 1023/1023
f 1890/1890 1791/1791 1834/1834
f 1804/1804 1733/1733 1828/1828
f 1158/1158 1159/1159 1160/1160
f 1151/1151 1158/1158 1161/1161
f 1144/1144 1145/1145 1151/1151
f 1151/1151 1145/1145 1158/1158
f 1177/1177 1156/1156 1176/1176
f 1851/1851 1902/1902 1901/1901
f 1147/1147 1177/1177 1205/1205
f 1226/1226 1339/1339 1372/1372
f 1372/1372 1339/1339 1282/1282
f 1863/1863 1780/1780 1862/1862
f 1862/1862 1792/1792 1876/1876
f 1876/1876 1792/1792 1887/1887
f 946/946 1041/1041 979/979
f 859/859 854/854 945/945
f 874/874 873/873 845/845
f 1023/1023 1019/1019 966/966
f 888/888 886/886 887/887
f 923/923 956/956 924/924
f 901/901 891/891 890/890
f 891/891 889/889 890/890
f 890/890 889/889 887/887
f 1939/1939 1906/1906 1909/1909
f 1906/1906 1890/1890 1909/1909
f 1162/1162 1228/1228 1227/1227
f 1828/1828 1733/1733 1851/1851
f 1177/1177 1150/1150 1156/1156
f 1222/1222 1200/1200 1226/1226
f 1147/1147 1150/1150 1177/1177
f 1339/1339 1217/1217 1275/1275
f 1780/1780 1784/1784 1862/1862
f 1862/1862 1784/1784 1792/1792
f 1379/1379 1366/1366 1374/1374
f 1041/1041 1066/1066 979/979
f 1004/1004 1041/1041 946/946
f 945/945 1004/1004 946/946
f 853/853 847/847 854/854
f 848/848 845/845 847/847
f 1968/1968 1919/1919 1965/1965
f 874/874 886/886 873/873
f 1023/1023 1054/1054 1019/1019
f 887/887 886/886 874/874
f 966/966 1019/1019 956/956
f 887/887 889/889 888/888
f 956/956 925/925 924/924
f 924/924 925/925 914/914
f 1791/1791 1735/1735 1824/1824
f 1824/1824 1735/1735 1803/1803
f 1735/1735 1731/1731 1803/1803
f 1803/1803 1731/1731 1732/1732
f 1803/1803 1732/1732 1804/1804
f 1146/1146 1229/1229 1228/1228
f 1804/1804 1732/1732 1733/1733
f 1145/1145 1143/1143 1146/1146
f 1150/1150 1135/1135 1141/1141
f 1150/1150 1141/1141 1156/1156
f 1888/1888 1915/1915 1883/1883
f 1883/1883 1780/1780 1863/1863
f 945/945 934/934 1004/1004
f 844/844 849/849 847/847
f 847/847 849/849 854/854
f 854/854 934/934 945/945
f 914/914 915/915 901/901
f 1139/1139 1140/1140 1143/1143
f 1135/1135 1139/1139 1141/1141
f 1733/1733 1903/1903 1902/1902
f 1147/1147 1134/1134 1150/1150
f 1148/1148 1152/1152 1137/1137
f 1148/1148 1137/1137 1147/1147
f 1787/1787 1780/1780 1883/1883
f 1792/1792 1801/1801 1887/1887
f 1379/1379 1380/1380 1362/1362
f 1887/1887 1801/1801 1919/1919
f 934/934 982/982 1004/1004
f 854/854 849/849 879/879
f 854/854 879/879 934/934
f 1221/1221 1200/1200 1222/1222
f 1200/1200 1186/1186 1171/1171
f 1171/1171 1186/1186 1169/1169
f 1169/1169 1186/1186 1182/1182
f 1169/1169 1168/1168 1167/1167
f 1167/1167 1168/1168 1165/1165
f 1167/1167 1165/1165 1166/1166
f 1152/1152 1153/1153 1137/1137
f 982/982 1105/1105 1004/1004
f 1004/1004 1105/1105 1104/1104
f 934/934 879/879 982/982
f 844/844 878/878 849/849
f 1919/1919 1964/1964 1965/1965
f 1019/1019 975/975 956/956
f 925/925 915/915 914/914
f 1890/1890 1694/1694 1791/1791
f 1735/1735 1693/1693 1731/1731
f 1221/1221 1199/1199 1200/1200
f 1200/1200 1199/1199 1186/1186
f 1182/1182 1181/1181 1169/1169
f 1169/1169 1181/1181 1168/1168
f 1168/1168 1181/1181 1165/1165
f 1165/1165 1181/1181 1180/1180
f 1180/1180 1163/1163 1165/1165
f 2643/2643 2647/2647 2649/2649
f 1784/1784 1780/1780 1761/1761
f 1784/1784 1761/1761 1772/1772
f 1784/1784 1772/1772 1792/1792
f 1792/1792 1772/1772 1801/1801
f 1772/1772 1776/1776 1801/1801
f 1355/1355 1338/1338 1354/1354
f 982/982 1106/1106 1105/1105
f 1919/1919 1801/1801 1802/1802
f 879/879 981/981 982/982
f 878/878 879/879 849/849
f 1919/1919 1802/1802 1964/1964
f 1054/1054 1053/1053 1019/1019
f 956/956 975/975 925/925
f 901/901 904/904 891/891
f 904/904 892/892 891/891
f 1939/1939 1899/1899 1906/1906
f 1694/1694 1690/1690 1791/1791
f 1690/1690 1693/1693 1735/1735
f 1791/1791 1690/1690 1735/1735
f 1693/1693 1692/1692 1731/1731
f 1731/1731 1692/1692 1696/1696
f 1731/1731 1696/1696 1732/1732
f 1732/1732 1696/1696 1733/1733
f 1137/1137 1131/1131 1134/1134
f 1185/1185 1183/1183 1182/1182
f 1182/1182 1183/1183 1181/1181
f 1183/1183 1184/1184 1181/1181
f 1184/1184 1187/1187 1180/1180
f 1181/1181 1184/1184 1180/1180
f 1187/1187 1179/1179 1180/1180
f 1179/1179 1178/1178 1153/1153
f 1787/1787 1758/1758 1780/1780
f 1780/1780 1758/1758 1761/1761
f 1355/1355 1347/1347 1338/1338
f 2200/2200 2199/2199 2201/2201
f 1801/1801 1776/1776 1802/1802
f 879/879 878/878 981/981
f 847/847 845/845 844/844
f 1053/1053 975/975 1019/1019
f 1906/1906 1899/1899 1694/1694
f 1696/1696 1717/1717 1733/1733
f 1733/1733 1717/1717 1903/1903
f 1185/1185 1192/1192 1183/1183
f 1192/1192 1184/1184 1183/1183
f 1178/1178 1138/1138 1153/1153
f 1187/1187 1188/1188 1179/1179
f 1179/1179 1188/1188 1178/1178
f 1787/1787 1779/1779 1758/1758
f 2196/2196 2195/2195 2199/2199
f 2200/2200 2197/2197 2196/2196
f 878/878 980/980 981/981
f 925/925 926/926 915/915
f 915/915 904/904 901/901
f 1131/1131 1130/1130 1126/1126
f 1221/1221 1225/1225 1204/1204
f 1221/1221 1204/1204 1199/1199
f 1153/1153 1138/1138 1136/1136
f 1184/1184 1192/1192 1201/1201
f 1201/1201 1202/1202 1184/1184
f 1184/1184 1202/1202 1187/1187
f 1187/1187 1202/1202 1188/1188
f 1188/1188 1193/1193 1178/1178
f 1178/1178 1193/1193 1194/1194
f 889/889 895/895 888/888
f 891/891 892/892 889/889
f 1949/1949 1684/1684 1899/1899
f 1690/1690 1656/1656 1693/1693
f 1693/1693 1656/1656 1692/1692
f 1692/1692 1656/1656 1655/1655
f 1692/1692 1655/1655 1654/1654
f 1692/1692 1654/1654 1696/1696
f 1696/1696 1654/1654 1717/1717
f 1204/1204 1214/1214 1192/1192
f 1178/1178 1194/1194 1138/1138
f 1213/1213 1212/1212 1192/1192
f 1212/1212 1210/1210 1192/1192
f 1192/1192 1210/1210 1201/1201
f 1202/1202 1211/1211 1188/1188
f 1188/1188 1211/1211 1193/1193
f 1193/1193 1211/1211 1203/1203
f 1766/1766 1753/1753 1758/1758
f 1779/1779 1766/1766 1758/1758
f 1758/1758 1754/1754 1761/1761
f 1761/1761 1754/1754 1756/1756
f 1761/1761 1756/1756 1772/1772
f 1772/1772 1756/1756 1776/1776
f 1776/1776 1788/1788 1802/1802
f 980/980 1112/1112 1111/1111
f 878/878 877/877 980/980
f 878/878 844/844 877/877
f 1802/1802 1788/1788 1963/1963
f 1802/1802 1963/1963 1964/1964
f 975/975 976/976 925/925
f 925/925 976/976 926/926
f 895/895 896/896 888/888
f 888/888 896/896 886/886
f 1694/1694 1684/1684 1660/1660
f 1694/1694 1660/1660 1690/1690
f 1690/1690 1660/1660 1656/1656
f 1654/1654 1697/1697 1717/1717
f 1504/1504 1499/1499 1503/1503
f 1194/1194 1197/1197 1138/1138
f 1214/1214 1213/1213 1192/1192
f 1193/1193 1203/1203 1194/1194
f 1448/1448 1433/1433 1456/1456
f 1456/1456 1433/1433 1454/1454
f 1758/1758 1753/1753 1754/1754
f 1756/1756 1768/1768 1776/1776
f 2198/2198 2187/2187 2197/2197
f 1776/1776 1768/1768 1788/1788
f 877/877 989/989 980/980
f 839/839 844/844 845/845
f 1053/1053 1052/1052 975/975
f 915/915 926/926 916/916
f 915/915 916/916 904/904
f 892/892 893/893 889/889
f 2375/2375 2376/2376 2374/2374
f 2377/2377 2376/2376 2375/2375
f 1385/1385 1485/1485 1486/1486
f 1499/1499 1447/1447 1503/1503
f 1440/1440 1387/1387 1441/1441
f 1441/1441 1387/1387 1385/1385
f 1435/1435 1431/1431 1448/1448
f 1448/1448 1431/1431 1433/1433
f 1433/1433 1434/1434 1454/1454
f 1454/1454 1434/1434 1438/1438
f 1438/1438 1428/1428 1440/1440
f 2198/2198 2191/2191 2187/2187
f 844/844 846/846 877/877
f 975/975 1052/1052 976/976
f 1949/1949 1683/1683 1684/1684
f 1684/1684 1683/1683 1660/1660
f 1656/1656 1657/1657 1652/1652
f 1656/1656 1652/1652 1655/1655
f 2372/2372 2374/2374 2373/2373
f 1652/1652 1653/1653 1654/1654
f 1655/1655 1652/1652 1654/1654
f 1653/1653 1697/1697 1654/1654
f 1486/1486 1485/1485 1492/1492
f 1385/1385 1406/1406 1485/1485
f 1384/1384 1406/1406 1385/1385
f 1447/1447 1398/1398 1437/1437
f 1387/1387 1383/1383 1385/1385
f 1434/1434 1403/1403 1438/1438
f 1438/1438 1403/1403 1428/1428
f 1428/1428 1387/1387 1440/1440
f 2586/2586 2588/2588 2592/2592
f 1754/1754 1755/1755 1756/1756
f 1756/1756 1767/1767 1768/1768
f 1768/1768 1767/1767 1788/1788
f 877/877 846/846 880/880
f 886/886 906/906 873/873
f 896/896 906/906 886/886
f 1949/1949 1950/1950 1683/1683
f 1683/1683 1678/1678 1660/1660
f 1678/1678 1659/1659 1660/1660
f 1660/1660 1659/1659 1656/1656
f 1656/1656 1659/1659 1657/1657
f 1644/1644 1643/1643 1622/1622
f 1644/1644 1622/1622 1629/1629
f 1643/1643 1630/1630 1622/1622
f 1645/1645 1630/1630 1643/1643
f 1653/1653 1689/1689 1697/1697
f 1645/1645 1638/1638 1630/1630
f 1485/1485 1406/1406 1492/1492
f 1645/1645 1647/1647 1638/1638
f 1499/1499 1461/1461 1447/1447
f 1447/1447 1461/1461 1398/1398
f 1383/1383 1384/1384 1385/1385
f 1437/1437 1396/1396 1435/1435
f 1435/1435 1396/1396 1431/1431
f 1433/1433 1431/1431 1401/1401
f 1433/1433 1401/1401 1402/1402
f 1433/1433 1402/1402 1434/1434
f 1434/1434 1402/1402 1403/1403
f 1428/1428 1403/1403 1404/1404
f 1428/1428 1404/1404 1387/1387
f 1404/1404 1383/1383 1387/1387
f 2505/2505 2504/2504 2476/2476
f 1766/1766 1765/1765 1753/1753
f 2421/2421 2428/2428 2420/2420
f 2428/2428 2412/2412 2420/2420
f 2412/2412 2431/2431 2419/2419
f 2431/2431 2432/2432 2410/2410
f 2431/2431 2410/2410 2419/2419
f 1756/1756 1755/1755 1767/1767
f 1767/1767 1796/1796 1788/1788
f 877/877 880/880 989/989
f 989/989 1002/1002 1113/1113
f 1788/1788 1796/1796 1963/1963
f 1052/1052 1118/1118 1051/1051
f 889/889 893/893 895/895
f 195/195 194/194 196/196
f 1650/1650 1634/1634 1631/1631
f 1634/1634 1629/1629 1612/1612
f 1612/1612 1629/1629 1611/1611
f 1629/1629 1622/1622 1611/1611
f 1630/1630 1621/1621 1622/1622
f 1406/1406 1415/1415 1480/1480
f 1384/1384 1388/1388 1406/1406
f 1406/1406 1388/1388 1415/1415
f 1437/1437 1398/1398 1396/1396
f 1396/1396 1401/1401 1431/1431
f 2421/2421 2420/2420 2416/2416
f 1765/1765 1751/1751 1753/1753
f 2420/2420 2412/2412 2416/2416
f 1753/1753 1751/1751 1752/1752
f 1753/1753 1752/1752 1754/1754
f 2419/2419 2405/2405 2412/2412
f 1754/1754 1752/1752 1755/1755
f 2419/2419 2410/2410 2405/2405
f 2433/2433 2427/2427 2423/2423
f 1003/1003 1107/1107 1002/1002
f 989/989 880/880 1002/1002
f 873/873 839/839 845/845
f 1683/1683 1682/1682 1678/1678
f 1631/1631 1612/1612 1628/1628
f 1659/1659 1658/1658 1657/1657
f 1657/1657 1658/1658 1652/1652
f 1611/1611 1622/1622 1610/1610
f 1622/1622 1621/1621 1610/1610
f 1630/1630 1638/1638 1621/1621
f 1499/1499 1501/1501 1461/1461
f 1396/1396 1394/1394 1401/1401
f 1401/1401 1394/1394 1402/1402
f 1394/1394 1392/1392 1402/1402
f 1392/1392 1389/1389 1402/1402
f 1402/1402 1389/1389 1403/1403
f 1403/1403 1389/1389 1404/1404
f 1389/1389 1386/1386 1383/1383
f 1404/1404 1389/1389 1383/1383
f 1383/1383 1386/1386 1384/1384
f 2476/2476 2421/2421 2471/2471
f 2421/2421 2416/2416 2471/2471
f 1765/1765 1764/1764 1751/1751
f 2412/2412 2406/2406 2416/2416
f 2412/2412 2405/2405 2406/2406
f 2410/2410 2409/2409 2399/2399
f 1755/1755 1769/1769 1767/1767
f 2423/2423 2409/2409 2410/2410
f 2423/2423 2427/2427 2409/2409
f 2427/2427 2426/2426 2409/2409
f 1767/1767 1781/1781 1796/1796
f 1002/1002 880/880 1003/1003
f 844/844 841/841 846/846
f 839/839 841/841 844/844
f 1052/1052 1051/1051 976/976
f 1951/1951 1683/1683 1950/1950
f 1951/1951 1682/1682 1683/1683
f 1612/1612 1602/1602 1628/1628
f 1659/1659 1678/1678 1662/1662
f 1659/1659 1662/1662 1658/1658
f 1612/1612 1611/1611 1602/1602
f 1611/1611 1598/1598 1602/1602
f 1611/1611 1610/1610 1598/1598
f 1598/1598 1610/1610 1609/1609
f 1610/1610 1618/1618 1609/1609
f 1618/1618 1617/1617 1609/1609
f 1621/1621 1618/1618 1610/1610
f 1653/1653 1664/1664 1689/1689
f 1621/1621 1638/1638 1637/1637
f 1621/1621 1637/1637 1618/1618
f 1664/1664 1700/1700 1689/1689
f 1461/1461 1501/1501 1490/1490
f 1461/1461 1462/1462 1397/1397
f 1461/1461 1397/1397 1398/1398
f 1415/1415 1408/1408 1480/1480
f 1397/1397 1396/1396 1398/1398
f 1397/1397 1395/1395 1396/1396
f 1396/1396 1395/1395 1394/1394
f 1384/1384 1386/1386 1388/1388
f 2628/2628 2595/2595 2633/2633
f 2636/2636 2637/2637 2633/2633
f 2476/2476 2471/2471 2470/2470
f 1765/1765 1774/1774 1764/1764
f 2405/2405 2397/2397 2400/2400
f 2406/2406 2405/2405 2400/2400
f 2405/2405 2399/2399 2397/2397
f 1752/1752 1757/1757 1755/1755
f 1755/1755 1757/1757 1769/1769
f 2409/2409 2408/2408 2399/2399
f 2409/2409 2426/2426 2408/2408
f 1767/1767 1769/1769 1781/1781
f 1107/1107 1003/1003 1098/1098
f 880/880 884/884 1003/1003
f 846/846 850/850 880/880
f 1118/1118 1119/1119 1051/1051
f 926/926 933/933 916/916
f 892/892 894/894 893/893
f 1628/1628 1602/1602 1627/1627
f 1627/1627 1602/1602 1596/1596
f 1678/1678 1677/1677 1662/1662
f 1602/1602 1598/1598 1596/1596
f 1598/1598 1595/1595 1596/1596
f 1658/1658 1661/1661 1652/1652
f 1598/1598 1609/1609 1595/1595
f 1595/1595 1609/1609 1608/1608
f 1652/1652 1661/1661 1653/1653
f 1661/1661 1664/1664 1653/1653
f 1609/1609 1617/1617 1608/1608
f 1618/1618 1637/1637 1617/1617
f 1461/1461 1490/1490 1462/1462
f 1480/1480 1408/1408 1481/1481
f 1408/1408 1417/1417 1481/1481
f 1415/1415 1388/1388 1408/1408
f 1395/1395 1400/1400 1393/1393
f 1395/1395 1393/1393 1394/1394
f 1393/1393 1391/1391 1392/1392
f 1394/1394 1393/1393 1392/1392
f 1391/1391 1390/1390 1389/1389
f 1392/1392 1391/1391 1389/1389
f 1390/1390 1399/1399 1386/1386
f 1389/1389 1390/1390 1386/1386
f 1386/1386 1399/1399 1388/1388
f 2471/2471 2416/2416 2477/2477
f 2477/2477 2416/2416 2413/2413
f 1764/1764 1749/1749 1751/1751
f 2413/2413 2400/2400 2404/2404
f 1751/1751 1749/1749 1750/1750
f 1751/1751 1750/1750 1752/1752
f 2400/2400 2396/2396 2404/2404
f 2400/2400 2397/2397 2396/2396
f 1750/1750 1757/1757 1752/1752
f 2397/2397 2399/2399 2395/2395
f 2397/2397 2395/2395 2396/2396
f 2399/2399 2407/2407 2395/2395
f 1757/1757 1770/1770 1769/1769
f 2399/2399 2408/2408 2407/2407
f 1119/1119 1088/1088 1051/1051
f 1051/1051 1000/1000 976/976
f 976/976 1000/1000 957/957
f 976/976 957/957 926/926
f 904/904 900/900 892/892
f 1596/1596 1624/1624 1627/1627
f 1596/1596 1592/1592 1624/1624
f 1662/1662 1663/1663 1658/1658
f 1596/1596 1595/1595 1592/1592
f 1592/1592 1595/1595 1593/1593
f 1595/1595 1608/1608 1593/1593
f 1593/1593 1608/1608 1607/1607
f 1608/1608 1616/1616 1607/1607
f 1607/1607 1616/1616 1615/1615
f 1608/1608 1617/1617 1616/1616
f 1637/1637 1640/1640 1617/1617
f 1617/1617 1640/1640 1616/1616
f 1490/1490 1473/1473 1462/1462
f 1462/1462 1473/1473 1397/1397
f 1397/1397 1400/1400 1395/1395
f 1399/1399 1405/1405 1388/1388
f 1405/1405 1408/1408 1388/1388
f 2457/2457 2445/2445 2456/2456
f 2457/2457 2456/2456 2474/2474
f 2452/2452 2469/2469 2470/2470
f 2451/2451 2472/2472 2459/2459
f 2459/2459 2472/2472 2473/2473
f 2413/2413 2404/2404 2417/2417
f 2404/2404 2415/2415 2417/2417
f 1764/1764 1763/1763 1749/1749
f 2415/2415 2404/2404 2403/2403
f 2404/2404 2396/2396 2403/2403
f 2396/2396 2394/2394 2403/2403
f 2396/2396 2395/2395 2394/2394
f 2394/2394 2395/2395 2390/2390
f 2395/2395 2391/2391 2390/2390
f 2395/2395 2407/2407 2391/2391
f 2408/2408 2426/2426 2425/2425
f 2408/2408 2425/2425 2407/2407
f 1770/1770 1781/1781 1769/1769
f 1003/1003 884/884 1007/1007
f 846/846 841/841 850/850
f 873/873 872/872 839/839
f 906/906 872/872 873/873
f 896/896 895/895 899/899
f 957/957 933/933 926/926
f 1624/1624 1592/1592 1594/1594
f 1592/1592 1593/1593 1594/1594
f 1593/1593 1597/1597 1594/1594
f 1593/1593 1607/1607 1597/1597
f 1663/1663 1661/1661 1658/1658
f 1607/1607 1606/1606 1597/1597
f 1607/1607 1615/1615 1606/1606
f 1616/1616 1639/1639 1615/1615
f 1664/1664 1691/1691 1700/1700
f 1616/1616 1640/1640 1641/1641
f 1616/1616 1641/1641 1639/1639
f 1481/1481 1417/1417 1482/1482
f 1502/1502 1473/1473 1490/1490
f 1473/1473 1407/1407 1397/1397
f 1397/1397 1407/1407 1400/1400
f 1407/1407 1414/1414 1400/1400
f 1414/1414 1412/1412 1400/1400
f 1400/1400 1412/1412 1393/1393
f 1412/1412 1413/1413 1393/1393
f 1393/1393 1413/1413 1391/1391
f 1391/1391 1413/1413 1411/1411
f 1391/1391 1411/1411 1390/1390
f 1390/1390 1411/1411 1410/1410
f 1390/1390 1410/1410 1399/1399
f 1399/1399 1410/1410 1405/1405
f 1405/1405 1409/1409 1408/1408
f 2459/2459 2456/2456 2448/2448
f 2448/2448 2456/2456 2445/2445
f 2445/2445 2457/2457 2444/2444
f 2457/2457 2454/2454 2444/2444
f 2444/2444 2454/2454 2442/2442
f 2442/2442 2454/2454 2452/2452
f 2451/2451 2459/2459 2448/2448
f 2468/2468 2507/2507 2451/2451
f 2477/2477 2417/2417 2478/2478
f 1774/1774 1763/1763 1764/1764
f 2415/2415 2403/2403 2414/2414
f 2414/2414 2403/2403 2401/2401
f 2394/2394 2401/2401 2403/2403
f 2394/2394 2393/2393 2401/2401
f 2394/2394 2390/2390 2393/2393
f 2390/2390 2391/2391 2389/2389
f 2407/2407 2425/2425 2391/2391
f 2425/2425 2429/2429 2391/2391
f 841/841 851/851 850/850
f 850/850 851/851 880/880
f 880/880 851/851 884/884
f 1088/1088 1050/1050 1051/1051
f 1051/1051 1050/1050 1000/1000
f 906/906 907/907 872/872
f 899/899 907/907 896/896
f 896/896 907/907 906/906
f 900/900 894/894 892/892
f 172/172 243/243 171/171
f 1632/1632 1624/1624 1626/1626
f 1594/1594 1600/1600 1626/1626
f 1594/1594 1597/1597 1599/1599
f 1597/1597 1601/1601 1599/1599
f 1606/1606 1603/1603 1597/1597
f 1597/1597 1603/1603 1601/1601
f 1606/1606 1614/1614 1603/1603
f 1661/1661 1671/1671 1664/1664
f 1606/1606 1615/1615 1614/1614
f 1615/1615 1636/1636 1614/1614
f 1615/1615 1639/1639 1636/1636
f 1482/1482 1417/1417 1420/1420
f 1417/1417 1419/1419 1420/1420
f 1700/1700 1691/1691 1702/1702
f 1416/1416 1418/1418 1417/1417
f 2516/2516 2494/2494 2513/2513
f 1409/1409 1416/1416 1408/1408
f 2513/2513 2494/2494 2489/2489
f 2489/2489 2493/2493 2513/2513
f 2513/2513 2493/2493 2512/2512
f 2512/2512 2493/2493 2511/2511
f 2493/2493 2490/2490 2511/2511
f 2490/2490 2508/2508 2511/2511
f 2509/2509 2498/2498 2510/2510
f 2490/2490 2486/2486 2508/2508
f 2508/2508 2486/2486 2487/2487
f 2508/2508 2487/2487 2509/2509
f 2509/2509 2487/2487 2498/2498
f 2443/2443 2442/2442 2441/2441
f 2441/2441 2442/2442 2437/2437
f 2458/2458 2451/2451 2450/2450
f 2450/2450 2451/2451 2448/2448
f 2450/2450 2448/2448 2447/2447
f 2447/2447 2445/2445 2446/2446
f 2446/2446 2445/2445 2443/2443
f 2445/2445 2444/2444 2443/2443
f 2443/2443 2444/2444 2442/2442
f 2442/2442 2452/2452 2437/2437
f 2468/2468 2451/2451 2458/2458
f 2460/2460 2471/2471 2499/2499
f 2471/2471 2477/2477 2499/2499
f 2477/2477 2478/2478 2499/2499
f 1774/1774 1727/1727 1763/1763
f 2417/2417 2415/2415 2479/2479
f 2479/2479 2415/2415 2480/2480
f 2415/2415 2414/2414 2480/2480
f 2401/2401 2402/2402 2414/2414
f 2401/2401 2392/2392 2402/2402
f 2401/2401 2393/2393 2392/2392
f 2390/2390 2392/2392 2393/2393
f 2392/2392 2390/2390 2387/2387
f 2390/2390 2389/2389 2387/2387
f 2389/2389 2391/2391 2422/2422
f 2391/2391 2429/2429 2422/2422
f 2429/2429 2430/2430 2422/2422
f 1092/1092 997/997 1075/1075
f 884/884 932/932 1007/1007
f 932/932 997/997 1007/1007
f 1007/1007 997/997 1092/1092
f 851/851 932/932 884/884
f 1119/1119 1077/1077 1088/1088
f 933/933 913/913 916/916
f 916/916 913/913 904/904
f 1951/1951 1955/1955 1682/1682
f 171/171 209/209 142/142
f 1632/1632 1626/1626 1633/1633
f 1633/1633 1600/1600 1625/1625
f 1600/1600 1599/1599 1625/1625
f 1599/1599 1623/1623 1625/1625
f 1599/1599 1601/1601 1623/1623
f 1601/1601 1605/1605 1623/1623
f 1663/1663 1665/1665 1661/1661
f 1603/1603 1604/1604 1601/1601
f 1601/1601 1604/1604 1605/1605
f 1603/1603 1614/1614 1604/1604
f 1604/1604 1614/1614 1619/1619
f 1614/1614 1636/1636 1619/1619
f 1671/1671 1691/1691 1664/1664
f 1484/1484 1465/1465 1479/1479
f 1420/1420 1465/1465 1484/1484
f 1420/1420 1419/1419 1465/1465
f 1419/1419 1425/1425 1465/1465
f 1417/1417 1418/1418 1419/1419
f 2522/2522 2494/2494 2516/2516
f 1702/1702 1703/1703 1973/1973
f 2494/2494 2491/2491 2489/2489
f 1410/1410 1409/1409 1405/1405
f 2493/2493 2489/2489 2484/2484
f 2493/2493 2484/2484 2490/2490
f 2498/2498 2487/2487 2488/2488
f 2498/2498 2488/2488 2440/2440
f 2498/2498 2440/2440 2510/2510
f 2484/2484 2464/2464 2490/2490
f 2490/2490 2464/2464 2486/2486
f 2486/2486 2464/2464 2463/2463
f 2486/2486 2463/2463 2465/2465
f 2486/2486 2465/2465 2487/2487
f 2487/2487 2465/2465 2466/2466
f 2487/2487 2466/2466 2488/2488
f 2491/2491 2461/2461 2489/2489
f 2461/2461 2462/2462 2484/2484
f 2489/2489 2461/2461 2484/2484
f 2462/2462 2464/2464 2484/2484
f 2488/2488 2466/2466 2439/2439
f 2462/2462 2449/2449 2464/2464
f 2467/2467 2450/2450 2461/2461
f 2462/2462 2461/2461 2447/2447
f 2462/2462 2447/2447 2449/2449
f 2449/2449 2446/2446 2464/2464
f 2464/2464 2446/2446 2463/2463
f 2446/2446 2443/2443 2463/2463
f 2463/2463 2443/2443 2465/2465
f 2465/2465 2443/2443 2441/2441
f 2465/2465 2441/2441 2466/2466
f 2466/2466 2441/2441 2439/2439
f 2439/2439 2437/2437 2436/2436
f 2467/2467 2458/2458 2450/2450
f 2461/2461 2450/2450 2447/2447
f 2441/2441 2437/2437 2439/2439
f 2436/2436 2437/2437 2438/2438
f 2437/2437 2453/2453 2438/2438
f 2438/2438 2453/2453 2460/2460
f 2460/2460 2499/2499 2501/2501
f 2500/2500 2478/2478 2483/2483
f 2479/2479 2480/2480 2481/2481
f 1763/1763 1739/1739 1749/1749
f 2414/2414 2402/2402 2418/2418
f 1749/1749 1740/1740 1750/1750
f 2402/2402 2392/2392 2398/2398
f 2392/2392 2386/2386 2398/2398
f 2386/2386 2383/2383 2398/2398
f 2386/2386 2385/2385 2383/2383
f 2385/2385 2384/2384 2383/2383
f 1750/1750 1740/1740 1757/1757
f 2392/2392 2387/2387 2386/2386
f 2386/2386 2387/2387 2385/2385
f 2387/2387 2388/2388 2385/2385
f 2387/2387 2389/2389 2388/2388
f 1757/1757 1762/1762 1770/1770
f 2422/2422 2430/2430 2389/2389
f 988/988 1015/1015 1061/1061
f 997/997 988/988 1075/1075
f 1075/1075 988/988 1061/1061
f 1770/1770 1789/1789 1781/1781
f 851/851 861/861 932/932
f 872/872 842/842 839/839
f 983/983 929/929 957/957
f 1000/1000 983/983 957/957
f 1682/1682 1681/1681 1677/1677
f 209/209 224/224 148/148
f 1677/1677 1676/1676 1662/1662
f 1662/1662 1669/1669 1663/1663
f 1649/1649 1625/1625 1648/1648
f 1625/1625 1623/1623 1648/1648
f 1623/1623 1635/1635 1648/1648
f 1663/1663 1666/1666 1665/1665
f 1623/1623 1605/1605 1635/1635
f 1665/1665 1671/1671 1661/1661
f 1605/1605 1613/1613 1635/1635
f 1604/1604 1619/1619 1620/1620
f 1604/1604 1620/1620 1613/1613
f 1619/1619 1642/1642 1620/1620
f 1619/1619 1636/1636 1642/1642
f 1479/1479 1449/1449 1477/1477
f 1465/1465 1425/1425 1449/1449
f 1465/1465 1449/1449 1479/1479
f 1425/1425 1446/1446 1449/1449
f 1419/1419 1423/1423 1425/1425
f 1691/1691 1701/1701 1702/1702
f 1702/1702 1701/1701 1703/1703
f 1418/1418 1421/1421 1419/1419
f 1422/1422 1423/1423 1419/1419
f 1416/1416 1421/1421 1418/1418
f 2518/2518 2517/2517 2494/2494
f 2517/2517 2491/2491 2494/2494
f 1410/1410 1460/1460 1409/1409
f 1409/1409 1460/1460 1416/1416
f 2517/2517 2514/2514 2491/2491
f 1488/1488 1460/1460 1410/1410
f 2467/2467 2461/2461 2491/2491
f 2488/2488 2439/2439 2440/2440
f 2491/2491 2514/2514 2467/2467
f 2439/2439 2436/2436 2440/2440
f 2440/2440 2436/2436 2455/2455
f 2467/2467 2514/2514 2503/2503
f 2436/2436 2438/2438 2455/2455
f 2503/2503 2458/2458 2467/2467
f 2455/2455 2438/2438 2460/2460
f 2515/2515 2468/2468 2503/2503
f 2277/2277 2272/2272 2266/2266
f 1727/1727 1726/1726 1763/1763
f 1763/1763 1726/1726 1737/1737
f 2483/2483 2481/2481 2506/2506
f 2418/2418 2482/2482 2481/2481
f 2418/2418 2411/2411 2482/2482
f 1763/1763 1737/1737 1739/1739
f 2418/2418 2398/2398 2411/2411
f 2398/2398 2382/2382 2411/2411
f 2398/2398 2383/2383 2382/2382
f 1749/1749 1739/1739 1740/1740
f 2383/2383 2380/2380 2382/2382
f 2383/2383 2384/2384 2380/2380
f 1060/1060 1039/1039 1067/1067
f 1021/1021 965/965 1060/1060
f 1083/1083 1021/1021 1060/1060
f 1083/1083 1061/1061 1015/1015
f 1083/1083 1015/1015 1021/1021
f 1015/1015 947/947 1021/1021
f 1762/1762 1789/1789 1770/1770
f 932/932 868/868 997/997
f 997/997 868/868 988/988
f 841/841 840/840 851/851
f 851/851 840/840 852/852
f 1781/1781 1789/1789 1966/1966
f 839/839 840/840 841/841
f 1050/1050 983/983 1000/1000
f 895/895 897/897 899/899
f 929/929 933/933 957/957
f 894/894 897/897 893/893
f 893/893 897/897 895/895
f 41/41 105/105 26/26
f 1681/1681 1676/1676 1677/1677
f 1662/1662 1676/1676 1669/1669
f 148/148 188/188 136/136
f 136/136 188/188 108/108
f 2292/2292 2293/2293 2290/2290
f 1477/1477 1449/1449 1459/1459
f 1642/1642 1646/1646 1620/1620
f 2293/2293 2295/2295 2290/2290
f 1425/1425 1426/1426 1446/1446
f 1422/1422 1424/1424 1423/1423
f 1421/1421 1422/1422 1419/1419
f 1457/1457 1421/1421 1416/1416
f 1703/1703 1705/1705 1711/1711
f 1460/1460 1457/1457 1416/1416
f 1711/1711 1705/1705 1710/1710
f 1488/1488 1487/1487 1460/1460
f 2440/2440 2455/2455 2492/2492
f 1710/1710 1705/1705 1708/1708
f 2455/2455 2460/2460 2501/2501
f 1708/1708 1720/1720 1710/1710
f 1708/1708 1726/1726 1727/1727
f 2262/2262 2275/2275 2266/2266
f 2266/2266 2272/2272 2259/2259
f 2482/2482 2411/2411 2485/2485
f 2485/2485 2411/2411 2424/2424
f 2411/2411 2382/2382 2424/2424
f 2382/2382 2379/2379 2424/2424
f 2379/2379 2380/2380 2381/2381
f 1040/1040 1116/1116 1109/1109
f 1067/1067 1040/1040 1109/1109
f 1039/1039 1040/1040 1067/1067
f 1060/1060 965/965 1039/1039
f 1015/1015 931/931 947/947
f 988/988 931/931 1015/1015
f 851/851 852/852 861/861
f 932/932 861/861 868/868
f 842/842 840/840 839/839
f 929/929 913/913 933/933
f 913/913 900/900 904/904
f 1459/1459 1444/1444 1478/1478
f 1446/1446 1426/1426 1449/1449
f 1449/1449 1426/1426 1444/1444
f 1425/1425 1424/1424 1426/1426
f 1421/1421 1442/1442 1422/1422
f 1701/1701 1704/1704 1703/1703
f 1445/1445 1442/1442 1421/1421
f 1457/1457 1445/1445 1421/1421
f 1703/1703 1704/1704 1705/1705
f 1460/1460 1476/1476 1457/1457
f 1476/1476 1475/1475 1457/1457
f 1460/1460 1487/1487 1476/1476
f 2492/2492 2495/2495 2496/2496
f 2492/2492 2455/2455 2495/2495
f 1737/1737 1738/1738 1739/1739
f 1740/1740 1742/1742 1757/1757
f 1039/1039 1038/1038 1040/1040
f 1039/1039 965/965 1038/1038
f 1742/1742 1762/1762 1757/1757
f 938/938 952/952 947/947
f 947/947 952/952 965/965
f 931/931 938/938 947/947
f 868/868 930/930 931/931
f 861/861 863/863 868/868
f 872/872 875/875 842/842
f 1088/1088 1077/1077 1050/1050
f 1665/1665 1674/1674 1671/1671
f 1674/1674 1698/1698 1671/1671
f 1671/1671 1698/1698 1691/1691
f 2290/2290 2291/2291 2287/2287
f 1426/1426 1432/1432 1444/1444
f 1424/1424 1427/1427 1426/1426
f 1442/1442 1430/1430 1422/1422
f 1430/1430 1424/1424 1422/1422
f 1704/1704 1706/1706 1705/1705
f 1705/1705 1706/1706 1707/1707
f 1705/1705 1707/1707 1708/1708
f 1708/1708 1707/1707 1718/1718
f 1708/1708 1718/1718 1726/1726
f 1737/1737 1736/1736 1738/1738
f 2698/2698 2696/2696 2695/2695
f 2703/2703 2698/2698 2702/2702
f 965/965 1017/1017 1038/1038
f 965/965 952/952 1017/1017
f 930/930 938/938 931/931
f 868/868 863/863 869/869
f 868/868 869/869 930/930
f 840/840 843/843 852/852
f 852/852 862/862 861/861
f 862/862 863/863 861/861
f 842/842 843/843 840/840
f 872/872 909/909 875/875
f 907/907 909/909 872/872
f 899/899 909/909 907/907
f 894/894 898/898 897/897
f 1681/1681 1672/1672 1676/1676
f 1676/1676 1672/1672 1669/1669
f 1669/1669 1668/1668 1666/1666
f 2291/2291 2289/2289 2287/2287
f 1432/1432 1455/1455 1444/1444
f 1426/1426 1427/1427 1432/1432
f 1691/1691 1698/1698 1701/1701
f 1698/1698 1709/1709 1701/1701
f 1429/1429 1427/1427 1424/1424
f 1430/1430 1429/1429 1424/1424
f 1701/1701 1709/1709 1704/1704
f 1443/1443 1430/1430 1442/1442
f 1445/1445 1443/1443 1442/1442
f 1457/1457 1458/1458 1445/1445
f 1475/1475 1474/1474 1457/1457
f 1474/1474 1458/1458 1457/1457
f 1726/1726 1718/1718 1736/1736
f 1736/1736 1737/1737 1726/1726
f 2257/2257 2265/2265 2258/2258
f 2660/2660 2659/2659 2661/2661
f 1739/1739 1738/1738 1740/1740
f 1017/1017 1103/1103 1038/1038
f 1742/1742 1746/1746 1762/1762
f 1746/1746 1777/1777 1762/1762
f 1762/1762 1777/1777 1789/1789
f 875/875 871/871 842/842
f 983/983 940/940 929/929
f 897/897 898/898 909/909
f 897/897 909/909 899/899
f 900/900 902/902 894/894
f 210/210 207/207 255/255
f 1681/1681 1685/1685 1672/1672
f 1668/1668 1667/1667 1666/1666
f 1666/1666 1667/1667 1665/1665
f 1665/1665 1670/1670 1674/1674
f 1439/1439 1436/1436 1427/1427
f 1427/1427 1436/1436 1432/1432
f 1436/1436 1455/1455 1432/1432
f 1429/1429 1439/1439 1427/1427
f 2732/2732 2706/2706 2701/2701
f 2706/2706 2697/2697 2701/2701
f 2656/2656 2652/2652 2659/2659
f 1738/1738 1741/1741 1740/1740
f 1741/1741 1743/1743 1742/1742
f 1740/1740 1741/1741 1742/1742
f 1017/1017 1122/1122 1103/1103
f 1018/1018 1017/1017 952/952
f 952/952 986/986 1018/1018
f 938/938 986/986 952/952
f 869/869 883/883 930/930
f 852/852 864/864 862/862
f 1777/1777 1947/1947 1789/1789
f 1789/1789 1947/1947 1966/1966
f 842/842 871/871 843/843
f 1077/1077 1008/1008 1050/1050
f 1050/1050 1008/1008 983/983
f 983/983 1008/1008 940/940
f 894/894 902/902 898/898
f 1982/1982 1984/1984 1976/1976
f 1667/1667 1670/1670 1665/1665
f 1467/1467 1505/1505 1455/1455
f 1436/1436 1467/1467 1455/1455
f 1709/1709 1698/1698 1714/1714
f 1709/1709 1714/1714 1713/1713
f 1709/1709 1713/1713 1704/1704
f 1445/1445 1453/1453 1443/1443
f 1464/1464 1453/1453 1445/1445
f 1458/1458 1472/1472 1445/1445
f 1472/1472 1464/1464 1445/1445
f 1474/1474 1489/1489 1458/1458
f 1706/1706 1716/1716 1707/1707
f 1716/1716 1721/1721 1707/1707
f 1707/1707 1728/1728 1718/1718
f 1728/1728 1736/1736 1718/1718
f 2732/2732 2709/2709 2706/2706
f 2706/2706 2700/2700 2697/2697
f 2711/2711 2709/2709 2732/2732
f 1743/1743 1746/1746 1742/1742
f 1018/1018 1100/1100 1017/1017
f 938/938 964/964 986/986
f 930/930 883/883 964/964
f 930/930 964/964 938/938
f 863/863 883/883 869/869
f 843/843 870/870 852/852
f 852/852 870/870 864/864
f 862/862 864/864 863/863
f 1077/1077 1073/1073 1008/1008
f 2581/2581 2582/2582 2583/2583
f 1976/1976 1994/1994 1977/1977
f 1452/1452 1463/1463 1436/1436
f 1439/1439 1452/1452 1436/1436
f 1436/1436 1463/1463 1467/1467
f 1715/1715 1714/1714 1698/1698
f 1429/1429 1452/1452 1439/1439
f 1443/1443 1453/1453 1430/1430
f 1453/1453 1450/1450 1430/1430
f 1489/1489 1472/1472 1458/1458
f 1704/1704 1713/1713 1712/1712
f 1704/1704 1712/1712 1706/1706
f 1712/1712 1716/1716 1706/1706
f 2709/2709 2707/2707 2706/2706
f 1736/1736 1748/1748 1738/1738
f 1738/1738 1748/1748 1741/1741
f 871/871 870/870 843/843
f 875/875 959/959 871/871
f 875/875 917/917 959/959
f 909/909 917/917 875/875
f 898/898 917/917 909/909
f 940/940 918/918 929/929
f 929/929 918/918 913/913
f 913/913 912/912 900/900
f 902/902 908/908 898/898
f 1685/1685 1908/1908 1679/1679
f 1685/1685 1679/1679 1672/1672
f 1672/1672 1679/1679 1668/1668
f 1673/1673 1680/1680 1670/1670
f 1667/1667 1673/1673 1670/1670
f 1680/1680 1699/1699 1674/1674
f 1670/1670 1680/1680 1674/1674
f 1699/1699 1715/1715 1698/1698
f 1674/1674 1699/1699 1698/1698
f 1466/1466 1463/1463 1452/1452
f 1429/1429 1451/1451 1452/1452
f 1430/1430 1450/1450 1429/1429
f 1450/1450 1451/1451 1429/1429
f 1707/1707 1721/1721 1728/1728
f 1736/1736 1728/1728 1775/1775
f 1736/1736 1775/1775 1748/1748
f 2707/2707 2700/2700 2706/2706
f 2711/2711 2710/2710 2709/2709
f 2710/2710 2707/2707 2709/2709
f 2712/2712 2710/2710 2711/2711
f 2712/2712 2713/2713 2710/2710
f 1748/1748 1745/1745 1741/1741
f 1741/1741 1745/1745 1744/1744
f 1741/1741 1744/1744 1743/1743
f 1744/1744 1747/1747 1746/1746
f 1743/1743 1744/1744 1746/1746
f 1747/1747 1778/1778 1777/1777
f 1746/1746 1747/1747 1777/1777
f 864/864 969/969 883/883
f 959/959 958/958 871/871
f 871/871 958/958 870/870
f 1778/1778 1947/1947 1777/1777
f 1073/1073 999/999 1008/1008
f 1008/1008 999/999 940/940
f 898/898 908/908 917/917
f 913/913 918/918 912/912
f 912/912 902/902 900/900
f 155/155 240/240 207/207
f 1675/1675 1673/1673 1668/1668
f 1668/1668 1673/1673 1667/1667
f 2281/2281 2282/2282 2283/2283
f 2282/2282 2285/2285 2283/2283
f 2149/2149 2136/2136 2143/2143
f 1467/1467 1498/1498 1512/1512
f 1467/1467 1512/1512 1505/1505
f 1466/1466 1491/1491 1463/1463
f 1491/1491 1498/1498 1463/1463
f 1463/1463 1498/1498 1467/1467
f 1451/1451 1466/1466 1452/1452
f 2715/2715 2714/2714 2713/2713
f 2714/2714 2731/2731 2710/2710
f 2713/2713 2714/2714 2710/2710
f 2731/2731 2707/2707 2710/2710
f 2730/2730 2723/2723 2726/2726
f 1020/1020 1043/1043 964/964
f 964/964 1043/1043 986/986
f 883/883 1020/1020 964/964
f 977/977 974/974 870/870
f 974/974 969/969 864/864
f 1686/1686 1695/1695 1673/1673
f 1673/1673 1695/1695 1680/1680
f 2153/2153 2149/2149 2150/2150
f 1451/1451 1469/1469 1466/1466
f 1714/1714 1724/1724 1713/1713
f 1453/1453 1470/1470 1450/1450
f 1464/1464 1483/1483 1471/1471
f 1464/1464 1471/1471 1453/1453
f 1472/1472 1483/1483 1464/1464
f 1713/1713 1722/1722 1712/1712
f 1489/1489 1513/1513 1500/1500
f 1489/1489 1500/1500 1472/1472
f 1712/1712 1723/1723 1716/1716
f 2731/2731 2708/2708 2707/2707
f 2715/2715 2716/2716 2714/2714
f 2716/2716 2717/2717 2714/2714
f 1043/1043 1018/1018 986/986
f 883/883 969/969 1020/1020
f 958/958 1005/1005 977/977
f 959/959 960/960 985/985
f 959/959 985/985 958/958
f 917/917 960/960 959/959
f 999/999 998/998 940/940
f 908/908 937/937 917/917
f 902/902 927/927 908/908
f 1675/1675 1688/1688 1686/1686
f 1675/1675 1686/1686 1673/1673
f 1680/1680 1695/1695 1699/1699
f 1699/1699 1695/1695 1719/1719
f 1699/1699 1719/1719 1715/1715
f 1715/1715 1719/1719 1724/1724
f 822/822 707/707 753/753
f 1491/1491 1507/1507 1498/1498
f 1715/1715 1724/1724 1714/1714
f 1451/1451 1468/1468 1469/1469
f 1450/1450 1470/1470 1468/1468
f 1450/1450 1468/1468 1451/1451
f 1724/1724 1722/1722 1713/1713
f 1712/1712 1722/1722 1723/1723
f 1716/1716 1729/1729 1721/1721
f 1721/1721 1785/1785 1728/1728
f 1785/1785 1783/1783 1728/1728
f 1783/1783 1773/1773 1748/1748
f 1775/1775 1783/1783 1748/1748
f 2714/2714 2717/2717 2731/2731
f 1748/1748 1773/1773 1745/1745
f 2718/2718 2719/2719 2717/2717
f 1745/1745 1759/1759 1744/1744
f 1744/1744 1759/1759 1760/1760
f 1744/1744 1760/1760 1747/1747
f 1043/1043 1096/1096 1018/1018
f 1747/1747 1782/1782 1778/1778
f 974/974 1028/1028 969/969
f 969/969 1028/1028 1020/1020
f 958/958 985/985 1005/1005
f 1782/1782 1941/1941 1778/1778
f 960/960 1031/1031 985/985
f 1778/1778 1941/1941 1947/1947
f 1073/1073 1068/1068 999/999
f 1068/1068 998/998 999/999
f 917/917 953/953 960/960
f 940/940 961/961 918/918
f 927/927 937/937 908/908
f 917/917 937/937 953/953
f 902/902 912/912 927/927
f 191/191 247/247 240/240
f 1916/1916 1687/1687 1908/1908
f 1908/1908 1687/1687 1679/1679
f 1491/1491 1497/1497 1507/1507
f 1469/1469 1468/1468 1497/1497
f 1721/1721 1729/1729 1785/1785
f 1773/1773 1771/1771 1745/1745
f 2720/2720 2719/2719 2718/2718
f 1745/1745 1771/1771 1759/1759
f 2722/2722 2720/2720 2723/2723
f 1020/1020 1086/1086 1043/1043
f 1747/1747 1760/1760 1782/1782
f 1005/1005 1037/1037 1033/1033
f 1005/1005 1033/1033 977/977
f 977/977 1033/1033 974/974
f 1033/1033 1034/1034 974/974
f 974/974 1034/1034 1028/1028
f 961/961 962/962 918/918
f 918/918 944/944 912/912
f 1695/1695 1730/1730 1719/1719
f 707/707 671/671 706/706
f 792/792 671/671 707/707
f 1497/1497 1511/1511 1507/1507
f 1493/1493 1496/1496 1468/1468
f 1470/1470 1493/1493 1468/1468
f 1471/1471 1494/1494 1470/1470
f 1470/1470 1494/1494 1493/1493
f 1724/1724 1800/1800 1722/1722
f 1471/1471 1495/1495 1494/1494
f 1483/1483 1495/1495 1471/1471
f 2719/2719 2721/2721 2725/2725
f 2720/2720 2721/2721 2719/2719
f 2722/2722 2721/2721 2720/2720
f 1086/1086 1096/1096 1043/1043
f 1028/1028 1087/1087 1020/1020
f 1020/1020 1087/1087 1086/1086
f 1034/1034 1082/1082 1028/1028
f 960/960 1029/1029 1031/1031
f 1068/1068 1065/1065 998/998
f 953/953 1009/1009 960/960
f 998/998 1016/1016 961/961
f 918/918 962/962 944/944
f 912/912 944/944 927/927
f 1916/1916 1797/1797 1687/1687
f 1687/1687 1797/1797 1688/1688
f 1686/1686 1688/1688 1725/1725
f 1686/1686 1725/1725 1695/1695
f 1719/1719 1730/1730 1861/1861
f 1719/1719 1861/1861 1724/1724
f 1510/1510 1511/1511 1497/1497
f 1724/1724 1861/1861 1860/1860
f 1496/1496 1510/1510 1497/1497
f 1724/1724 1860/1860 1800/1800
f 1483/1483 1506/1506 1495/1495
f 1500/1500 1515/1515 1506/1506
f 1500/1500 1506/1506 1483/1483
f 1799/1799 1798/1798 1723/1723
f 1723/1723 1798/1798 1729/1729
f 1729/1729 1889/1889 1785/1785
f 1889/1889 1894/1894 1785/1785
f 1785/1785 1894/1894 1783/1783
f 1894/1894 1790/1790 1783/1783
f 1783/1783 1790/1790 1773/1773
f 709/709 631/631 687/687
f 1773/1773 1790/1790 1771/1771
f 776/776 695/695 757/757
f 1082/1082 1087/1087 1028/1028
f 1033/1033 1037/1037 1094/1094
f 1033/1033 1094/1094 1093/1093
f 1093/1093 1082/1082 1033/1033
f 1033/1033 1082/1082 1034/1034
f 1031/1031 1049/1049 985/985
f 985/985 1049/1049 1037/1037
f 1782/1782 1895/1895 1941/1941
f 1895/1895 1972/1972 1941/1941
f 1009/1009 1029/1029 960/960
f 1065/1065 1016/1016 998/998
f 1016/1016 962/962 961/961
f 927/927 971/971 937/937
f 1797/1797 1786/1786 1688/1688
f 1688/1688 1786/1786 1725/1725
f 1695/1695 1725/1725 1734/1734
f 1695/1695 1734/1734 1730/1730
f 1493/1493 1508/1508 1496/1496
f 1495/1495 1509/1509 1494/1494
f 1494/1494 1509/1509 1508/1508
f 1722/1722 1800/1800 1799/1799
f 1722/1722 1799/1799 1723/1723
f 1790/1790 1794/1794 1771/1771
f 1794/1794 1795/1795 1759/1759
f 1771/1771 1794/1794 1759/1759
f 1759/1759 1795/1795 1793/1793
f 1759/1759 1793/1793 1760/1760
f 1760/1760 1793/1793 1782/1782
f 809/809 732/732 791/791
f 1782/1782 1793/1793 1895/1895
f 984/984 1009/1009 953/953
f 971/971 984/984 937/937
f 937/937 984/984 953/953
f 962/962 987/987 944/944
f 944/944 970/970 927/927
f 927/927 970/970 971/971
f 1786/1786 1835/1835 1725/1725
f 1725/1725 1835/1835 1734/1734
f 808/808 723/723 774/774
f 1860/1860 1891/1891 1800/1800
f 1894/1894 1900/1900 1790/1790
f 1793/1793 1921/1921 1895/1895
f 1895/1895 1921/1921 1972/1972
f 1123/1123 1084/1084 1065/1065
f 1084/1084 1016/1016 1065/1065
f 984/984 1030/1030 1009/1009
f 1016/1016 1027/1027 962/962
f 962/962 1027/1027 987/987
f 944/944 987/987 970/970
f 1797/1797 1910/1910 1786/1786
f 1910/1910 1835/1835 1786/1786
f 1734/1734 1835/1835 1920/1920
f 1734/1734 1917/1917 1730/1730
f 1730/1730 1917/1917 1861/1861
f 1917/1917 1918/1918 1861/1861
f 723/723 655/655 774/774
f 724/724 723/723 808/808
f 1918/1918 1914/1914 1860/1860
f 1860/1860 1914/1914 1891/1891
f 682/682 699/699 806/806
f 1891/1891 1897/1897 1799/1799
f 1799/1799 1897/1897 1798/1798
f 1897/1897 1898/1898 1798/1798
f 1798/1798 1898/1898 1889/1889
f 1898/1898 1907/1907 1889/1889
f 1889/1889 1907/1907 1894/1894
f 1894/1894 1907/1907 1930/1930
f 1894/1894 1930/1930 1900/1900
f 1900/1900 1924/1924 1794/1794
f 1790/1790 1900/1900 1794/1794
f 722/722 660/660 667/667
f 746/746 732/732 731/731
f 1080/1080 1081/1081 1049/1049
f 1030/1030 1080/1080 1029/1029
f 984/984 1032/1032 1030/1030
f 987/987 1025/1025 970/970
f 970/970 1025/1025 971/971
f 971/971 1025/1025 1032/1032
f 971/971 1032/1032 984/984
f 1797/1797 1937/1937 1910/1910
f 1920/1920 1917/1917 1734/1734
f 1918/1918 1957/1957 1914/1914
f 582/582 560/560 581/581
f 661/661 579/579 660/660
f 660/660 573/573 571/571
f 1924/1924 1923/1923 1794/1794
f 1794/1794 1923/1923 1795/1795
f 1795/1795 1923/1923 1793/1793
f 1793/1793 1934/1934 1921/1921
f 1030/1030 1089/1089 1080/1080
f 1016/1016 1084/1084 1027/1027
f 1032/1032 1089/1089 1030/1030
f 1027/1027 1071/1071 987/987
f 820/820 735/735 771/771
f 1910/1910 1943/1943 1835/1835
f 1835/1835 1943/1943 1920/1920
f 1920/1920 1961/1961 1917/1917
f 1918/1918 1961/1961 1957/1957
f 1914/1914 1957/1957 1956/1956
f 1914/1914 1956/1956 1891/1891
f 1891/1891 1959/1959 1897/1897
f 1897/1897 1954/1954 1898/1898
f 1898/1898 1954/1954 1960/1960
f 1960/1960 1967/1967 1907/1907
f 1930/1930 1967/1967 1900/1900
f 831/831 758/758 830/830
f 1923/1923 1934/1934 1793/1793
f 781/781 748/748 832/832
f 733/733 700/700 761/761
f 832/832 748/748 815/815
f 1084/1084 1108/1108 1027/1027
f 1027/1027 1108/1108 1071/1071
f 1069/1069 1101/1101 1032/1032
f 1032/1032 1101/1101 1089/1089
f 1071/1071 1072/1072 987/987
f 987/987 1072/1072 1025/1025
f 1025/1025 1072/1072 1069/1069
f 1025/1025 1069/1069 1032/1032
f 748/748 765/765 815/815
f 782/782 696/696 754/754
f 769/769 736/736 714/714
f 782/782 708/708 696/696
f 725/725 672/672 737/737
f 704/704 658/658 694/694
f 386/386 350/350 373/373
f 458/458 420/420 410/410
f 489/489 458/458 447/447
f 498/498 428/428 475/475
f 387/387 404/404 352/352
f 475/475 458/458 502/502
f 502/502 458/458 501/501
f 498/498 475/475 502/502
f 433/433 404/404 387/387
f 535/535 482/482 534/534
f 2119/2119 2122/2122 2107/2107
f 2122/2122 2116/2116 2107/2107
f 2107/2107 2116/2116 2106/2106
f 277/277 275/275 273/273
f 1931/1931 1932/1932 1927/1927
f 2111/2111 2119/2119 2109/2109
f 2119/2119 2107/2107 2109/2109
f 538/538 498/498 541/541
f 2112/2112 2125/2125 2111/2111
f 2101/2101 2106/2106 2100/2100
f 439/439 388/388 440/440
f 376/376 300/300 361/361
f 514/514 511/511 509/509
f 2109/2109 2107/2107 2108/2108
f 2107/2107 2106/2106 2103/2103
f 2103/2103 2106/2106 2101/2101
f 2100/2100 2121/2121 2104/2104
f 486/486 439/439 440/440
f 1814/1814 1832/1832 1826/1826
f 389/389 436/436 446/446
f 1588/1588 1587/1587 1559/1559
f 1550/1550 1577/1577 1545/1545
f 517/517 432/432 422/422
f 422/422 312/312 445/445
f 2111/2111 2109/2109 2110/2110
f 2110/2110 2109/2109 2108/2108
f 2102/2102 2103/2103 2101/2101
f 2126/2126 2127/2127 2112/2112
f 254/254 263/263 220/220
f 1925/1925 1975/1975 1922/1922
f 2095/2095 2118/2118 2117/2117
f 418/418 359/359 417/417
f 2534/2534 2538/2538 2537/2537
f 1559/1559 1587/1587 1550/1550
f 1559/1559 1550/1550 1548/1548
f 1544/1544 1550/1550 1545/1545
f 517/517 422/422 496/496
f 445/445 312/312 372/372
f 2113/2113 2112/2112 2110/2110
f 2112/2112 2111/2111 2110/2110
f 117/117 152/152 96/96
f 96/96 152/152 123/123
f 2102/2102 2101/2101 2098/2098
f 2126/2126 2112/2112 2113/2113
f 2098/2098 2100/2100 2096/2096
f 2100/2100 2104/2104 2096/2096
f 2084/2084 2123/2123 2081/2081
f 393/393 405/405 406/406
f 2534/2534 2537/2537 2536/2536
f 452/452 451/451 539/539
f 539/539 451/451 460/460
f 1588/1588 1559/1559 1569/1569
f 1569/1569 1559/1559 1548/1548
f 1545/1545 1575/1575 1546/1546
f 496/496 445/445 474/474
f 1576/1576 1573/1573 1546/1546
f 474/474 423/423 492/492
f 523/523 522/522 521/521
f 118/118 117/117 79/79
f 79/79 117/117 96/96
f 2105/2105 2124/2124 2123/2123
f 2089/2089 2123/2123 2084/2084
f 2068/2068 2067/2067 2049/2049
f 1813/1813 1814/1814 1815/1815
f 2049/2049 2050/2050 2047/2047
f 2533/2533 2535/2535 2534/2534
f 539/539 460/460 540/540
f 1855/1855 1849/1849 1846/1846
f 1541/1541 1548/1548 1526/1526
f 1526/1526 1548/1548 1544/1544
f 1544/1544 1545/1545 1521/1521
f 1521/1521 1545/1545 1517/1517
f 1517/1517 1545/1545 1546/1546
f 1517/1517 1546/1546 1527/1527
f 492/492 423/423 468/468
f 423/423 380/380 381/381
f 423/423 381/381 424/424
f 157/157 118/118 156/156
f 156/156 118/118 107/107
f 91/91 123/123 120/120
f 220/220 157/157 156/156
f 221/221 220/220 156/156
f 2098/2098 2096/2096 2097/2097
f 2096/2096 2104/2104 2095/2095
f 2095/2095 2105/2105 2093/2093
f 2093/2093 2105/2105 2090/2090
f 2090/2090 2105/2105 2089/2089
f 2089/2089 2084/2084 2083/2083
f 2083/2083 2084/2084 2071/2071
f 2045/2045 2049/2049 2047/2047
f 2047/2047 2053/2053 2057/2057
f 2054/2054 2059/2059 2056/2056
f 2558/2558 2569/2569 2564/2564
f 2558/2558 2564/2564 2557/2557
f 2532/2532 2534/2534 2536/2536
f 1549/1549 1569/1569 1548/1548
f 1528/1528 1546/1546 1561/1561
f 1881/1881 1892/1892 1854/1854
f 468/468 423/423 424/424
f 2320/2320 2321/2321 2322/2322
f 96/96 123/123 91/91
f 2097/2097 2096/2096 2094/2094
f 2094/2094 2096/2096 2095/2095
f 2090/2090 2089/2089 2088/2088
f 2088/2088 2089/2089 2083/2083
f 2088/2088 2083/2083 2086/2086
f 2086/2086 2083/2083 2082/2082
f 2082/2082 2083/2083 2071/2071
f 2082/2082 2071/2071 2073/2073
f 2073/2073 2071/2071 2068/2068
f 2065/2065 2068/2068 2049/2049
f 2045/2045 2047/2047 2046/2046
f 2532/2532 2536/2536 2524/2524
f 1590/1590 1569/1569 1580/1580
f 1580/1580 1569/1569 1549/1549
f 1549/1549 1548/1548 1541/1541
f 1540/1540 1541/1541 1526/1526
f 1540/1540 1526/1526 1525/1525
f 1525/1525 1526/1526 1521/1521
f 1517/1517 1527/1527 1518/1518
f 1518/1518 1527/1527 1528/1528
f 1528/1528 1561/1561 1547/1547
f 468/468 424/424 470/470
f 470/470 424/424 425/425
f 1006/1006 1059/1059 1042/1042
f 107/107 79/79 74/74
f 79/79 96/96 72/72
f 72/72 96/96 91/91
f 147/147 156/156 107/107
f 91/91 120/120 92/92
f 92/92 120/120 133/133
f 1827/1827 1820/1820 1933/1933
f 2094/2094 2095/2095 2093/2093
f 2091/2091 2088/2088 2086/2086
f 2073/2073 2068/2068 2065/2065
f 2065/2065 2049/2049 2045/2045
f 2057/2057 2053/2053 2030/2030
f 2030/2030 2053/2053 2032/2032
f 2032/2032 2053/2053 2055/2055
f 2032/2032 2055/2055 2074/2074
f 2074/2074 2055/2055 2056/2056
f 2074/2074 2056/2056 2061/2061
f 2056/2056 2060/2060 2061/2061
f 488/488 456/456 455/455
f 1520/1520 1521/1521 1517/1517
f 1522/1522 1528/1528 1547/1547
f 1547/1547 1586/1586 1574/1574
f 74/74 79/79 72/72
f 69/69 91/91 92/92
f 205/205 156/156 147/147
f 1827/1827 1933/1933 1942/1942
f 2092/2092 2094/2094 2093/2093
f 2092/2092 2093/2093 2090/2090
f 2090/2090 2088/2088 2091/2091
f 2091/2091 2086/2086 2087/2087
f 2087/2087 2086/2086 2082/2082
f 2087/2087 2082/2082 2073/2073
f 2046/2046 2057/2057 2030/2030
f 2030/2030 2032/2032 2031/2031
f 2031/2031 2032/2032 2029/2029
f 2029/2029 2032/2032 2074/2074
f 2062/2062 2060/2060 2063/2063
f 1549/1549 1541/1541 1539/1539
f 1520/1520 1525/1525 1521/1521
f 1520/1520 1517/1517 1516/1516
f 1516/1516 1517/1517 1518/1518
f 1518/1518 1528/1528 1522/1522
f 1522/1522 1547/1547 1523/1523
f 1523/1523 1547/1547 1536/1536
f 1536/1536 1547/1547 1574/1574
f 2175/2175 2176/2176 2180/2180
f 69/69 72/72 91/91
f 92/92 133/133 100/100
f 100/100 133/133 121/121
f 2092/2092 2090/2090 2091/2091
f 2087/2087 2073/2073 2085/2085
f 2045/2045 2044/2044 2043/2043
f 2022/2022 2030/2030 2023/2023
f 2023/2023 2030/2030 2026/2026
f 2687/2687 2688/2688 2689/2689
f 2029/2029 2074/2074 2099/2099
f 2074/2074 2061/2061 2099/2099
f 1539/1539 1540/1540 1525/1525
f 1519/1519 1516/1516 1518/1518
f 1518/1518 1522/1522 1519/1519
f 1519/1519 1522/1522 1523/1523
f 1536/1536 1574/1574 1558/1558
f 2175/2175 2180/2180 2181/2181
f 2690/2690 2691/2691 2692/2692
f 147/147 107/107 126/126
f 126/126 107/107 85/85
f 85/85 107/107 74/74
f 74/74 72/72 70/70
f 205/205 147/147 180/180
f 100/100 121/121 17/17
f 17/17 121/121 115/115
f 43/43 115/115 116/116
f 116/116 119/119 43/43
f 43/43 119/119 30/30
f 30/30 119/119 46/46
f 2073/2073 2065/2065 2075/2075
f 2075/2075 2065/2065 2066/2066
f 2066/2066 2065/2065 2045/2045
f 2066/2066 2045/2045 2043/2043
f 2027/2027 2029/2029 2099/2099
f 2027/2027 2099/2099 2077/2077
f 2099/2099 2061/2061 2077/2077
f 2077/2077 2061/2061 2062/2062
f 2077/2077 2062/2062 2041/2041
f 2062/2062 2064/2064 2041/2041
f 2523/2523 2524/2524 2525/2525
f 1562/1562 1580/1580 1549/1549
f 1562/1562 1549/1549 1542/1542
f 1542/1542 1549/1549 1539/1539
f 1535/1535 1525/1525 1520/1520
f 1534/1534 1520/1520 1516/1516
f 1519/1519 1523/1523 1524/1524
f 1536/1536 1558/1558 1529/1529
f 2181/2181 2184/2184 2182/2182
f 2679/2679 2678/2678 2675/2675
f 2328/2328 2327/2327 2325/2325
f 85/85 74/74 70/70
f 70/70 72/72 61/61
f 72/72 60/60 61/61
f 60/60 72/72 69/69
f 180/180 147/147 126/126
f 211/211 205/205 180/180
f 77/77 92/92 42/42
f 250/250 205/205 211/211
f 92/92 100/100 42/42
f 1833/1833 1827/1827 1942/1942
f 1833/1833 1942/1942 1945/1945
f 115/115 43/43 17/17
f 43/43 30/30 19/19
f 1812/1812 1816/1816 1818/1818
f 2044/2044 2018/2018 2043/2043
f 2019/2019 2021/2021 2020/2020
f 2027/2027 2077/2077 2028/2028
f 1535/1535 1520/1520 1534/1534
f 1534/1534 1516/1516 1533/1533
f 1533/1533 1516/1516 1519/1519
f 1523/1523 1529/1529 1524/1524
f 2680/2680 2679/2679 2675/2675
f 69/69 92/92 77/77
f 42/42 100/100 17/17
f 17/17 43/43 14/14
f 14/14 43/43 19/19
f 30/30 46/46 23/23
f 23/23 46/46 37/37
f 37/37 46/46 124/124
f 37/37 124/124 88/88
f 2075/2075 2066/2066 2080/2080
f 2080/2080 2066/2066 2069/2069
f 2066/2066 2043/2043 2069/2069
f 2043/2043 2018/2018 2017/2017
f 2041/2041 2064/2064 2036/2036
f 1542/1542 1539/1539 1535/1535
f 1539/1539 1525/1525 1535/1535
f 1535/1535 1534/1534 1538/1538
f 1534/1534 1533/1533 1537/1537
f 1533/1533 1519/1519 1532/1532
f 1532/1532 1519/1519 1531/1531
f 1519/1519 1524/1524 1531/1531
f 1524/1524 1529/1529 1530/1530
f 1529/1529 1558/1558 1530/1530
f 1530/1530 1558/1558 1560/1560
f 1558/1558 1589/1589 1560/1560
f 1560/1560 1589/1589 1585/1585
f 1879/1879 1875/1875 1893/1893
f 66/66 69/69 77/77
f 7/7 42/42 17/17
f 19/19 30/30 23/23
f 2042/2042 2017/2017 2040/2040
f 2017/2017 2016/2016 2015/2015
f 2015/2015 2016/2016 2013/2013
f 2010/2010 2078/2078 2076/2076
f 2076/2076 2077/2077 2041/2041
f 2076/2076 2041/2041 2048/2048
f 2041/2041 2036/2036 2034/2034
f 2048/2048 2041/2041 2034/2034
f 2034/2034 2036/2036 2035/2035
f 2684/2684 2685/2685 2686/2686
f 2523/2523 2525/2525 2526/2526
f 2531/2531 2523/2523 2526/2526
f 1852/1852 1842/1842 1841/1841
f 1538/1538 1534/1534 1537/1537
f 1531/1531 1524/1524 1530/1530
f 2171/2171 2167/2167 2179/2179
f 60/60 69/69 57/57
f 57/57 69/69 66/66
f 66/66 77/77 42/42
f 5/5 7/7 17/17
f 5/5 17/17 14/14
f 8/8 14/14 18/18
f 14/14 19/19 18/18
f 20/20 19/19 23/23
f 23/23 37/37 36/36
f 36/36 37/37 48/48
f 37/37 88/88 48/48
f 48/48 88/88 89/89
f 89/89 88/88 135/135
f 1834/1834 1818/1818 1833/1833
f 89/89 135/135 139/139
f 2079/2079 2069/2069 2042/2042
f 2079/2079 2042/2042 2040/2040
f 2017/2017 2015/2015 2040/2040
f 2012/2012 2076/2076 2048/2048
f 2579/2579 2576/2576 2577/2577
f 1568/1568 1562/1562 1556/1556
f 1562/1562 1542/1542 1556/1556
f 1556/1556 1542/1542 1553/1553
f 1542/1542 1535/1535 1553/1553
f 1553/1553 1535/1535 1551/1551
f 1535/1535 1538/1538 1551/1551
f 1555/1555 1538/1538 1537/1537
f 1533/1533 1532/1532 1537/1537
f 1532/1532 1531/1531 1554/1554
f 1531/1531 1530/1530 1543/1543
f 2301/2301 2303/2303 2302/2302
f 2300/2300 2301/2301 2302/2302
f 2302/2302 2303/2303 2304/2304
f 874/874 857/857 885/885
f 84/84 85/85 70/70
f 5/5 14/14 8/8
f 18/18 19/19 20/20
f 20/20 23/23 29/29
f 29/29 23/23 36/36
f 1834/1834 1833/1833 1909/1909
f 113/113 48/48 89/89
f 2033/2033 2037/2037 2034/2034
f 2033/2033 2034/2034 2035/2035
f 1551/1551 1538/1538 1552/1552
f 1538/1538 1555/1555 1552/1552
f 1555/1555 1537/1537 1554/1554
f 1554/1554 1537/1537 1532/1532
f 1557/1557 1554/1554 1543/1543
f 1543/1543 1554/1554 1531/1531
f 1557/1557 1543/1543 1567/1567
f 1530/1530 1560/1560 1572/1572
f 1572/1572 1560/1560 1585/1585
f 2309/2309 2308/2308 2311/2311
f 1045/1045 1055/1055 991/991
f 212/212 211/211 180/180
f 50/50 66/66 42/42
f 250/250 211/211 251/251
f 50/50 42/42 7/7
f 1834/1834 1909/1909 1890/1890
f 36/36 48/48 113/113
f 89/89 139/139 140/140
f 2079/2079 2040/2040 2114/2114
f 2114/2114 2040/2040 2115/2115
f 2115/2115 2040/2040 2039/2039
f 2039/2039 2038/2038 2033/2033
f 2681/2681 2682/2682 2683/2683
f 1252/1252 1261/1261 1216/1216
f 1216/1216 1261/1261 1209/1209
f 1216/1216 1209/1209 1161/1161
f 1161/1161 1173/1173 1151/1151
f 1149/1149 1207/1207 1377/1377
f 1556/1556 1553/1553 1563/1563
f 1553/1553 1551/1551 1563/1563
f 1555/1555 1554/1554 1565/1565
f 1565/1565 1554/1554 1557/1557
f 1567/1567 1543/1543 1571/1571
f 1543/1543 1530/1530 1571/1571
f 1571/1571 1530/1530 1572/1572
f 1572/1572 1585/1585 1591/1591
f 2302/2302 2304/2304 2305/2305
f 2305/2305 2308/2308 2309/2309
f 859/859 866/866 860/860
f 70/70 61/61 67/67
f 61/61 60/60 59/59
f 175/175 180/180 126/126
f 6/6 7/7 5/5
f 4/4 5/5 8/8
f 18/18 20/20 40/40
f 20/20 29/29 110/110
f 29/29 36/36 153/153
f 153/153 36/36 160/160
f 36/36 113/113 160/160
f 113/113 89/89 140/140
f 226/226 225/225 253/253
f 1157/1157 1174/1174 1156/1156
f 1292/1292 1149/1149 1377/1377
f 1568/1568 1556/1556 1570/1570
f 1570/1570 1556/1556 1563/1563
f 1563/1563 1551/1551 1564/1564
f 1551/1551 1552/1552 1564/1564
f 1564/1564 1552/1552 1566/1566
f 1552/1552 1555/1555 1566/1566
f 1566/1566 1555/1555 1565/1565
f 1565/1565 1557/1557 1578/1578
f 1578/1578 1557/1557 1584/1584
f 1557/1557 1567/1567 1584/1584
f 1342/1342 1361/1361 1348/1348
f 1351/1351 1350/1350 1382/1382
f 1351/1351 1382/1382 1381/1381
f 991/991 920/920 1001/1001
f 1001/1001 920/920 963/963
f 1886/1886 1887/1887 1919/1919
f 141/141 126/126 85/85
f 57/57 66/66 55/55
f 175/175 126/126 141/141
f 52/52 66/66 50/50
f 212/212 180/180 175/175
f 38/38 50/50 7/7
f 1909/1909 1945/1945 1939/1939
f 4/4 8/8 18/18
f 39/39 18/18 40/40
f 40/40 20/20 110/110
f 110/110 29/29 153/153
f 160/160 113/113 183/183
f 235/235 160/160 183/183
f 183/183 113/113 140/140
f 183/183 140/140 217/217
f 217/217 140/140 218/218
f 217/217 218/218 225/225
f 217/217 225/225 226/226
f 226/226 253/253 269/269
f 1235/1235 1262/1262 1252/1252
f 1216/1216 1235/1235 1252/1252
f 1160/1160 1216/1216 1161/1161
f 1158/1158 1160/1160 1161/1161
f 1371/1371 1372/1372 1282/1282
f 1215/1215 1148/1148 1149/1149
f 1215/1215 1149/1149 1292/1292
f 1371/1371 1282/1282 1368/1368
f 1583/1583 1568/1568 1570/1570
f 1370/1370 1368/1368 1286/1286
f 1566/1566 1565/1565 1578/1578
f 1332/1332 1345/1345 1342/1342
f 1319/1319 1342/1342 1348/1348
f 1342/1342 1319/1319 1314/1314
f 1319/1319 1348/1348 1350/1350
f 1318/1318 1319/1319 1350/1350
f 1318/1318 1350/1350 1351/1351
f 1367/1367 1351/1351 1381/1381
f 1070/1070 1110/1110 1045/1045
f 1001/1001 1044/1044 991/991
f 979/979 1001/1001 963/963
f 866/866 979/979 882/882
f 945/945 946/946 859/859
f 1928/1928 1919/1919 1968/1968
f 59/59 60/60 57/57
f 55/55 66/66 52/52
f 38/38 7/7 6/6
f 40/40 110/110 158/158
f 110/110 153/153 158/158
f 208/208 153/153 160/160
f 208/208 160/160 235/235
f 235/235 183/183 239/239
f 239/239 183/183 217/217
f 239/239 217/217 257/257
f 257/257 217/217 226/226
f 1251/1251 1258/1258 1237/1237
f 1237/1237 1258/1258 1235/1235
f 1227/1227 1237/1237 1235/1235
f 1162/1162 1227/1227 1216/1216
f 1227/1227 1235/1235 1216/1216
f 1160/1160 1162/1162 1216/1216
f 1159/1159 1162/1162 1160/1160
f 1159/1159 1158/1158 1145/1145
f 1156/1156 1141/1141 1157/1157
f 1141/1141 1144/1144 1157/1157
f 1339/1339 1226/1226 1219/1219
f 1220/1220 1154/1154 1215/1215
f 1215/1215 1154/1154 1148/1148
f 1282/1282 1339/1339 1275/1275
f 1265/1265 1220/1220 1215/1215
f 1282/1282 1275/1275 1276/1276
f 1266/1266 1265/1265 1215/1215
f 1368/1368 1282/1282 1286/1286
f 1266/1266 1215/1215 1292/1292
f 1293/1293 1292/1292 1364/1364
f 1293/1293 1364/1364 1360/1360
f 1579/1579 1570/1570 1563/1563
f 1579/1579 1563/1563 1564/1564
f 1564/1564 1566/1566 1582/1582
f 1581/1581 1564/1564 1582/1582
f 1582/1582 1566/1566 1578/1578
f 1332/1332 1314/1314 1312/1312
f 1314/1314 1332/1332 1342/1342
f 1314/1314 1319/1319 1318/1318
f 1317/1317 1314/1314 1318/1318
f 1317/1317 1318/1318 1327/1327
f 1318/1318 1351/1351 1367/1367
f 1327/1327 1318/1318 1367/1367
f 1363/1363 1327/1327 1375/1375
f 1327/1327 1367/1367 1375/1375
f 1121/1121 1070/1070 1044/1044
f 1117/1117 1121/1121 1044/1044
f 1001/1001 1117/1117 1044/1044
f 1117/1117 1001/1001 1066/1066
f 979/979 1066/1066 1001/1001
f 122/122 85/85 84/84
f 5/5 4/4 1/1
f 2/2 4/4 18/18
f 39/39 40/40 90/90
f 158/158 153/153 208/208
f 261/261 208/208 235/235
f 265/265 261/261 235/235
f 265/265 235/235 239/239
f 1240/1240 1249/1249 1244/1244
f 1244/1244 1249/1249 1253/1253
f 1244/1244 1253/1253 1251/1251
f 1240/1240 1244/1244 1228/1228
f 1228/1228 1244/1244 1237/1237
f 1244/1244 1251/1251 1237/1237
f 1228/1228 1237/1237 1227/1227
f 1146/1146 1228/1228 1162/1162
f 1145/1145 1146/1146 1159/1159
f 1146/1146 1162/1162 1159/1159
f 1142/1142 1145/1145 1144/1144
f 1141/1141 1142/1142 1144/1144
f 1851/1851 1733/1733 1902/1902
f 1226/1226 1200/1200 1219/1219
f 1339/1339 1219/1219 1217/1217
f 1329/1329 1217/1217 1218/1218
f 1218/1218 1341/1341 1329/1329
f 1155/1155 1154/1154 1220/1220
f 1217/1217 1329/1329 1275/1275
f 1329/1329 1341/1341 1326/1326
f 1326/1326 1341/1341 1324/1324
f 1324/1324 1341/1341 1340/1340
f 1324/1324 1340/1340 1325/1325
f 1325/1325 1340/1340 1333/1333
f 1325/1325 1333/1333 1267/1267
f 1267/1267 1333/1333 1265/1265
f 1333/1333 1155/1155 1265/1265
f 1265/1265 1155/1155 1220/1220
f 1273/1273 1275/1275 1329/1329
f 1329/1329 1326/1326 1273/1273
f 1273/1273 1326/1326 1271/1271
f 1326/1326 1324/1324 1271/1271
f 1271/1271 1324/1324 1269/1269
f 1269/1269 1324/1324 1325/1325
f 1269/1269 1325/1325 1267/1267
f 1286/1286 1282/1282 1276/1276
f 1273/1273 1271/1271 1272/1272
f 1272/1272 1271/1271 1270/1270
f 1271/1271 1269/1269 1270/1270
f 1270/1270 1269/1269 1268/1268
f 1269/1269 1267/1267 1268/1268
f 1268/1268 1267/1267 1264/1264
f 1264/1264 1267/1267 1265/1265
f 1264/1264 1265/1265 1266/1266
f 1276/1276 1275/1275 1274/1274
f 1275/1275 1273/1273 1274/1274
f 1274/1274 1273/1273 1272/1272
f 1284/1284 1266/1266 1292/1292
f 1284/1284 1292/1292 1293/1293
f 1370/1370 1286/1286 1285/1285
f 1285/1285 1286/1286 1276/1276
f 1579/1579 1564/1564 1581/1581
f 1346/1346 1345/1345 1310/1310
f 1310/1310 1345/1345 1312/1312
f 1312/1312 1345/1345 1332/1332
f 1313/1313 1312/1312 1314/1314
f 1313/1313 1314/1314 1317/1317
f 1313/1313 1317/1317 1320/1320
f 1320/1320 1317/1317 1328/1328
f 1328/1328 1317/1317 1327/1327
f 1328/1328 1327/1327 1363/1363
f 1334/1334 1320/1320 1328/1328
f 1334/1334 1328/1328 1353/1353
f 1353/1353 1328/1328 1363/1363
f 1352/1352 1334/1334 1353/1353
f 1352/1352 1353/1353 1373/1373
f 1353/1353 1363/1363 1373/1373
f 1366/1366 1352/1352 1374/1374
f 1352/1352 1373/1373 1374/1374
f 141/141 85/85 122/122
f 84/84 70/70 67/67
f 2/2 18/18 39/39
f 90/90 40/40 167/167
f 40/40 158/158 167/167
f 167/167 158/158 208/208
f 167/167 208/208 267/267
f 267/267 208/208 261/261
f 1254/1254 1256/1256 1247/1247
f 1247/1247 1256/1256 1249/1249
f 1239/1239 1247/1247 1240/1240
f 1240/1240 1247/1247 1249/1249
f 1229/1229 1240/1240 1228/1228
f 1223/1223 1229/1229 1146/1146
f 1143/1143 1223/1223 1146/1146
f 1139/1139 1143/1143 1142/1142
f 1142/1142 1143/1143 1145/1145
f 1141/1141 1139/1139 1142/1142
f 1219/1219 1200/1200 1171/1171
f 1137/1137 1134/1134 1147/1147
f 1219/1219 1171/1171 1217/1217
f 1217/1217 1171/1171 1170/1170
f 1217/1217 1170/1170 1218/1218
f 1218/1218 1170/1170 1167/1167
f 1167/1167 1166/1166 1340/1340
f 1340/1340 1166/1166 1164/1164
f 1164/1164 1152/1152 1155/1155
f 1152/1152 1154/1154 1155/1155
f 1154/1154 1152/1152 1148/1148
f 1218/1218 1167/1167 1341/1341
f 1341/1341 1167/1167 1340/1340
f 1340/1340 1164/1164 1333/1333
f 1333/1333 1164/1164 1155/1155
f 1278/1278 1274/1274 1272/1272
f 1278/1278 1272/1272 1277/1277
f 1272/1272 1270/1270 1277/1277
f 1277/1277 1270/1270 1279/1279
f 1279/1279 1270/1270 1280/1280
f 1270/1270 1268/1268 1280/1280
f 1280/1280 1268/1268 1264/1264
f 1283/1283 1264/1264 1266/1266
f 1266/1266 1284/1284 1283/1283
f 1281/1281 1276/1276 1274/1274
f 1274/1274 1278/1278 1281/1281
f 1280/1280 1264/1264 1283/1283
f 1285/1285 1276/1276 1281/1281
f 1293/1293 1360/1360 1301/1301
f 1370/1370 1285/1285 1298/1298
f 1378/1378 1370/1370 1298/1298
f 1301/1301 1360/1360 1303/1303
f 1303/1303 1360/1360 1349/1349
f 1787/1787 1883/1883 1915/1915
f 1307/1307 1349/1349 1346/1346
f 1309/1309 1346/1346 1310/1310
f 1311/1311 1310/1310 1312/1312
f 1311/1311 1312/1312 1313/1313
f 1337/1337 1320/1320 1334/1334
f 1337/1337 1334/1334 1352/1352
f 1362/1362 1337/1337 1366/1366
f 1366/1366 1337/1337 1352/1352
f 1379/1379 1362/1362 1366/1366
f 1004/1004 1104/1104 1041/1041
f 122/122 84/84 103/103
f 67/67 61/61 59/59
f 6/6 5/5 1/1
f 90/90 167/167 185/185
f 185/185 167/167 268/268
f 268/268 167/167 267/267
f 1245/1245 1254/1254 1247/1247
f 1230/1230 1239/1239 1240/1240
f 1230/1230 1240/1240 1229/1229
f 1230/1230 1229/1229 1223/1223
f 1140/1140 1223/1223 1143/1143
f 1140/1140 1139/1139 1129/1129
f 1128/1128 1140/1140 1129/1129
f 1135/1135 1129/1129 1139/1139
f 1134/1134 1135/1135 1150/1150
f 1171/1171 1169/1169 1170/1170
f 1170/1170 1169/1169 1167/1167
f 1166/1166 1165/1165 1164/1164
f 1164/1164 1165/1165 1163/1163
f 1164/1164 1163/1163 1152/1152
f 1281/1281 1278/1278 1291/1291
f 1291/1291 1278/1278 1288/1288
f 1288/1288 1278/1278 1277/1277
f 1277/1277 1279/1279 1287/1287
f 1288/1288 1277/1277 1287/1287
f 1279/1279 1280/1280 1287/1287
f 1287/1287 1280/1280 1290/1290
f 1290/1290 1280/1280 1289/1289
f 1289/1289 1280/1280 1283/1283
f 1289/1289 1283/1283 1296/1296
f 1283/1283 1294/1294 1296/1296
f 1294/1294 1283/1283 1284/1284
f 1294/1294 1284/1284 1295/1295
f 1295/1295 1284/1284 1293/1293
f 1298/1298 1285/1285 1297/1297
f 1285/1285 1281/1281 1297/1297
f 1297/1297 1281/1281 1291/1291
f 1297/1297 1291/1291 1304/1304
f 1291/1291 1288/1288 1300/1300
f 1304/1304 1291/1291 1300/1300
f 1300/1300 1288/1288 1299/1299
f 1303/1303 1349/1349 1307/1307
f 1309/1309 1307/1307 1346/1346
f 1308/1308 1309/1309 1310/1310
f 1308/1308 1310/1310 1311/1311
f 1308/1308 1311/1311 1315/1315
f 1315/1315 1311/1311 1313/1313
f 1321/1321 1315/1315 1313/1313
f 1321/1321 1313/1313 1320/1320
f 1321/1321 1320/1320 1337/1337
f 1321/1321 1337/1337 1335/1335
f 1354/1354 1335/1335 1362/1362
f 1362/1362 1335/1335 1337/1337
f 2203/2203 2204/2204 2202/2202
f 175/175 141/141 122/122
f 52/52 50/50 51/51
f 252/252 251/251 212/212
f 2/2 39/39 87/87
f 39/39 90/90 87/87
f 90/90 185/185 184/184
f 1694/1694 1890/1890 1906/1906
f 184/184 185/185 242/242
f 242/242 185/185 270/270
f 270/270 185/185 268/268
f 1245/1245 1255/1255 1254/1254
f 1241/1241 1245/1245 1238/1238
f 1238/1238 1245/1245 1247/1247
f 1238/1238 1247/1247 1239/1239
f 1238/1238 1239/1239 1230/1230
f 1231/1231 1238/1238 1230/1230
f 1231/1231 1230/1230 1224/1224
f 1224/1224 1230/1230 1223/1223
f 1140/1140 1224/1224 1223/1223
f 1128/1128 1224/1224 1140/1140
f 1163/1163 1153/1153 1152/1152
f 1288/1288 1287/1287 1299/1299
f 1299/1299 1287/1287 1290/1290
f 1290/1290 1289/1289 1369/1369
f 1369/1369 1289/1289 1296/1296
f 1295/1295 1293/1293 1301/1301
f 1787/1787 1915/1915 1929/1929
f 1306/1306 1303/1303 1307/1307
f 1308/1308 1306/1306 1307/1307
f 1308/1308 1307/1307 1309/1309
f 1316/1316 1308/1308 1315/1315
f 1322/1322 1316/1316 1315/1315
f 1322/1322 1315/1315 1321/1321
f 1322/1322 1321/1321 1335/1335
f 1336/1336 1322/1322 1335/1335
f 1354/1354 1336/1336 1335/1335
f 2201/2201 2199/2199 2202/2202
f 2199/2199 2203/2203 2202/2202
f 59/59 57/57 56/56
f 56/56 57/57 55/55
f 51/51 50/50 38/38
f 252/252 212/212 213/213
f 1/1 4/4 2/2
f 87/87 90/90 184/184
f 241/241 184/184 242/242
f 1246/1246 1255/1255 1245/1245
f 1236/1236 1246/1246 1241/1241
f 1241/1241 1246/1246 1245/1245
f 1231/1231 1241/1241 1238/1238
f 1128/1128 1231/1231 1224/1224
f 1126/1126 1128/1128 1129/1129
f 1134/1134 1126/1126 1135/1135
f 1135/1135 1126/1126 1129/1129
f 1199/1199 1185/1185 1186/1186
f 1186/1186 1185/1185 1182/1182
f 1163/1163 1180/1180 1179/1179
f 1163/1163 1179/1179 1153/1153
f 2614/2614 2643/2643 2638/2638
f 2614/2614 2638/2638 2607/2607
f 2638/2638 2639/2639 2610/2610
f 2607/2607 2638/2638 2610/2610
f 2610/2610 2639/2639 2609/2609
f 2609/2609 2639/2639 2641/2641
f 2609/2609 2641/2641 2640/2640
f 2609/2609 2640/2640 2612/2612
f 2640/2640 2642/2642 2612/2612
f 2612/2612 2642/2642 2626/2626
f 2626/2626 2644/2644 2611/2611
f 1296/1296 1294/1294 1365/1365
f 2611/2611 2644/2644 2616/2616
f 1365/1365 1294/1294 1295/1295
f 2647/2647 2643/2643 2614/2614
f 1302/1302 1301/1301 1303/1303
f 1305/1305 1303/1303 1306/1306
f 1316/1316 1306/1306 1308/1308
f 1306/1306 1316/1316 1330/1330
f 1322/1322 1323/1323 1316/1316
f 1331/1331 1323/1323 1338/1338
f 1338/1338 1323/1323 1336/1336
f 1323/1323 1322/1322 1336/1336
f 1354/1354 1338/1338 1336/1336
f 981/981 1106/1106 982/982
f 103/103 84/84 102/102
f 54/54 55/55 52/52
f 213/213 212/212 175/175
f 1/1 2/2 3/3
f 187/187 87/87 186/186
f 186/186 87/87 184/184
f 186/186 184/184 241/241
f 1248/1248 1257/1257 1246/1246
f 1236/1236 1248/1248 1246/1246
f 1236/1236 1241/1241 1231/1231
f 1232/1232 1236/1236 1231/1231
f 1127/1127 1232/1232 1128/1128
f 1128/1128 1232/1232 1231/1231
f 1126/1126 1127/1127 1128/1128
f 1131/1131 1126/1126 1134/1134
f 1153/1153 1136/1136 1137/1137
f 2612/2612 2626/2626 2608/2608
f 2608/2608 2626/2626 2611/2611
f 2615/2615 2611/2611 2616/2616
f 1302/1302 1303/1303 1305/1305
f 1330/1330 1305/1305 1306/1306
f 1331/1331 1330/1330 1316/1316
f 1331/1331 1316/1316 1323/1323
f 1347/1347 1331/1331 1338/1338
f 2196/2196 2199/2199 2200/2200
f 54/54 52/52 53/53
f 1250/1250 1260/1260 1257/1257
f 1250/1250 1257/1257 1248/1248
f 1250/1250 1248/1248 1242/1242
f 1242/1242 1248/1248 1236/1236
f 1233/1233 1242/1242 1236/1236
f 1233/1233 1236/1236 1232/1232
f 1233/1233 1232/1232 1127/1127
f 1130/1130 1233/1233 1127/1127
f 1130/1130 1127/1127 1126/1126
f 1199/1199 1204/1204 1192/1192
f 1199/1199 1192/1192 1185/1185
f 1136/1136 1131/1131 1137/1137
f 2606/2606 2607/2607 2610/2610
f 2606/2606 2610/2610 2609/2609
f 2606/2606 2609/2609 2598/2598
f 2598/2598 2609/2609 2600/2600
f 2609/2609 2612/2612 2600/2600
f 2600/2600 2612/2612 2608/2608
f 2646/2646 2647/2647 2614/2614
f 1358/1358 1365/1365 1295/1295
f 1295/1295 1301/1301 1302/1302
f 1787/1787 1929/1929 1779/1779
f 1343/1343 1305/1305 1330/1330
f 1344/1344 1343/1343 1330/1330
f 1344/1344 1330/1330 1331/1331
f 2192/2192 2193/2193 2195/2195
f 1344/1344 1331/1331 1347/1347
f 2192/2192 2195/2195 2196/2196
f 2197/2197 2192/2192 2196/2196
f 981/981 1111/1111 1106/1106
f 1111/1111 981/981 980/980
f 122/122 103/103 134/134
f 134/134 103/103 102/102
f 176/176 175/175 122/122
f 53/53 52/52 51/51
f 213/213 175/175 176/176
f 229/229 252/252 213/213
f 3/3 2/2 33/33
f 33/33 2/2 87/87
f 33/33 87/87 131/131
f 131/131 87/87 187/187
f 1694/1694 1899/1899 1684/1684
f 187/187 186/186 258/258
f 258/258 186/186 241/241
f 1259/1259 1260/1260 1250/1250
f 1243/1243 1250/1250 1242/1242
f 2605/2605 2606/2606 2597/2597
f 2606/2606 2598/2598 2597/2597
f 2600/2600 2608/2608 2601/2601
f 2601/2601 2608/2608 2603/2603
f 2603/2603 2608/2608 2611/2611
f 2603/2603 2611/2611 2615/2615
f 2646/2646 2614/2614 2627/2627
f 2627/2627 2614/2614 2613/2613
f 2613/2613 2614/2614 2607/2607
f 2591/2591 2615/2615 2616/2616
f 1358/1358 1295/1295 1302/1302
f 1343/1343 1302/1302 1305/1305
f 2189/2189 2192/2192 2187/2187
f 2187/2187 2192/2192 2197/2197
f 102/102 84/84 81/81
f 81/81 84/84 67/67
f 176/176 122/122 134/134
f 229/229 213/213 176/176
f 38/38 6/6 10/10
f 10/10 6/6 1/1
f 187/187 258/258 259/259
f 1243/1243 1259/1259 1250/1250
f 1263/1263 1259/1259 1243/1243
f 1234/1234 1243/1243 1242/1242
f 1234/1234 1242/1242 1233/1233
f 1132/1132 1234/1234 1233/1233
f 1132/1132 1233/1233 1130/1130
f 1131/1131 1132/1132 1130/1130
f 1133/1133 1132/1132 1131/1131
f 1136/1136 1133/1133 1131/1131
f 1138/1138 1133/1133 1136/1136
f 1133/1133 1138/1138 1197/1197
f 2613/2613 2607/2607 2605/2605
f 2605/2605 2607/2607 2606/2606
f 2599/2599 2598/2598 2600/2600
f 2599/2599 2600/2600 2601/2601
f 2603/2603 2615/2615 2591/2591
f 1376/1376 1365/1365 1358/1358
f 1358/1358 1302/1302 1357/1357
f 1357/1357 1302/1302 1356/1356
f 1356/1356 1302/1302 1343/1343
f 1356/1356 1343/1343 1359/1359
f 1359/1359 1343/1343 1344/1344
f 2194/2194 2193/2193 2189/2189
f 2189/2189 2193/2193 2192/2192
f 1112/1112 980/980 989/989
f 131/131 187/187 194/194
f 194/194 187/187 259/259
f 2378/2378 2371/2371 2373/2373
f 2371/2371 2372/2372 2373/2373
f 2372/2372 2375/2375 2374/2374
f 2605/2605 2597/2597 2596/2596
f 2596/2596 2597/2597 2598/2598
f 2596/2596 2598/2598 2599/2599
f 2602/2602 2599/2599 2601/2601
f 2602/2602 2601/2601 2603/2603
f 2602/2602 2603/2603 2604/2604
f 2603/2603 2591/2591 2604/2604
f 2648/2648 2646/2646 2627/2627
f 2586/2586 2589/2589 2587/2587
f 2586/2586 2587/2587 2588/2588
f 2588/2588 2594/2594 2593/2593
f 2194/2194 2189/2189 2190/2190
f 2190/2190 2189/2189 2186/2186
f 2187/2187 2186/2186 2189/2189
f 2186/2186 2187/2187 2188/2188
f 2188/2188 2187/2187 2191/2191
f 1113/1113 1112/1112 989/989
f 231/231 229/229 176/176
f 51/51 38/38 10/10
f 11/11 3/3 33/33
f 34/34 33/33 131/131
f 195/195 131/131 194/194
f 194/194 259/259 264/264
f 1634/1634 1651/1651 1644/1644
f 2619/2619 2605/2605 2618/2618
f 2618/2618 2605/2605 2596/2596
f 2596/2596 2599/2599 2617/2617
f 2617/2617 2599/2599 2602/2602
f 2627/2627 2613/2613 2622/2622
f 2622/2622 2613/2613 2619/2619
f 2619/2619 2613/2613 2605/2605
f 2595/2595 2604/2604 2591/2591
f 2595/2595 2591/2591 2590/2590
f 2590/2590 2591/2591 2589/2589
f 2590/2590 2589/2589 2586/2586
f 2592/2592 2588/2588 2593/2593
f 2412/2412 2428/2428 2431/2431
f 2432/2432 2434/2434 2423/2423
f 101/101 134/134 102/102
f 56/56 55/55 54/54
f 177/177 176/176 134/134
f 231/231 176/176 177/177
f 34/34 131/131 49/49
f 49/49 131/131 195/195
f 1634/1634 1644/1644 1629/1629
f 2620/2620 2618/2618 2596/2596
f 2596/2596 2617/2617 2620/2620
f 2621/2621 2617/2617 2602/2602
f 2621/2621 2602/2602 2595/2595
f 2602/2602 2604/2604 2595/2595
f 2595/2595 2590/2590 2636/2636
f 2476/2476 2504/2504 2421/2421
f 2410/2410 2432/2432 2423/2423
f 2423/2423 2434/2434 2433/2433
f 101/101 102/102 81/81
f 1/1 3/3 9/9
f 9/9 3/3 11/11
f 11/11 33/33 34/34
f 1631/1631 1634/1634 1612/1612
f 2619/2619 2618/2618 2623/2623
f 2618/2618 2620/2620 2623/2623
f 2623/2623 2620/2620 2625/2625
f 2620/2620 2617/2617 2625/2625
f 2625/2625 2617/2617 2624/2624
f 2624/2624 2617/2617 2621/2621
f 2645/2645 2627/2627 2622/2622
f 2636/2636 2590/2590 2637/2637
f 2648/2648 2627/2627 2645/2645
f 2405/2405 2410/2410 2399/2399
f 236/236 231/231 177/177
f 10/10 1/1 9/9
f 49/49 195/195 196/196
f 2624/2624 2621/2621 2628/2628
f 2628/2628 2621/2621 2595/2595
f 177/177 134/134 132/132
f 178/178 236/236 177/177
f 49/49 196/196 173/173
f 196/196 244/244 173/173
f 2635/2635 2628/2628 2633/2633
f 2619/2619 2623/2623 2631/2631
f 2632/2632 2619/2619 2631/2631
f 2631/2631 2623/2623 2630/2630
f 2630/2630 2623/2623 2625/2625
f 2625/2625 2624/2624 2630/2630
f 2630/2630 2624/2624 2629/2629
f 2629/2629 2624/2624 2628/2628
f 2633/2633 2595/2595 2636/2636
f 2645/2645 2622/2622 2634/2634
f 2634/2634 2622/2622 2632/2632
f 2632/2632 2622/2622 2619/2619
f 2416/2416 2406/2406 2413/2413
f 2406/2406 2400/2400 2413/2413
f 132/132 134/134 101/101
f 11/11 34/34 15/15
f 34/34 49/49 15/15
f 49/49 173/173 106/106
f 1677/1677 1678/1678 1682/1682
f 173/173 244/244 172/172
f 172/172 244/244 243/243
f 2474/2474 2475/2475 2457/2457
f 2457/2457 2475/2475 2469/2469
f 2629/2629 2628/2628 2635/2635
f 2470/2470 2471/2471 2453/2453
f 2650/2650 2645/2645 2634/2634
f 1007/1007 1098/1098 1003/1003
f 62/62 59/59 56/56
f 54/54 53/53 65/65
f 15/15 49/49 41/41
f 49/49 106/106 41/41
f 106/106 173/173 172/172
f 2457/2457 2469/2469 2454/2454
f 2454/2454 2469/2469 2452/2452
f 2452/2452 2470/2470 2453/2453
f 2459/2459 2473/2473 2456/2456
f 2456/2456 2473/2473 2474/2474
f 2507/2507 2472/2472 2451/2451
f 2477/2477 2413/2413 2417/2417
f 1092/1092 1098/1098 1007/1007
f 132/132 101/101 82/82
f 178/178 177/177 132/132
f 65/65 53/53 68/68
f 68/68 53/53 51/51
f 9/9 11/11 12/12
f 12/12 11/11 15/15
f 1627/1627 1624/1624 1632/1632
f 1624/1624 1594/1594 1626/1626
f 1417/1417 1408/1408 1416/1416
f 2447/2447 2448/2448 2445/2445
f 2460/2460 2453/2453 2471/2471
f 2521/2521 2507/2507 2468/2468
f 2479/2479 2478/2478 2417/2417
f 82/82 101/101 81/81
f 62/62 67/67 59/59
f 58/58 56/56 54/54
f 106/106 172/172 105/105
f 105/105 172/172 171/171
f 171/171 243/243 209/209
f 1626/1626 1600/1600 1633/1633
f 1600/1600 1594/1594 1599/1599
f 2449/2449 2447/2447 2446/2446
f 2437/2437 2452/2452 2453/2453
f 2515/2515 2521/2521 2468/2468
f 2499/2499 2478/2478 2500/2500
f 2478/2478 2479/2479 2483/2483
f 2418/2418 2480/2480 2414/2414
f 82/82 81/81 71/71
f 71/71 81/81 67/67
f 71/71 67/67 62/62
f 62/62 56/56 58/58
f 51/51 10/10 68/68
f 210/210 236/236 178/178
f 13/13 10/10 9/9
f 41/41 106/106 105/105
f 105/105 171/171 142/142
f 1633/1633 1625/1625 1649/1649
f 1605/1605 1604/1604 1613/1613
f 2503/2503 2468/2468 2458/2458
f 2483/2483 2479/2479 2481/2481
f 2481/2481 2480/2480 2418/2418
f 2418/2418 2402/2402 2398/2398
f 2388/2388 2389/2389 2430/2430
f 83/83 132/132 82/82
f 58/58 54/54 65/65
f 179/179 178/178 138/138
f 138/138 178/178 132/132
f 35/35 68/68 10/10
f 35/35 10/10 13/13
f 16/16 12/12 15/15
f 15/15 41/41 24/24
f 142/142 209/209 148/148
f 148/148 224/224 188/188
f 188/188 189/189 108/108
f 2296/2296 2292/2292 2294/2294
f 1708/1708 1727/1727 1720/1720
f 2275/2275 2277/2277 2266/2266
f 2500/2500 2483/2483 2502/2502
f 2502/2502 2483/2483 2506/2506
f 2481/2481 2482/2482 2497/2497
f 2379/2379 2382/2382 2380/2380
f 138/138 132/132 83/83
f 210/210 178/178 179/179
f 13/13 9/9 12/12
f 16/16 15/15 24/24
f 24/24 41/41 26/26
f 26/26 105/105 28/28
f 28/28 105/105 142/142
f 28/28 142/142 47/47
f 47/47 142/142 148/148
f 47/47 148/148 93/93
f 93/93 148/148 136/136
f 108/108 189/189 168/168
f 1666/1666 1663/1663 1669/1669
f 168/168 189/189 228/228
f 168/168 228/228 219/219
f 219/219 228/228 256/256
f 2294/2294 2292/2292 2286/2286
f 2286/2286 2292/2292 2290/2290
f 1459/1459 1449/1449 1444/1444
f 1424/1424 1425/1425 1423/1423
f 2495/2495 2455/2455 2501/2501
f 2262/2262 2266/2266 2260/2260
f 2260/2260 2266/2266 2261/2261
f 2261/2261 2266/2266 2259/2259
f 2259/2259 2272/2272 2263/2263
f 2272/2272 2273/2273 2263/2263
f 2506/2506 2481/2481 2497/2497
f 2497/2497 2482/2482 2485/2485
f 965/965 1021/1021 947/947
f 931/931 988/988 868/868
f 65/65 68/68 75/75
f 1681/1681 1682/1682 1955/1955
f 108/108 93/93 136/136
f 154/154 108/108 168/168
f 154/154 168/168 200/200
f 168/168 219/219 200/200
f 219/219 256/256 248/248
f 1996/1996 2006/2006 1997/1997
f 2286/2286 2290/2290 2287/2287
f 2276/2276 2275/2275 2224/2224
f 2224/2224 2275/2275 2262/2262
f 2263/2263 2273/2273 2264/2264
f 2273/2273 2274/2274 2264/2264
f 2264/2264 2274/2274 2265/2265
f 2265/2265 2274/2274 2267/2267
f 2271/2271 2278/2278 2206/2206
f 2206/2206 2278/2278 2207/2207
f 2424/2424 2379/2379 2435/2435
f 2693/2693 2694/2694 2695/2695
f 2698/2698 2695/2695 2702/2702
f 68/68 35/35 76/76
f 76/76 35/35 31/31
f 31/31 13/13 22/22
f 22/22 13/13 12/12
f 16/16 24/24 25/25
f 24/24 26/26 25/25
f 26/26 28/28 27/27
f 27/27 28/28 32/32
f 32/32 28/28 47/47
f 32/32 47/47 93/93
f 94/94 93/93 108/108
f 266/266 200/200 248/248
f 248/248 200/200 219/219
f 1996/1996 1997/1997 1988/1988
f 2496/2496 2495/2495 2519/2519
f 2519/2519 2495/2495 2520/2520
f 2249/2249 2262/2262 2260/2260
f 2248/2248 2260/2260 2261/2261
f 2248/2248 2261/2261 2259/2259
f 2256/2256 2259/2259 2263/2263
f 2256/2256 2263/2263 2264/2264
f 2257/2257 2264/2264 2265/2265
f 2265/2265 2267/2267 2258/2258
f 2258/2258 2267/2267 2244/2244
f 2244/2244 2267/2267 2271/2271
f 2244/2244 2271/2271 2206/2206
f 2693/2693 2695/2695 2696/2696
f 71/71 62/62 64/64
f 62/62 58/58 63/63
f 63/63 58/58 65/65
f 63/63 65/65 75/75
f 179/179 138/138 150/150
f 75/75 68/68 76/76
f 35/35 13/13 31/31
f 22/22 12/12 21/21
f 21/21 12/12 16/16
f 21/21 16/16 25/25
f 25/25 26/26 27/27
f 32/32 93/93 94/94
f 94/94 108/108 130/130
f 130/130 108/108 154/154
f 197/197 154/154 227/227
f 154/154 200/200 227/227
f 227/227 200/200 266/266
f 1980/1980 1990/1990 1988/1988
f 1988/1988 1990/1990 1996/1996
f 1980/1980 1988/1988 1987/1987
f 1987/1987 1988/1988 2004/2004
f 2004/2004 1988/1988 2007/2007
f 2672/2672 2673/2673 2674/2674
f 2007/2007 1988/1988 2008/2008
f 2299/2299 2294/2294 2298/2298
f 2298/2298 2294/2294 2286/2286
f 2286/2286 2287/2287 2288/2288
f 2288/2288 2287/2287 2289/2289
f 2224/2224 2262/2262 2255/2255
f 2255/2255 2262/2262 2249/2249
f 2249/2249 2260/2260 2248/2248
f 2248/2248 2259/2259 2247/2247
f 2247/2247 2259/2259 2256/2256
f 2256/2256 2264/2264 2257/2257
f 2245/2245 2257/2257 2237/2237
f 2237/2237 2257/2257 2258/2258
f 2697/2697 2693/2693 2696/2696
f 2662/2662 2660/2660 2661/2661
f 2662/2662 2661/2661 2663/2663
f 2698/2698 2701/2701 2696/2696
f 2664/2664 2660/2660 2662/2662
f 2660/2660 2664/2664 2665/2665
f 2664/2664 2662/2662 2663/2663
f 2704/2704 2698/2698 2703/2703
f 2705/2705 2704/2704 2703/2703
f 83/83 82/82 71/71
f 64/64 62/62 63/63
f 210/210 179/179 150/150
f 1681/1681 1955/1955 1685/1685
f 114/114 27/27 32/32
f 94/94 130/130 161/161
f 1668/1668 1669/1669 1672/1672
f 161/161 130/130 197/197
f 130/130 154/154 197/197
f 1989/1989 1990/1990 1980/1980
f 1981/1981 1978/1978 1980/1980
f 1985/1985 1981/1981 1980/1980
f 1985/1985 1980/1980 1987/1987
f 2004/2004 1985/1985 1987/1987
f 2298/2298 2286/2286 2288/2288
f 2223/2223 2224/2224 2221/2221
f 2222/2222 2223/2223 2221/2221
f 2221/2221 2224/2224 2255/2255
f 2246/2246 2256/2256 2257/2257
f 2246/2246 2257/2257 2245/2245
f 2237/2237 2258/2258 2244/2244
f 2237/2237 2244/2244 2208/2208
f 2208/2208 2244/2244 2206/2206
f 2208/2208 2206/2206 2205/2205
f 2205/2205 2206/2206 2207/2207
f 2699/2699 2693/2693 2697/2697
f 2734/2734 2732/2732 2701/2701
f 2701/2701 2697/2697 2696/2696
f 2656/2656 2659/2659 2660/2660
f 2655/2655 2656/2656 2665/2665
f 2665/2665 2656/2656 2660/2660
f 2655/2655 2665/2665 2668/2668
f 2666/2666 2665/2665 2664/2664
f 207/207 210/210 150/150
f 21/21 25/25 44/44
f 25/25 27/27 44/44
f 44/44 27/27 45/45
f 45/45 27/27 114/114
f 32/32 94/94 114/114
f 114/114 94/94 161/161
f 1979/1979 1991/1991 1989/1989
f 1976/1976 1977/1977 1978/1978
f 1982/1982 1976/1976 1978/1978
f 1977/1977 1979/1979 1978/1978
f 1979/1979 1989/1989 1980/1980
f 1978/1978 1979/1979 1980/1980
f 1983/1983 1982/1982 1981/1981
f 1981/1981 1982/1982 1978/1978
f 1986/1986 1983/1983 1985/1985
f 1985/1985 1983/1983 1981/1981
f 2000/2000 1986/1986 1985/1985
f 2000/2000 1985/1985 2001/2001
f 2137/2137 2163/2163 2162/2162
f 2137/2137 2162/2162 2138/2138
f 2001/2001 1985/1985 2005/2005
f 2005/2005 1985/1985 2004/2004
f 2138/2138 2146/2146 2141/2141
f 2141/2141 2146/2146 2145/2145
f 2145/2145 2158/2158 2144/2144
f 2288/2288 2289/2289 2297/2297
f 2247/2247 2256/2256 2246/2246
f 2245/2245 2237/2237 2235/2235
f 2235/2235 2237/2237 2236/2236
f 2236/2236 2237/2237 2208/2208
f 2733/2733 2711/2711 2732/2732
f 2733/2733 2732/2732 2734/2734
f 2653/2653 2655/2655 2668/2668
f 2653/2653 2668/2668 2667/2667
f 2669/2669 2653/2653 2667/2667
f 2667/2667 2668/2668 2665/2665
f 2667/2667 2665/2665 2666/2666
f 1122/1122 1124/1124 1103/1103
f 2728/2728 2729/2729 2726/2726
f 83/83 71/71 86/86
f 86/86 71/71 78/78
f 73/73 71/71 64/64
f 64/64 63/63 73/73
f 73/73 63/63 80/80
f 80/80 63/63 75/75
f 150/150 138/138 104/104
f 75/75 76/76 111/111
f 76/76 31/31 127/127
f 99/99 22/22 21/21
f 21/21 44/44 99/99
f 161/161 197/197 233/233
f 233/233 197/197 260/260
f 1992/1992 1991/1991 1977/1977
f 1977/1977 1991/1991 1979/1979
f 2139/2139 2137/2137 2136/2136
f 2136/2136 2137/2137 2138/2138
f 2136/2136 2138/2138 2140/2140
f 2140/2140 2138/2138 2141/2141
f 2142/2142 2141/2141 2144/2144
f 2141/2141 2145/2145 2144/2144
f 825/825 833/833 824/824
f 2252/2252 2255/2255 2249/2249
f 2252/2252 2249/2249 2242/2242
f 2242/2242 2249/2249 2231/2231
f 2249/2249 2248/2248 2231/2231
f 2226/2226 2248/2248 2247/2247
f 2227/2227 2247/2247 2246/2246
f 2227/2227 2246/2246 2245/2245
f 2227/2227 2245/2245 2235/2235
f 2236/2236 2208/2208 2209/2209
f 2209/2209 2208/2208 2205/2205
f 2700/2700 2699/2699 2697/2697
f 2654/2654 2653/2653 2669/2669
f 864/864 883/883 863/863
f 104/104 138/138 83/83
f 104/104 83/83 86/86
f 78/78 71/71 73/73
f 95/95 80/80 75/75
f 95/95 75/75 111/111
f 111/111 76/76 127/127
f 255/255 207/207 240/240
f 127/127 31/31 128/128
f 31/31 22/22 128/128
f 22/22 99/99 129/129
f 145/145 45/45 114/114
f 1993/1993 1992/1992 1977/1977
f 1994/1994 1993/1993 1977/1977
f 2152/2152 2139/2139 2136/2136
f 2152/2152 2136/2136 2153/2153
f 2153/2153 2136/2136 2149/2149
f 2143/2143 2136/2136 2140/2140
f 2140/2140 2141/2141 2142/2142
f 752/752 825/825 824/824
f 752/752 824/824 819/819
f 2222/2222 2221/2221 2219/2219
f 2219/2219 2221/2221 2220/2220
f 2220/2220 2221/2221 2255/2255
f 2220/2220 2255/2255 2252/2252
f 2226/2226 2231/2231 2248/2248
f 2226/2226 2247/2247 2227/2227
f 2229/2229 2227/2227 2235/2235
f 2234/2234 2235/2235 2236/2236
f 2209/2209 2205/2205 2210/2210
f 795/795 796/796 828/828
f 2726/2726 2727/2727 2728/2728
f 1125/1125 1124/1124 1122/1122
f 155/155 150/150 104/104
f 207/207 150/150 155/155
f 22/22 129/129 128/128
f 129/129 99/99 143/143
f 143/143 99/99 44/44
f 44/44 45/45 145/145
f 145/145 114/114 162/162
f 162/162 114/114 190/190
f 190/190 114/114 161/161
f 1675/1675 1668/1668 1679/1679
f 161/161 233/233 234/234
f 1995/1995 1992/1992 1993/1993
f 2003/2003 1993/1993 1994/1994
f 2002/2002 1993/1993 2003/2003
f 2161/2161 2156/2156 2155/2155
f 2155/2155 2156/2156 2150/2150
f 2150/2150 2156/2156 2153/2153
f 2143/2143 2140/2140 2142/2142
f 753/753 752/752 819/819
f 2234/2234 2229/2229 2235/2235
f 2214/2214 2234/2234 2236/2236
f 2211/2211 2209/2209 2210/2210
f 2716/2716 2724/2724 2718/2718
f 2670/2670 2671/2671 2654/2654
f 2670/2670 2654/2654 2669/2669
f 2718/2718 2727/2727 2726/2726
f 870/870 974/974 864/864
f 97/97 73/73 80/80
f 112/112 80/80 95/95
f 111/111 127/127 137/137
f 137/137 127/127 163/163
f 163/163 127/127 164/164
f 127/127 128/128 164/164
f 143/143 44/44 145/145
f 1675/1675 1679/1679 1687/1687
f 190/190 161/161 234/234
f 237/237 190/190 234/234
f 1998/1998 1999/1999 1995/1995
f 1998/1998 1995/1995 1993/1993
f 1998/1998 1993/1993 2002/2002
f 2151/2151 2155/2155 2150/2150
f 2151/2151 2150/2150 2148/2148
f 2148/2148 2150/2150 2149/2149
f 2148/2148 2149/2149 2143/2143
f 2147/2147 2143/2143 2142/2142
f 747/747 826/826 752/752
f 752/752 826/826 825/825
f 1483/1483 1472/1472 1500/1500
f 2220/2220 2252/2252 2269/2269
f 2242/2242 2231/2231 2232/2232
f 2228/2228 2227/2227 2229/2229
f 2214/2214 2236/2236 2211/2211
f 2211/2211 2236/2236 2209/2209
f 2212/2212 2211/2211 2210/2210
f 711/711 796/796 795/795
f 710/710 711/711 795/795
f 2700/2700 2707/2707 2708/2708
f 710/710 795/795 768/768
f 2717/2717 2716/2716 2718/2718
f 2720/2720 2718/2718 2723/2723
f 2723/2723 2718/2718 2726/2726
f 958/958 977/977 870/870
f 125/125 104/104 86/86
f 144/144 155/155 104/104
f 144/144 104/104 125/125
f 97/97 80/80 112/112
f 191/191 155/155 144/144
f 112/112 95/95 137/137
f 137/137 95/95 111/111
f 240/240 155/155 191/191
f 164/164 128/128 165/165
f 165/165 128/128 166/166
f 128/128 129/129 166/166
f 143/143 145/145 181/181
f 181/181 145/145 162/162
f 204/204 162/162 190/190
f 1688/1688 1675/1675 1687/1687
f 829/829 834/834 817/817
f 2160/2160 2159/2159 2157/2157
f 2159/2159 2155/2155 2157/2157
f 2155/2155 2151/2151 2157/2157
f 2157/2157 2151/2151 2154/2154
f 2151/2151 2148/2148 2154/2154
f 2154/2154 2148/2148 2147/2147
f 2148/2148 2143/2143 2147/2147
f 753/753 706/706 752/752
f 707/707 822/822 792/792
f 1470/1470 1453/1453 1471/1471
f 2218/2218 2219/2219 2220/2220
f 2269/2269 2252/2252 2253/2253
f 2253/2253 2252/2252 2242/2242
f 2231/2231 2226/2226 2230/2230
f 2232/2232 2231/2231 2230/2230
f 2226/2226 2227/2227 2228/2228
f 2230/2230 2226/2226 2228/2228
f 2228/2228 2229/2229 2233/2233
f 2233/2233 2229/2229 2234/2234
f 2233/2233 2234/2234 2214/2214
f 2213/2213 2214/2214 2211/2211
f 1775/1775 1728/1728 1783/1783
f 2722/2722 2723/2723 2730/2730
f 940/940 998/998 961/961
f 86/86 78/78 109/109
f 109/109 78/78 98/98
f 98/98 78/78 73/73
f 98/98 73/73 97/97
f 169/169 137/137 163/163
f 166/166 129/129 143/143
f 181/181 166/166 143/143
f 181/181 162/162 199/199
f 199/199 162/162 204/204
f 818/818 829/829 817/817
f 706/706 705/705 747/747
f 706/706 747/747 752/752
f 707/707 706/706 753/753
f 1491/1491 1469/1469 1497/1497
f 1469/1469 1491/1491 1466/1466
f 1716/1716 1723/1723 1729/1729
f 2253/2253 2242/2242 2243/2243
f 2243/2243 2242/2242 2239/2239
f 2242/2242 2232/2232 2239/2239
f 2215/2215 2233/2233 2214/2214
f 2215/2215 2214/2214 2213/2213
f 2213/2213 2211/2211 2212/2212
f 687/687 710/710 768/768
f 2731/2731 2735/2735 2708/2708
f 2731/2731 2717/2717 2725/2725
f 2735/2735 2731/2731 2725/2725
f 2725/2725 2717/2717 2719/2719
f 1037/1037 1005/1005 985/985
f 125/125 86/86 109/109
f 169/169 163/163 192/192
f 192/192 163/163 164/164
f 164/164 165/165 201/201
f 238/238 204/204 190/190
f 238/238 190/190 237/237
f 727/727 779/779 705/705
f 779/779 780/780 705/705
f 705/705 780/780 747/747
f 1500/1500 1513/1513 1514/1514
f 2218/2218 2220/2220 2225/2225
f 804/804 838/838 836/836
f 2225/2225 2220/2220 2269/2269
f 2225/2225 2269/2269 2270/2270
f 2270/2270 2269/2269 2253/2253
f 2232/2232 2230/2230 2238/2238
f 2239/2239 2232/2232 2238/2238
f 2230/2230 2228/2228 2240/2240
f 2238/2238 2230/2230 2240/2240
f 2228/2228 2233/2233 2241/2241
f 2215/2215 2213/2213 2216/2216
f 688/688 744/744 650/650
f 650/650 744/744 711/711
f 650/650 711/711 710/710
f 650/650 710/710 687/687
f 151/151 97/97 112/112
f 247/247 191/191 214/214
f 192/192 164/164 201/201
f 201/201 165/165 203/203
f 203/203 165/165 166/166
f 203/203 166/166 215/215
f 215/215 166/166 216/216
f 216/216 166/166 181/181
f 216/216 181/181 199/199
f 750/750 818/818 817/817
f 750/750 817/817 727/727
f 727/727 817/817 779/779
f 675/675 727/727 705/705
f 674/674 675/675 705/705
f 674/674 705/705 706/706
f 671/671 674/674 706/706
f 764/764 671/671 792/792
f 1496/1496 1497/1497 1468/1468
f 837/837 804/804 805/805
f 2270/2270 2253/2253 2254/2254
f 2254/2254 2253/2253 2243/2243
f 2241/2241 2240/2240 2228/2228
f 2241/2241 2233/2233 2215/2215
f 2241/2241 2215/2215 2217/2217
f 630/630 688/688 650/650
f 631/631 650/650 687/687
f 709/709 687/687 755/755
f 757/757 709/709 755/755
f 149/149 144/144 125/125
f 149/149 125/125 109/109
f 149/149 109/109 146/146
f 146/146 109/109 98/98
f 146/146 98/98 97/97
f 146/146 97/97 151/151
f 170/170 191/191 144/144
f 170/170 144/144 149/149
f 151/151 112/112 159/159
f 214/214 191/191 170/170
f 159/159 112/112 137/137
f 137/137 169/169 159/159
f 1937/1937 1916/1916 1970/1970
f 1797/1797 1916/1916 1937/1937
f 198/198 169/169 192/192
f 192/192 201/201 230/230
f 230/230 201/201 246/246
f 246/246 201/201 203/203
f 726/726 810/810 743/743
f 786/786 798/798 741/741
f 741/741 798/798 797/797
f 741/741 797/797 718/718
f 718/718 797/797 750/750
f 641/641 727/727 675/675
f 623/623 641/641 675/675
f 623/623 675/675 674/674
f 671/671 623/623 674/674
f 1493/1493 1494/1494 1508/1508
f 1509/1509 1495/1495 1506/1506
f 804/804 836/836 802/802
f 2280/2280 2225/2225 2270/2270
f 2254/2254 2243/2243 2251/2251
f 1729/1729 1798/1798 1889/1889
f 2243/2243 2239/2239 2251/2251
f 2251/2251 2239/2239 2250/2250
f 2250/2250 2239/2239 2238/2238
f 2250/2250 2238/2238 2240/2240
f 2268/2268 2241/2241 2217/2217
f 2217/2217 2215/2215 2216/2216
f 770/770 688/688 663/663
f 630/630 663/663 688/688
f 630/630 650/650 631/631
f 637/637 631/631 709/709
f 695/695 637/637 757/757
f 637/637 709/709 757/757
f 734/734 695/695 775/775
f 775/775 695/695 776/776
f 766/766 734/734 775/775
f 722/722 766/766 778/778
f 214/214 170/170 223/223
f 159/159 169/169 198/198
f 198/198 192/192 230/230
f 743/743 810/810 742/742
f 810/810 799/799 742/742
f 742/742 799/799 786/786
f 742/742 786/786 741/741
f 680/680 718/718 750/750
f 680/680 750/750 727/727
f 641/641 680/680 727/727
f 680/680 641/641 578/578
f 578/578 641/641 623/623
f 574/574 578/578 623/623
f 574/574 623/623 671/671
f 681/681 574/574 671/671
f 764/764 681/681 671/671
f 774/774 681/681 764/764
f 1508/1508 1510/1510 1496/1496
f 682/682 804/804 676/676
f 676/676 804/804 802/802
f 2279/2279 2251/2251 2250/2250
f 2250/2250 2240/2240 2268/2268
f 2268/2268 2240/2240 2241/2241
f 740/740 770/770 663/663
f 575/575 663/663 630/630
f 722/722 734/734 766/766
f 746/746 791/791 732/732
f 791/791 746/746 790/790
f 790/790 746/746 745/745
f 790/790 745/745 789/789
f 789/789 745/745 778/778
f 778/778 745/745 722/722
f 1029/1029 1049/1049 1031/1031
f 1029/1029 1009/1009 1030/1030
f 193/193 170/170 149/149
f 193/193 149/149 182/182
f 149/149 146/146 182/182
f 182/182 146/146 174/174
f 146/146 151/151 174/174
f 174/174 151/151 159/159
f 223/223 170/170 193/193
f 174/174 159/159 202/202
f 206/206 159/159 198/198
f 249/249 198/198 230/230
f 756/756 777/777 715/715
f 715/715 777/777 726/726
f 703/703 726/726 743/743
f 703/703 743/743 702/702
f 702/702 743/743 742/742
f 742/742 698/698 702/702
f 698/698 742/742 741/741
f 698/698 741/741 718/718
f 669/669 698/698 718/718
f 587/587 698/698 669/669
f 669/669 718/718 680/680
f 669/669 578/578 567/567
f 578/578 669/669 680/680
f 567/567 578/578 574/574
f 655/655 574/574 681/681
f 655/655 681/681 774/774
f 1860/1860 1861/1861 1918/1918
f 724/724 808/808 807/807
f 699/699 724/724 807/807
f 806/806 699/699 807/807
f 805/805 682/682 806/806
f 1800/1800 1891/1891 1799/1799
f 682/682 805/805 804/804
f 692/692 676/676 802/802
f 692/692 802/802 803/803
f 692/692 803/803 693/693
f 693/693 803/803 813/813
f 693/693 813/813 730/730
f 730/730 813/813 814/814
f 572/572 730/730 713/713
f 730/730 816/816 713/713
f 713/713 816/816 740/740
f 713/713 740/740 685/685
f 685/685 740/740 663/663
f 575/575 685/685 663/663
f 575/575 630/630 576/576
f 576/576 630/630 631/631
f 637/637 576/576 631/631
f 636/636 576/576 637/637
f 695/695 636/636 637/637
f 667/667 636/636 695/695
f 734/734 667/667 695/695
f 722/722 667/667 734/734
f 746/746 731/731 690/690
f 746/746 690/690 745/745
f 745/745 690/690 722/722
f 722/722 690/690 660/660
f 761/761 732/732 809/809
f 1080/1080 1049/1049 1029/1029
f 232/232 174/174 202/202
f 202/202 159/159 206/206
f 262/262 214/214 223/223
f 206/206 198/198 249/249
f 716/716 715/715 726/726
f 716/716 726/726 645/645
f 645/645 726/726 703/703
f 645/645 703/703 644/644
f 644/644 703/703 643/643
f 643/643 703/703 702/702
f 643/643 702/702 642/642
f 642/642 702/702 698/698
f 642/642 698/698 587/587
f 567/567 587/587 669/669
f 563/563 567/567 568/568
f 568/568 567/567 574/574
f 568/568 574/574 655/655
f 581/581 568/568 655/655
f 581/581 655/655 723/723
f 724/724 581/581 723/723
f 582/582 581/581 724/724
f 582/582 724/724 699/699
f 682/682 582/582 699/699
f 555/555 582/582 682/682
f 556/556 555/555 676/676
f 555/555 682/682 676/676
f 664/664 556/556 676/676
f 664/664 676/676 692/692
f 664/664 692/692 693/693
f 665/665 664/664 693/693
f 665/665 693/693 730/730
f 665/665 730/730 572/572
f 586/586 572/572 713/713
f 586/586 713/713 685/685
f 569/569 586/586 685/685
f 569/569 685/685 575/575
f 570/570 569/569 575/575
f 570/570 575/575 576/576
f 571/571 570/570 577/577
f 577/577 570/570 576/576
f 577/577 576/576 636/636
f 571/571 577/577 667/667
f 577/577 636/636 667/667
f 660/660 571/571 667/667
f 662/662 661/661 690/690
f 690/690 661/661 660/660
f 731/731 662/662 690/690
f 666/666 662/662 732/732
f 732/732 662/662 731/731
f 182/182 174/174 222/222
f 222/222 174/174 232/232
f 223/223 193/193 245/245
f 801/801 800/800 717/717
f 717/717 800/800 756/756
f 835/835 820/820 771/771
f 717/717 756/756 729/729
f 1937/1937 1971/1971 1910/1910
f 729/729 756/756 715/715
f 729/729 715/715 679/679
f 653/653 716/716 645/645
f 583/583 645/645 566/566
f 566/566 645/645 644/644
f 644/644 643/643 564/564
f 643/643 642/642 564/564
f 564/564 642/642 565/565
f 565/565 642/642 587/587
f 566/566 644/644 564/564
f 565/565 587/587 567/567
f 563/563 565/565 567/567
f 550/550 566/566 564/564
f 564/564 565/565 563/563
f 550/550 564/564 563/563
f 1917/1917 1961/1961 1918/1918
f 559/559 550/550 563/563
f 563/563 568/568 560/560
f 559/559 563/563 560/560
f 560/560 568/568 581/581
f 547/547 550/550 559/559
f 554/554 559/559 560/560
f 554/554 547/547 559/559
f 554/554 560/560 582/582
f 547/547 554/554 553/553
f 553/553 554/554 555/555
f 555/555 554/554 582/582
f 553/553 555/555 548/548
f 548/548 547/547 553/553
f 544/544 547/547 548/548
f 556/556 548/548 555/555
f 548/548 556/556 558/558
f 558/558 556/556 664/664
f 558/558 664/664 665/665
f 1907/1907 1898/1898 1960/1960
f 548/548 558/558 557/557
f 544/544 548/548 557/557
f 551/551 544/544 557/557
f 557/557 558/558 572/572
f 558/558 665/665 572/572
f 557/557 572/572 561/561
f 1930/1930 1907/1907 1967/1967
f 572/572 586/586 561/561
f 561/561 586/586 569/569
f 552/552 551/551 557/557
f 542/542 551/551 552/552
f 552/552 557/557 561/561
f 552/552 561/561 562/562
f 562/562 561/561 569/569
f 562/562 569/569 570/570
f 580/580 542/542 579/579
f 579/579 542/542 552/552
f 552/552 562/562 573/573
f 573/573 562/562 571/571
f 562/562 570/570 571/571
f 579/579 552/552 573/573
f 580/580 579/579 662/662
f 662/662 579/579 661/661
f 579/579 573/573 660/660
f 666/666 580/580 662/662
f 700/700 666/666 732/732
f 700/700 732/732 761/761
f 751/751 733/733 788/788
f 733/733 761/761 788/788
f 193/193 182/182 245/245
f 245/245 182/182 222/222
f 735/735 820/820 769/769
f 762/762 801/801 717/717
f 823/823 771/771 763/763
f 784/784 823/823 763/763
f 784/784 763/763 697/697
f 653/653 679/679 715/715
f 653/653 715/715 716/716
f 583/583 653/653 645/645
f 585/585 583/583 549/549
f 549/549 583/583 566/566
f 566/566 550/550 549/549
f 585/585 549/549 546/546
f 546/546 549/549 547/547
f 549/549 550/550 547/547
f 584/584 585/585 546/546
f 1891/1891 1956/1956 1959/1959
f 827/827 760/760 759/759
f 584/584 546/546 543/543
f 546/546 547/547 544/544
f 783/783 827/827 759/759
f 543/543 546/546 544/544
f 542/542 543/543 544/544
f 545/545 543/543 542/542
f 542/542 544/544 551/551
f 626/626 545/545 580/580
f 545/545 542/542 580/580
f 831/831 785/785 758/758
f 666/666 626/626 580/580
f 652/652 626/626 666/666
f 821/821 830/830 758/758
f 821/821 758/758 749/749
f 781/781 821/821 749/749
f 700/700 652/652 666/666
f 769/769 767/767 736/736
f 736/736 767/767 686/686
f 767/767 762/762 686/686
f 686/686 762/762 689/689
f 735/735 769/769 714/714
f 689/689 762/762 717/717
f 763/763 771/771 691/691
f 771/771 735/735 691/691
f 717/717 729/729 679/679
f 763/763 691/691 697/697
f 640/640 679/679 653/653
f 794/794 784/784 697/697
f 794/794 697/697 725/725
f 583/583 640/640 653/653
f 794/794 725/725 737/737
f 811/811 794/794 737/737
f 811/811 737/737 812/812
f 610/610 583/583 585/585
f 812/812 737/737 773/773
f 589/589 585/585 584/584
f 588/588 584/584 543/543
f 783/783 759/759 721/721
f 783/783 721/721 772/772
f 588/588 543/543 545/545
f 785/785 772/772 719/719
f 588/588 545/545 607/607
f 626/626 607/607 545/545
f 758/758 785/785 719/719
f 781/781 749/749 694/694
f 673/673 652/652 700/700
f 781/781 694/694 748/748
f 748/748 694/694 728/728
f 673/673 700/700 733/733
f 712/712 673/673 733/733
f 712/712 754/754 696/696
f 754/754 712/712 751/751
f 712/712 733/733 751/751
f 765/765 748/748 728/728
f 765/765 728/728 701/701
f 765/765 701/701 793/793
f 793/793 701/701 708/708
f 793/793 708/708 787/787
f 787/787 708/708 782/782
f 714/714 736/736 684/684
f 684/684 736/736 686/686
f 735/735 714/714 668/668
f 668/668 714/714 684/684
f 656/656 689/689 717/717
f 735/735 668/668 691/691
f 656/656 717/717 679/679
f 656/656 679/679 640/640
f 611/611 640/640 583/583
f 610/610 611/611 583/583
f 773/773 737/737 738/738
f 591/591 610/610 585/585
f 589/589 591/591 585/585
f 773/773 738/738 739/739
f 760/760 773/773 739/739
f 760/760 739/739 683/683
f 759/759 760/760 683/683
f 759/759 683/683 721/721
f 588/588 589/589 584/584
f 772/772 721/721 720/720
f 719/719 772/772 720/720
f 606/606 588/588 607/607
f 616/616 606/606 607/607
f 616/616 607/607 626/626
f 758/758 719/719 704/704
f 625/625 616/616 652/652
f 616/616 626/626 652/652
f 749/749 758/758 704/704
f 749/749 704/704 694/694
f 673/673 625/625 652/652
f 657/657 625/625 673/673
f 728/728 694/694 670/670
f 657/657 673/673 712/712
f 728/728 670/670 701/701
f 696/696 657/657 712/712
f 668/668 684/684 647/647
f 684/684 686/686 629/629
f 629/629 686/686 639/639
f 639/639 686/686 689/689
f 647/647 684/684 629/629
f 639/639 689/689 656/656
f 691/691 668/668 646/646
f 646/646 668/668 647/647
f 646/646 647/647 618/618
f 697/697 691/691 646/646
f 639/639 656/656 624/624
f 624/624 656/656 640/640
f 725/725 697/697 672/672
f 672/672 697/697 646/646
f 611/611 624/624 640/640
f 604/604 624/624 611/611
f 593/593 604/604 611/611
f 593/593 611/611 610/610
f 738/738 737/737 672/672
f 591/591 593/593 610/610
f 738/738 672/672 678/678
f 739/739 738/738 678/678
f 739/739 678/678 683/683
f 592/592 591/591 590/590
f 591/591 589/589 590/590
f 721/721 683/683 677/677
f 590/590 589/589 588/588
f 720/720 721/721 677/677
f 606/606 590/590 588/588
f 597/597 590/590 606/606
f 720/720 677/677 659/659
f 598/598 597/597 606/606
f 719/719 720/720 659/659
f 612/612 598/598 616/616
f 598/598 606/606 616/616
f 704/704 719/719 658/658
f 658/658 719/719 659/659
f 612/612 616/616 625/625
f 694/694 658/658 638/638
f 670/670 694/694 638/638
f 670/670 638/638 654/654
f 651/651 625/625 657/657
f 670/670 654/654 701/701
f 654/654 649/649 701/701
f 649/649 651/651 696/696
f 651/651 657/657 696/696
f 701/701 649/649 708/708
f 708/708 649/649 696/696
f 647/647 629/629 618/618
f 613/613 629/629 639/639
f 618/618 629/629 613/613
f 613/613 639/639 624/624
f 672/672 646/646 627/627
f 627/627 646/646 618/618
f 627/627 618/618 617/617
f 617/617 618/618 602/602
f 613/613 624/624 604/604
f 602/602 618/618 613/613
f 602/602 613/613 604/604
f 617/617 602/602 605/605
f 595/595 604/604 593/593
f 602/602 604/604 595/595
f 628/628 627/627 617/617
f 605/605 602/602 601/601
f 602/602 595/595 596/596
f 678/678 672/672 627/627
f 601/601 602/602 596/596
f 678/678 627/627 628/628
f 648/648 628/628 619/619
f 628/628 617/617 619/619
f 619/619 617/617 605/605
f 678/678 628/628 648/648
f 619/619 605/605 609/609
f 609/609 605/605 601/601
f 594/594 595/595 593/593
f 596/596 595/595 594/594
f 683/683 678/678 648/648
f 594/594 593/593 592/592
f 592/592 593/593 591/591
f 620/620 619/619 609/609
f 648/648 619/619 620/620
f 635/635 648/648 620/620
f 601/601 596/596 594/594
f 683/683 648/648 635/635
f 677/677 683/683 635/635
f 634/634 677/677 635/635
f 620/620 609/609 608/608
f 608/608 609/609 601/601
f 594/594 592/592 597/597
f 592/592 590/590 597/597
f 634/634 635/635 620/620
f 599/599 594/594 597/597
f 600/600 601/601 594/594
f 600/600 594/594 599/599
f 614/614 620/620 608/608
f 608/608 601/601 600/600
f 632/632 677/677 634/634
f 634/634 620/620 614/614
f 598/598 599/599 597/597
f 659/659 677/677 632/632
f 632/632 634/634 614/614
f 614/614 608/608 600/600
f 600/600 599/599 598/598
f 603/603 600/600 598/598
f 659/659 632/632 633/633
f 633/633 632/632 615/615
f 632/632 614/614 615/615
f 615/615 614/614 600/600
f 615/615 600/600 603/603
f 658/658 659/659 633/633
f 603/603 598/598 612/612
f 621/621 615/615 603/603
f 603/603 612/612 622/622
f 622/622 612/612 625/625
f 658/658 633/633 638/638
f 638/638 633/633 615/615
f 638/638 615/615 621/621
f 622/622 621/621 603/603
f 638/638 621/621 654/654
f 649/649 621/621 622/622
f 622/622 625/625 651/651
f 654/654 621/621 649/649
f 651/651 649/649 622/622
